2024-11-23T14:25:03.358-0800 [INFO] [org.gradle.internal.nativeintegration.services.NativeServices] Initialized native services in: /Users/bclement/.gradle/native
2024-11-23T14:25:03.422-0800 [INFO] [org.gradle.internal.nativeintegration.services.NativeServices] Initialized jansi services in: /Users/bclement/.gradle/native
2024-11-23T14:25:03.440-0800 [LIFECYCLE] [org.gradle.launcher.cli.DebugLoggerWarningAction] 
#############################################################################
   WARNING WARNING WARNING WARNING WARNING WARNING WARNING WARNING WARNING

   Debug level logging will leak security sensitive information!

   For more details, please refer to https://docs.gradle.org/8.7/userguide/logging.html#sec:debug_security in the Gradle documentation.
#############################################################################

2024-11-23T14:25:03.517-0800 [INFO] [org.gradle.internal.jvm.inspection.DefaultJvmMetadataDetector] Received JVM installation metadata from '/Users/bclement/.sdkman/candidates/java/21.0.2-tem': {JAVA_HOME=/Users/bclement/.sdkman/candidates/java/21.0.2-tem, JAVA_VERSION=21.0.2, JAVA_VENDOR=Eclipse Adoptium, RUNTIME_NAME=OpenJDK Runtime Environment, RUNTIME_VERSION=21.0.2+13-LTS, VM_NAME=OpenJDK 64-Bit Server VM, VM_VERSION=21.0.2+13-LTS, VM_VENDOR=Eclipse Adoptium, OS_ARCH=x86_64}
2024-11-23T14:25:03.634-0800 [DEBUG] [org.gradle.launcher.daemon.client.DaemonClient] Executing build 284ccc76-ebbd-4a12-80c3-d46f38a364c4 in daemon client {pid=81816}
2024-11-23T14:25:03.646-0800 [DEBUG] [org.gradle.internal.remote.internal.inet.InetAddresses] Adding IP addresses for network interface en6
2024-11-23T14:25:03.646-0800 [DEBUG] [org.gradle.internal.remote.internal.inet.InetAddresses] Is this a loopback interface? false
2024-11-23T14:25:03.646-0800 [DEBUG] [org.gradle.internal.remote.internal.inet.InetAddresses] Adding remote address /fe80:0:0:0:aede:48ff:fe00:1122%en6
2024-11-23T14:25:03.646-0800 [DEBUG] [org.gradle.internal.remote.internal.inet.InetAddresses] Adding IP addresses for network interface utun8
2024-11-23T14:25:03.646-0800 [DEBUG] [org.gradle.internal.remote.internal.inet.InetAddresses] Is this a loopback interface? false
2024-11-23T14:25:03.646-0800 [DEBUG] [org.gradle.internal.remote.internal.inet.InetAddresses] Adding remote address /fe80:0:0:0:1407:68e5:3371:75d9%utun8
2024-11-23T14:25:03.646-0800 [DEBUG] [org.gradle.internal.remote.internal.inet.InetAddresses] Adding IP addresses for network interface utun7
2024-11-23T14:25:03.646-0800 [DEBUG] [org.gradle.internal.remote.internal.inet.InetAddresses] Is this a loopback interface? false
2024-11-23T14:25:03.646-0800 [DEBUG] [org.gradle.internal.remote.internal.inet.InetAddresses] Adding remote address /fe80:0:0:0:adaf:bceb:6869:c469%utun7
2024-11-23T14:25:03.646-0800 [DEBUG] [org.gradle.internal.remote.internal.inet.InetAddresses] Adding IP addresses for network interface utun6
2024-11-23T14:25:03.646-0800 [DEBUG] [org.gradle.internal.remote.internal.inet.InetAddresses] Is this a loopback interface? false
2024-11-23T14:25:03.646-0800 [DEBUG] [org.gradle.internal.remote.internal.inet.InetAddresses] Adding remote address /fe80:0:0:0:eb55:46ae:896f:48c1%utun6
2024-11-23T14:25:03.646-0800 [DEBUG] [org.gradle.internal.remote.internal.inet.InetAddresses] Adding IP addresses for network interface utun5
2024-11-23T14:25:03.646-0800 [DEBUG] [org.gradle.internal.remote.internal.inet.InetAddresses] Is this a loopback interface? false
2024-11-23T14:25:03.647-0800 [DEBUG] [org.gradle.internal.remote.internal.inet.InetAddresses] Adding remote address /fe80:0:0:0:f2e2:f62:4752:636c%utun5
2024-11-23T14:25:03.647-0800 [DEBUG] [org.gradle.internal.remote.internal.inet.InetAddresses] Adding IP addresses for network interface utun3
2024-11-23T14:25:03.647-0800 [DEBUG] [org.gradle.internal.remote.internal.inet.InetAddresses] Is this a loopback interface? false
2024-11-23T14:25:03.647-0800 [DEBUG] [org.gradle.internal.remote.internal.inet.InetAddresses] Adding remote address /fe80:0:0:0:ce81:b1c:bd2c:69e%utun3
2024-11-23T14:25:03.647-0800 [DEBUG] [org.gradle.internal.remote.internal.inet.InetAddresses] Adding IP addresses for network interface utun2
2024-11-23T14:25:03.647-0800 [DEBUG] [org.gradle.internal.remote.internal.inet.InetAddresses] Is this a loopback interface? false
2024-11-23T14:25:03.647-0800 [DEBUG] [org.gradle.internal.remote.internal.inet.InetAddresses] Adding remote address /fe80:0:0:0:170:875b:22da:5bae%utun2
2024-11-23T14:25:03.647-0800 [DEBUG] [org.gradle.internal.remote.internal.inet.InetAddresses] Adding IP addresses for network interface utun1
2024-11-23T14:25:03.647-0800 [DEBUG] [org.gradle.internal.remote.internal.inet.InetAddresses] Is this a loopback interface? false
2024-11-23T14:25:03.647-0800 [DEBUG] [org.gradle.internal.remote.internal.inet.InetAddresses] Adding remote address /fe80:0:0:0:7b70:2b94:248b:73e9%utun1
2024-11-23T14:25:03.647-0800 [DEBUG] [org.gradle.internal.remote.internal.inet.InetAddresses] Adding IP addresses for network interface utun0
2024-11-23T14:25:03.647-0800 [DEBUG] [org.gradle.internal.remote.internal.inet.InetAddresses] Is this a loopback interface? false
2024-11-23T14:25:03.647-0800 [DEBUG] [org.gradle.internal.remote.internal.inet.InetAddresses] Adding remote address /fe80:0:0:0:4b0b:1bbb:83ed:7cf8%utun0
2024-11-23T14:25:03.647-0800 [DEBUG] [org.gradle.internal.remote.internal.inet.InetAddresses] Adding IP addresses for network interface llw0
2024-11-23T14:25:03.647-0800 [DEBUG] [org.gradle.internal.remote.internal.inet.InetAddresses] Is this a loopback interface? false
2024-11-23T14:25:03.647-0800 [DEBUG] [org.gradle.internal.remote.internal.inet.InetAddresses] Adding remote address /fe80:0:0:0:c8d3:4cff:fe42:4ac2%llw0
2024-11-23T14:25:03.647-0800 [DEBUG] [org.gradle.internal.remote.internal.inet.InetAddresses] Adding IP addresses for network interface awdl0
2024-11-23T14:25:03.647-0800 [DEBUG] [org.gradle.internal.remote.internal.inet.InetAddresses] Is this a loopback interface? false
2024-11-23T14:25:03.647-0800 [DEBUG] [org.gradle.internal.remote.internal.inet.InetAddresses] Adding remote address /fe80:0:0:0:c8d3:4cff:fe42:4ac2%awdl0
2024-11-23T14:25:03.647-0800 [DEBUG] [org.gradle.internal.remote.internal.inet.InetAddresses] Adding IP addresses for network interface ap1
2024-11-23T14:25:03.647-0800 [DEBUG] [org.gradle.internal.remote.internal.inet.InetAddresses] Is this a loopback interface? false
2024-11-23T14:25:03.647-0800 [DEBUG] [org.gradle.internal.remote.internal.inet.InetAddresses] Adding remote address /fe80:0:0:0:a866:5aff:fe4d:8f62%ap1
2024-11-23T14:25:03.647-0800 [DEBUG] [org.gradle.internal.remote.internal.inet.InetAddresses] Adding IP addresses for network interface bridge100
2024-11-23T14:25:03.648-0800 [DEBUG] [org.gradle.internal.remote.internal.inet.InetAddresses] Is this a loopback interface? false
2024-11-23T14:25:03.648-0800 [DEBUG] [org.gradle.internal.remote.internal.inet.InetAddresses] Adding remote address /fdd5:c8b8:6ef6:de7f:183a:ca15:4266:8e8f%bridge100
2024-11-23T14:25:03.648-0800 [DEBUG] [org.gradle.internal.remote.internal.inet.InetAddresses] Adding remote address /fe80:0:0:0:8866:5aff:fed4:9a64%bridge100
2024-11-23T14:25:03.648-0800 [DEBUG] [org.gradle.internal.remote.internal.inet.InetAddresses] Adding remote address /192.168.64.1
2024-11-23T14:25:03.648-0800 [DEBUG] [org.gradle.internal.remote.internal.inet.InetAddresses] Adding IP addresses for network interface en0
2024-11-23T14:25:03.648-0800 [DEBUG] [org.gradle.internal.remote.internal.inet.InetAddresses] Is this a loopback interface? false
2024-11-23T14:25:03.648-0800 [DEBUG] [org.gradle.internal.remote.internal.inet.InetAddresses] Adding remote address /fe80:0:0:0:102f:283b:a524:e9c6%en0
2024-11-23T14:25:03.648-0800 [DEBUG] [org.gradle.internal.remote.internal.inet.InetAddresses] Adding remote address /10.229.57.210
2024-11-23T14:25:03.648-0800 [DEBUG] [org.gradle.internal.remote.internal.inet.InetAddresses] Adding IP addresses for network interface lo0
2024-11-23T14:25:03.648-0800 [DEBUG] [org.gradle.internal.remote.internal.inet.InetAddresses] Is this a loopback interface? true
2024-11-23T14:25:03.648-0800 [DEBUG] [org.gradle.internal.remote.internal.inet.InetAddresses] Ignoring remote address on loopback interface /fe80:0:0:0:0:0:0:1%lo0
2024-11-23T14:25:03.648-0800 [DEBUG] [org.gradle.internal.remote.internal.inet.InetAddresses] Adding loopback address /0:0:0:0:0:0:0:1%lo0
2024-11-23T14:25:03.648-0800 [DEBUG] [org.gradle.internal.remote.internal.inet.InetAddresses] Adding loopback address /127.0.0.1
2024-11-23T14:25:03.669-0800 [DEBUG] [org.gradle.cache.internal.DefaultFileLockManager] Waiting to acquire shared lock on daemon addresses registry.
2024-11-23T14:25:03.671-0800 [DEBUG] [org.gradle.cache.internal.DefaultFileLockManager] Lock acquired on daemon addresses registry.
2024-11-23T14:25:03.674-0800 [DEBUG] [org.gradle.cache.internal.DefaultFileLockManager] Releasing lock on daemon addresses registry.
2024-11-23T14:25:03.677-0800 [DEBUG] [org.gradle.internal.remote.internal.inet.TcpOutgoingConnector] Attempting to connect to [b4dd20f6-a459-437c-90a1-1cb2318eef3b port:60350, addresses:[/127.0.0.1]].
2024-11-23T14:25:03.677-0800 [DEBUG] [org.gradle.internal.remote.internal.inet.TcpOutgoingConnector] Trying to connect to address /127.0.0.1.
2024-11-23T14:25:03.681-0800 [DEBUG] [org.gradle.internal.remote.internal.inet.TcpOutgoingConnector] Connected to address /127.0.0.1:60350.
2024-11-23T14:25:03.695-0800 [DEBUG] [org.gradle.launcher.daemon.client.DaemonClient] Connected to daemon DaemonInfo{pid=72254, address=[b4dd20f6-a459-437c-90a1-1cb2318eef3b port:60350, addresses:[/127.0.0.1]], state=Idle, lastBusy=1732399969278, context=DefaultDaemonContext[uid=af7568cc-2e0e-4d32-8c89-9e645ce02d66,javaHome=/Users/bclement/.sdkman/candidates/java/21.0.2-tem,daemonRegistryDir=/Users/bclement/.gradle/daemon,pid=72254,idleTimeout=10800000,priority=NORMAL,applyInstrumentationAgent=true,daemonOpts=--add-exports,jdk.compiler/com.sun.tools.javac.api=ALL-UNNAMED,--add-exports,jdk.compiler/com.sun.tools.javac.file=ALL-UNNAMED,--add-exports,jdk.compiler/com.sun.tools.javac.parser=ALL-UNNAMED,--add-exports,jdk.compiler/com.sun.tools.javac.tree=ALL-UNNAMED,--add-exports,jdk.compiler/com.sun.tools.javac.util=ALL-UNNAMED,--add-opens=java.base/java.util=ALL-UNNAMED,--add-opens=java.base/java.lang=ALL-UNNAMED,--add-opens=java.base/java.lang.invoke=ALL-UNNAMED,--add-opens=java.prefs/java.util.prefs=ALL-UNNAMED,--add-opens=java.base/java.nio.charset=ALL-UNNAMED,--add-opens=java.base/java.net=ALL-UNNAMED,--add-opens=java.base/java.util.concurrent.atomic=ALL-UNNAMED,-Xmx20g,-Dfile.encoding=UTF-8,-Duser.country=US,-Duser.language=en,-Duser.variant]}. Dispatching request Build{id=284ccc76-ebbd-4a12-80c3-d46f38a364c4, currentDir=/Users/bclement/git/aerie-multimission-models-bb}.
2024-11-23T14:25:03.695-0800 [DEBUG] [org.gradle.launcher.daemon.client.DaemonClientConnection] thread 1: dispatching class org.gradle.launcher.daemon.protocol.Build
2024-11-23T14:25:03.709-0800 [DEBUG] [org.gradle.launcher.daemon.client.DaemonClient] Received result org.gradle.launcher.daemon.protocol.BuildStarted@4763c727 from daemon DaemonInfo{pid=72254, address=[b4dd20f6-a459-437c-90a1-1cb2318eef3b port:60350, addresses:[/127.0.0.1]], state=Idle, lastBusy=1732399969278, context=DefaultDaemonContext[uid=af7568cc-2e0e-4d32-8c89-9e645ce02d66,javaHome=/Users/bclement/.sdkman/candidates/java/21.0.2-tem,daemonRegistryDir=/Users/bclement/.gradle/daemon,pid=72254,idleTimeout=10800000,priority=NORMAL,applyInstrumentationAgent=true,daemonOpts=--add-exports,jdk.compiler/com.sun.tools.javac.api=ALL-UNNAMED,--add-exports,jdk.compiler/com.sun.tools.javac.file=ALL-UNNAMED,--add-exports,jdk.compiler/com.sun.tools.javac.parser=ALL-UNNAMED,--add-exports,jdk.compiler/com.sun.tools.javac.tree=ALL-UNNAMED,--add-exports,jdk.compiler/com.sun.tools.javac.util=ALL-UNNAMED,--add-opens=java.base/java.util=ALL-UNNAMED,--add-opens=java.base/java.lang=ALL-UNNAMED,--add-opens=java.base/java.lang.invoke=ALL-UNNAMED,--add-opens=java.prefs/java.util.prefs=ALL-UNNAMED,--add-opens=java.base/java.nio.charset=ALL-UNNAMED,--add-opens=java.base/java.net=ALL-UNNAMED,--add-opens=java.base/java.util.concurrent.atomic=ALL-UNNAMED,-Xmx20g,-Dfile.encoding=UTF-8,-Duser.country=US,-Duser.language=en,-Duser.variant]} (build should be starting).
2024-11-23T14:25:03.709-0800 [INFO] [org.gradle.launcher.daemon.server.exec.LogToClient] The client will now receive all logging from the daemon (pid: 72254). The daemon log file: /Users/bclement/.gradle/daemon/8.7/daemon-72254.out.log
2024-11-23T14:25:03.711-0800 [INFO] [org.gradle.launcher.daemon.server.exec.LogAndCheckHealth] Starting 2nd build in daemon [uptime: 12 mins 14.695 secs, performance: 100%, GC rate: 0.00/s, heap usage: 0% of 20 GiB]
2024-11-23T14:25:03.712-0800 [DEBUG] [org.gradle.launcher.daemon.server.exec.ExecuteBuild] The daemon has started executing the build.
2024-11-23T14:25:03.712-0800 [DEBUG] [org.gradle.launcher.daemon.server.exec.ExecuteBuild] Executing build with daemon context: DefaultDaemonContext[uid=af7568cc-2e0e-4d32-8c89-9e645ce02d66,javaHome=/Users/bclement/.sdkman/candidates/java/21.0.2-tem,daemonRegistryDir=/Users/bclement/.gradle/daemon,pid=72254,idleTimeout=10800000,priority=NORMAL,applyInstrumentationAgent=true,daemonOpts=--add-exports,jdk.compiler/com.sun.tools.javac.api=ALL-UNNAMED,--add-exports,jdk.compiler/com.sun.tools.javac.file=ALL-UNNAMED,--add-exports,jdk.compiler/com.sun.tools.javac.parser=ALL-UNNAMED,--add-exports,jdk.compiler/com.sun.tools.javac.tree=ALL-UNNAMED,--add-exports,jdk.compiler/com.sun.tools.javac.util=ALL-UNNAMED,--add-opens=java.base/java.util=ALL-UNNAMED,--add-opens=java.base/java.lang=ALL-UNNAMED,--add-opens=java.base/java.lang.invoke=ALL-UNNAMED,--add-opens=java.prefs/java.util.prefs=ALL-UNNAMED,--add-opens=java.base/java.nio.charset=ALL-UNNAMED,--add-opens=java.base/java.net=ALL-UNNAMED,--add-opens=java.base/java.util.concurrent.atomic=ALL-UNNAMED,-Xmx20g,-Dfile.encoding=UTF-8,-Duser.country=US,-Duser.language=en,-Duser.variant]
2024-11-23T14:25:03.713-0800 [INFO] [org.gradle.internal.work.DefaultWorkerLeaseService] Using 16 worker leases.
2024-11-23T14:25:03.714-0800 [DEBUG] [org.gradle.internal.resources.AbstractTrackedResourceLock] Daemon worker Thread 2: acquired lock on worker lease
2024-11-23T14:25:03.714-0800 [DEBUG] [org.gradle.internal.operations.DefaultBuildOperationRunner] Build operation 'Run build' started
2024-11-23T14:25:03.718-0800 [DEBUG] [org.gradle.cache.internal.DefaultCacheCoordinator] Creating new cache for fileHashes, path /Users/bclement/git/aerie-multimission-models-bb/.gradle/8.7/fileHashes/fileHashes.bin, access org.gradle.cache.internal.DefaultCacheCoordinator@587e35b
2024-11-23T14:25:03.718-0800 [DEBUG] [org.gradle.cache.internal.LockOnDemandCrossProcessCacheAccess] Acquiring file lock for file hash cache (/Users/bclement/git/aerie-multimission-models-bb/.gradle/8.7/fileHashes)
2024-11-23T14:25:03.718-0800 [DEBUG] [org.gradle.cache.internal.DefaultFileLockManager] Waiting to acquire exclusive lock on file hash cache (/Users/bclement/git/aerie-multimission-models-bb/.gradle/8.7/fileHashes).
2024-11-23T14:25:03.719-0800 [DEBUG] [org.gradle.cache.internal.DefaultFileLockManager] Lock acquired on file hash cache (/Users/bclement/git/aerie-multimission-models-bb/.gradle/8.7/fileHashes).
2024-11-23T14:25:03.719-0800 [DEBUG] [org.gradle.cache.internal.DefaultCacheCoordinator] Creating new cache for resourceHashesCache, path /Users/bclement/git/aerie-multimission-models-bb/.gradle/8.7/fileHashes/resourceHashesCache.bin, access org.gradle.cache.internal.DefaultCacheCoordinator@587e35b
2024-11-23T14:25:03.721-0800 [INFO] [org.gradle.internal.watch.registry.impl.WatchableHierarchies] Now considering [/Users/bclement/git/aerie-multimission-models-bb] as hierarchies to watch
2024-11-23T14:25:03.722-0800 [INFO] [org.gradle.tooling.internal.provider.FileSystemWatchingBuildActionRunner] Watching the file system is configured to be enabled if available
2024-11-23T14:25:03.722-0800 [DEBUG] [org.gradle.tooling.internal.provider.FileSystemWatchingBuildActionRunner] Watching the file system computed to be enabled if available
2024-11-23T14:25:03.723-0800 [DEBUG] [org.gradle.internal.operations.DefaultBuildOperationRunner] Build operation 'Build started for file system watching' started
2024-11-23T14:25:03.723-0800 [DEBUG] [org.gradle.internal.watch.vfs.impl.DefaultWatchableFileSystemDetector] Detected apfs: / from /dev/disk1s5s1 (remote: false)
2024-11-23T14:25:03.723-0800 [DEBUG] [org.gradle.internal.watch.vfs.impl.DefaultWatchableFileSystemDetector] Detected devfs: /dev from devfs (remote: false)
2024-11-23T14:25:03.723-0800 [DEBUG] [org.gradle.internal.watch.vfs.impl.DefaultWatchableFileSystemDetector] Detected apfs: /System/Volumes/Preboot from /dev/disk1s2 (remote: false)
2024-11-23T14:25:03.723-0800 [DEBUG] [org.gradle.internal.watch.vfs.impl.DefaultWatchableFileSystemDetector] Detected apfs: /System/Volumes/VM from /dev/disk1s4 (remote: false)
2024-11-23T14:25:03.723-0800 [DEBUG] [org.gradle.internal.watch.vfs.impl.DefaultWatchableFileSystemDetector] Detected apfs: /System/Volumes/Update from /dev/disk1s6 (remote: false)
2024-11-23T14:25:03.723-0800 [DEBUG] [org.gradle.internal.watch.vfs.impl.DefaultWatchableFileSystemDetector] Detected apfs: /System/Volumes/Data from /dev/disk1s1 (remote: false)
2024-11-23T14:25:03.723-0800 [DEBUG] [org.gradle.internal.watch.vfs.impl.DefaultWatchableFileSystemDetector] Detected autofs: /System/Volumes/Data/home from map auto_home (remote: true)
2024-11-23T14:25:03.723-0800 [DEBUG] [org.gradle.internal.watch.vfs.impl.DefaultWatchableFileSystemDetector] Detected autofs: /System/Volumes/Data/Network/Servers from map -fstab (remote: true)
2024-11-23T14:25:03.724-0800 [DEBUG] [org.gradle.internal.operations.DefaultBuildOperationRunner] Completing Build operation 'Build started for file system watching'
2024-11-23T14:25:03.724-0800 [DEBUG] [org.gradle.internal.operations.DefaultBuildOperationRunner] Build operation 'Build started for file system watching' completed
2024-11-23T14:25:03.724-0800 [INFO] [org.gradle.tooling.internal.provider.FileSystemWatchingBuildActionRunner] File system watching is active
2024-11-23T14:25:03.724-0800 [DEBUG] [org.gradle.internal.operations.DefaultBuildOperationRunner] Build operation 'Load build' started
2024-11-23T14:25:03.725-0800 [DEBUG] [org.gradle.initialization.properties.DefaultProjectPropertiesLoader] Found env project properties: []
2024-11-23T14:25:03.725-0800 [DEBUG] [org.gradle.initialization.properties.DefaultProjectPropertiesLoader] Found system project properties: []
2024-11-23T14:25:03.725-0800 [DEBUG] [org.gradle.internal.operations.DefaultBuildOperationRunner] Build operation 'Evaluate settings' started
2024-11-23T14:25:03.726-0800 [DEBUG] [org.gradle.cache.internal.DefaultCacheCoordinator] Creating new cache for workingDirs, path /Users/bclement/git/aerie-multimission-models-bb/.gradle/8.7/vcsMetadata/workingDirs.bin, access org.gradle.cache.internal.DefaultCacheCoordinator@e82157b
2024-11-23T14:25:03.727-0800 [DEBUG] [org.gradle.cache.internal.DefaultCacheCoordinator] Creating new cache for md5-checksums, path /Users/bclement/git/aerie-multimission-models-bb/.gradle/8.7/checksums/md5-checksums.bin, access org.gradle.cache.internal.DefaultCacheCoordinator@7ca7394a
2024-11-23T14:25:03.728-0800 [DEBUG] [org.gradle.cache.internal.LockOnDemandCrossProcessCacheAccess] Acquiring file lock for checksums cache (/Users/bclement/git/aerie-multimission-models-bb/.gradle/8.7/checksums)
2024-11-23T14:25:03.728-0800 [DEBUG] [org.gradle.cache.internal.DefaultFileLockManager] Waiting to acquire exclusive lock on checksums cache (/Users/bclement/git/aerie-multimission-models-bb/.gradle/8.7/checksums).
2024-11-23T14:25:03.729-0800 [DEBUG] [org.gradle.cache.internal.DefaultFileLockManager] Lock acquired on checksums cache (/Users/bclement/git/aerie-multimission-models-bb/.gradle/8.7/checksums).
2024-11-23T14:25:03.729-0800 [DEBUG] [org.gradle.cache.internal.DefaultCacheCoordinator] Creating new cache for sha1-checksums, path /Users/bclement/git/aerie-multimission-models-bb/.gradle/8.7/checksums/sha1-checksums.bin, access org.gradle.cache.internal.DefaultCacheCoordinator@7ca7394a
2024-11-23T14:25:03.729-0800 [DEBUG] [org.gradle.cache.internal.DefaultCacheCoordinator] Creating new cache for sha256-checksums, path /Users/bclement/git/aerie-multimission-models-bb/.gradle/8.7/checksums/sha256-checksums.bin, access org.gradle.cache.internal.DefaultCacheCoordinator@7ca7394a
2024-11-23T14:25:03.729-0800 [DEBUG] [org.gradle.cache.internal.DefaultCacheCoordinator] Creating new cache for sha512-checksums, path /Users/bclement/git/aerie-multimission-models-bb/.gradle/8.7/checksums/sha512-checksums.bin, access org.gradle.cache.internal.DefaultCacheCoordinator@7ca7394a
2024-11-23T14:25:03.730-0800 [DEBUG] [org.gradle.cache.internal.DefaultCacheCoordinator] Creating new cache for md-supplier, path /Users/bclement/.gradle/caches/8.7/md-supplier/md-supplier.bin, access org.gradle.cache.internal.DefaultCacheCoordinator@4643a7e1
2024-11-23T14:25:03.730-0800 [DEBUG] [org.gradle.cache.internal.LockOnDemandCrossProcessCacheAccess] Acquiring file lock for cache directory md-supplier (/Users/bclement/.gradle/caches/8.7/md-supplier)
2024-11-23T14:25:03.730-0800 [DEBUG] [org.gradle.cache.internal.DefaultFileLockManager] Waiting to acquire exclusive lock on cache directory md-supplier (/Users/bclement/.gradle/caches/8.7/md-supplier).
2024-11-23T14:25:03.730-0800 [DEBUG] [org.gradle.cache.internal.DefaultFileLockManager] Lock acquired on cache directory md-supplier (/Users/bclement/.gradle/caches/8.7/md-supplier).
2024-11-23T14:25:03.731-0800 [DEBUG] [org.gradle.cache.internal.DefaultCacheCoordinator] Creating new cache for md-rule, path /Users/bclement/.gradle/caches/8.7/md-rule/md-rule.bin, access org.gradle.cache.internal.DefaultCacheCoordinator@2c1409a1
2024-11-23T14:25:03.731-0800 [DEBUG] [org.gradle.cache.internal.LockOnDemandCrossProcessCacheAccess] Acquiring file lock for cache directory md-rule (/Users/bclement/.gradle/caches/8.7/md-rule)
2024-11-23T14:25:03.731-0800 [DEBUG] [org.gradle.cache.internal.DefaultFileLockManager] Waiting to acquire exclusive lock on cache directory md-rule (/Users/bclement/.gradle/caches/8.7/md-rule).
2024-11-23T14:25:03.732-0800 [DEBUG] [org.gradle.cache.internal.DefaultFileLockManager] Lock acquired on cache directory md-rule (/Users/bclement/.gradle/caches/8.7/md-rule).
2024-11-23T14:25:03.733-0800 [DEBUG] [org.gradle.api.internal.artifacts.mvnsettings.DefaultLocalMavenRepositoryLocator] No local repository in Settings file defined. Using default path: /Users/bclement/.m2/repository
2024-11-23T14:25:03.734-0800 [DEBUG] [org.gradle.internal.locking.LockFileReaderWriter] Lockfiles root: /Users/bclement/git/aerie-multimission-models-bb/gradle/dependency-locks
2024-11-23T14:25:03.735-0800 [INFO] [org.gradle.internal.buildevents.BuildLogger] Starting Build
2024-11-23T14:25:03.735-0800 [DEBUG] [org.gradle.internal.buildevents.BuildLogger] Gradle user home: /Users/bclement/.gradle
2024-11-23T14:25:03.735-0800 [DEBUG] [org.gradle.internal.buildevents.BuildLogger] Current dir: /Users/bclement/git/aerie-multimission-models-bb
2024-11-23T14:25:03.735-0800 [DEBUG] [org.gradle.internal.buildevents.BuildLogger] Settings file: null
2024-11-23T14:25:03.735-0800 [DEBUG] [org.gradle.internal.buildevents.BuildLogger] Build file: null
2024-11-23T14:25:03.737-0800 [DEBUG] [org.gradle.internal.operations.DefaultBuildOperationRunner] Build operation 'Apply settings file 'settings.gradle' to settings 'aerie-multimission-models-bb'' started
2024-11-23T14:25:03.738-0800 [DEBUG] [org.gradle.internal.operations.DefaultBuildOperationRunner] Completing Build operation 'Apply settings file 'settings.gradle' to settings 'aerie-multimission-models-bb''
2024-11-23T14:25:03.738-0800 [DEBUG] [org.gradle.internal.operations.DefaultBuildOperationRunner] Build operation 'Apply settings file 'settings.gradle' to settings 'aerie-multimission-models-bb'' completed
2024-11-23T14:25:03.738-0800 [DEBUG] [org.gradle.initialization.ScriptEvaluatingSettingsProcessor] Timing: Processing settings took: 0.012 secs
2024-11-23T14:25:03.738-0800 [INFO] [org.gradle.internal.buildevents.BuildLogger] Settings evaluated using settings file '/Users/bclement/git/aerie-multimission-models-bb/settings.gradle'.
2024-11-23T14:25:03.739-0800 [DEBUG] [org.gradle.caching.configuration.internal.DefaultBuildCacheConfiguration] Found class org.gradle.caching.local.internal.DirectoryBuildCacheServiceFactory registered for class org.gradle.caching.local.DirectoryBuildCache
2024-11-23T14:25:03.739-0800 [DEBUG] [org.gradle.internal.operations.DefaultBuildOperationRunner] Build operation 'Finalize build cache configuration' started
2024-11-23T14:25:03.739-0800 [DEBUG] [org.gradle.internal.operations.DefaultBuildOperationRunner] Completing Build operation 'Finalize build cache configuration'
2024-11-23T14:25:03.739-0800 [DEBUG] [org.gradle.internal.operations.DefaultBuildOperationRunner] Build operation 'Finalize build cache configuration' completed
2024-11-23T14:25:03.739-0800 [DEBUG] [org.gradle.internal.operations.DefaultBuildOperationRunner] Completing Build operation 'Evaluate settings'
2024-11-23T14:25:03.739-0800 [DEBUG] [org.gradle.internal.operations.DefaultBuildOperationRunner] Build operation 'Evaluate settings' completed
2024-11-23T14:25:03.740-0800 [DEBUG] [org.gradle.internal.operations.DefaultBuildOperationRunner] Completing Build operation 'Load build'
2024-11-23T14:25:03.740-0800 [DEBUG] [org.gradle.internal.operations.DefaultBuildOperationRunner] Build operation 'Load build' completed
2024-11-23T14:25:03.740-0800 [DEBUG] [org.gradle.internal.operations.DefaultBuildOperationRunner] Build operation 'Configure build' started
2024-11-23T14:25:03.740-0800 [DEBUG] [org.gradle.internal.operations.DefaultBuildOperationRunner] Build operation 'Load projects' started
2024-11-23T14:25:03.742-0800 [DEBUG] [org.gradle.initialization.ProjectPropertySettingBuildLoader] Looking for project properties from: /Users/bclement/git/aerie-multimission-models-bb/gradle.properties
2024-11-23T14:25:03.742-0800 [DEBUG] [org.gradle.initialization.ProjectPropertySettingBuildLoader] project property file does not exists. We continue!
2024-11-23T14:25:03.742-0800 [DEBUG] [org.gradle.initialization.ProjectPropertySettingBuildLoader] Looking for project properties from: /Users/bclement/git/aerie-multimission-models-bb/src/gradle.properties
2024-11-23T14:25:03.743-0800 [DEBUG] [org.gradle.initialization.ProjectPropertySettingBuildLoader] project property file does not exists. We continue!
2024-11-23T14:25:03.743-0800 [DEBUG] [org.gradle.internal.operations.DefaultBuildOperationRunner] Completing Build operation 'Load projects'
2024-11-23T14:25:03.743-0800 [DEBUG] [org.gradle.internal.operations.DefaultBuildOperationRunner] Build operation 'Load projects' completed
2024-11-23T14:25:03.743-0800 [DEBUG] [org.gradle.internal.operations.DefaultBuildOperationRunner] Build operation 'Notify projectsLoaded listeners' started
2024-11-23T14:25:03.743-0800 [INFO] [org.gradle.internal.buildevents.BuildLogger] Projects loaded. Root project using build file '/Users/bclement/git/aerie-multimission-models-bb/build.gradle'.
2024-11-23T14:25:03.743-0800 [INFO] [org.gradle.internal.buildevents.BuildLogger] Included projects: [root project 'missionmodel', project ':src']
2024-11-23T14:25:03.743-0800 [DEBUG] [org.gradle.internal.operations.DefaultBuildOperationRunner] Completing Build operation 'Notify projectsLoaded listeners'
2024-11-23T14:25:03.744-0800 [DEBUG] [org.gradle.internal.operations.DefaultBuildOperationRunner] Build operation 'Notify projectsLoaded listeners' completed
2024-11-23T14:25:03.744-0800 [DEBUG] [org.gradle.internal.operations.DefaultBuildOperationRunner] Build operation 'Configure project :' started
2024-11-23T14:25:03.744-0800 [DEBUG] [org.gradle.internal.operations.DefaultBuildOperationRunner] Build operation 'Notify beforeEvaluate listeners of :' started
2024-11-23T14:25:03.744-0800 [DEBUG] [org.gradle.internal.operations.DefaultBuildOperationRunner] Completing Build operation 'Notify beforeEvaluate listeners of :'
2024-11-23T14:25:03.745-0800 [DEBUG] [org.gradle.internal.operations.DefaultBuildOperationRunner] Build operation 'Apply plugin org.gradle.help-tasks to root project 'missionmodel'' started
2024-11-23T14:25:03.746-0800 [DEBUG] [org.gradle.internal.operations.DefaultBuildOperationRunner] Build operation 'Register task :help' started
2024-11-23T14:25:03.746-0800 [DEBUG] [org.gradle.internal.operations.DefaultBuildOperationRunner] Completing Build operation 'Register task :help'
2024-11-23T14:25:03.746-0800 [DEBUG] [org.gradle.internal.operations.DefaultBuildOperationRunner] Build operation 'Register task :projects' started
2024-11-23T14:25:03.746-0800 [DEBUG] [org.gradle.internal.operations.DefaultBuildOperationRunner] Completing Build operation 'Register task :projects'
2024-11-23T14:25:03.747-0800 [DEBUG] [org.gradle.internal.operations.DefaultBuildOperationRunner] Build operation 'Register task :tasks' started
2024-11-23T14:25:03.747-0800 [DEBUG] [org.gradle.internal.operations.DefaultBuildOperationRunner] Completing Build operation 'Register task :tasks'
2024-11-23T14:25:03.747-0800 [DEBUG] [org.gradle.internal.operations.DefaultBuildOperationRunner] Build operation 'Register task :properties' started
2024-11-23T14:25:03.747-0800 [DEBUG] [org.gradle.internal.operations.DefaultBuildOperationRunner] Completing Build operation 'Register task :properties'
2024-11-23T14:25:03.747-0800 [DEBUG] [org.gradle.internal.operations.DefaultBuildOperationRunner] Build operation 'Register task :dependencyInsight' started
2024-11-23T14:25:03.748-0800 [DEBUG] [org.gradle.internal.operations.DefaultBuildOperationRunner] Completing Build operation 'Register task :dependencyInsight'
2024-11-23T14:25:03.748-0800 [DEBUG] [org.gradle.internal.operations.DefaultBuildOperationRunner] Build operation 'Register task :dependencies' started
2024-11-23T14:25:03.748-0800 [DEBUG] [org.gradle.internal.operations.DefaultBuildOperationRunner] Completing Build operation 'Register task :dependencies'
2024-11-23T14:25:03.748-0800 [DEBUG] [org.gradle.internal.operations.DefaultBuildOperationRunner] Build operation 'Register task :buildEnvironment' started
2024-11-23T14:25:03.748-0800 [DEBUG] [org.gradle.internal.operations.DefaultBuildOperationRunner] Completing Build operation 'Register task :buildEnvironment'
2024-11-23T14:25:03.749-0800 [DEBUG] [org.gradle.internal.operations.DefaultBuildOperationRunner] Build operation 'Register task :components' started
2024-11-23T14:25:03.749-0800 [DEBUG] [org.gradle.internal.operations.DefaultBuildOperationRunner] Completing Build operation 'Register task :components'
2024-11-23T14:25:03.749-0800 [DEBUG] [org.gradle.internal.operations.DefaultBuildOperationRunner] Build operation 'Register task :model' started
2024-11-23T14:25:03.749-0800 [DEBUG] [org.gradle.internal.operations.DefaultBuildOperationRunner] Completing Build operation 'Register task :model'
2024-11-23T14:25:03.750-0800 [DEBUG] [org.gradle.internal.operations.DefaultBuildOperationRunner] Build operation 'Register task :dependentComponents' started
2024-11-23T14:25:03.750-0800 [DEBUG] [org.gradle.internal.operations.DefaultBuildOperationRunner] Completing Build operation 'Register task :dependentComponents'
2024-11-23T14:25:03.750-0800 [DEBUG] [org.gradle.internal.operations.DefaultBuildOperationRunner] Build operation 'Register task :outgoingVariants' started
2024-11-23T14:25:03.750-0800 [DEBUG] [org.gradle.internal.operations.DefaultBuildOperationRunner] Completing Build operation 'Register task :outgoingVariants'
2024-11-23T14:25:03.750-0800 [DEBUG] [org.gradle.internal.operations.DefaultBuildOperationRunner] Build operation 'Register task :resolvableConfigurations' started
2024-11-23T14:25:03.750-0800 [DEBUG] [org.gradle.internal.operations.DefaultBuildOperationRunner] Completing Build operation 'Register task :resolvableConfigurations'
2024-11-23T14:25:03.751-0800 [DEBUG] [org.gradle.internal.operations.DefaultBuildOperationRunner] Completing Build operation 'Apply plugin org.gradle.help-tasks to root project 'missionmodel''
2024-11-23T14:25:03.751-0800 [DEBUG] [org.gradle.internal.operations.DefaultBuildOperationRunner] Build operation 'Register task :javaToolchains' started
2024-11-23T14:25:03.751-0800 [DEBUG] [org.gradle.internal.operations.DefaultBuildOperationRunner] Completing Build operation 'Register task :javaToolchains'
2024-11-23T14:25:03.752-0800 [DEBUG] [org.gradle.internal.operations.DefaultBuildOperationRunner] Build operation 'Register task :prepareKotlinBuildScriptModel' started
2024-11-23T14:25:03.752-0800 [DEBUG] [org.gradle.internal.operations.DefaultBuildOperationRunner] Completing Build operation 'Register task :prepareKotlinBuildScriptModel'
2024-11-23T14:25:03.753-0800 [DEBUG] [org.gradle.internal.operations.DefaultBuildOperationRunner] Build operation 'Apply plugin org.gradle.build-init to root project 'missionmodel'' started
2024-11-23T14:25:03.753-0800 [DEBUG] [org.gradle.internal.operations.DefaultBuildOperationRunner] Build operation 'Register task :init' started
2024-11-23T14:25:03.753-0800 [DEBUG] [org.gradle.internal.operations.DefaultBuildOperationRunner] Completing Build operation 'Register task :init'
2024-11-23T14:25:03.754-0800 [DEBUG] [org.gradle.internal.operations.DefaultBuildOperationRunner] Completing Build operation 'Apply plugin org.gradle.build-init to root project 'missionmodel''
2024-11-23T14:25:03.754-0800 [DEBUG] [org.gradle.internal.operations.DefaultBuildOperationRunner] Build operation 'Apply plugin org.gradle.wrapper to root project 'missionmodel'' started
2024-11-23T14:25:03.755-0800 [DEBUG] [org.gradle.internal.operations.DefaultBuildOperationRunner] Build operation 'Register task :wrapper' started
2024-11-23T14:25:03.755-0800 [DEBUG] [org.gradle.internal.operations.DefaultBuildOperationRunner] Completing Build operation 'Register task :wrapper'
2024-11-23T14:25:03.756-0800 [DEBUG] [org.gradle.internal.operations.DefaultBuildOperationRunner] Completing Build operation 'Apply plugin org.gradle.wrapper to root project 'missionmodel''
2024-11-23T14:25:03.759-0800 [DEBUG] [org.gradle.internal.operations.DefaultBuildOperationRunner] Build operation 'Apply build file 'build.gradle' to root project 'missionmodel'' started
2024-11-23T14:25:03.762-0800 [DEBUG] [org.gradle.internal.operations.DefaultBuildOperationRunner] Build operation 'Apply plugin org.gradle.java-library to root project 'missionmodel'' started
2024-11-23T14:25:03.762-0800 [DEBUG] [org.gradle.internal.operations.DefaultBuildOperationRunner] Build operation 'Apply plugin org.gradle.api.plugins.JavaPlugin to root project 'missionmodel'' started
2024-11-23T14:25:03.763-0800 [DEBUG] [org.gradle.internal.operations.DefaultBuildOperationRunner] Build operation 'Apply plugin org.gradle.api.plugins.JavaBasePlugin to root project 'missionmodel'' started
2024-11-23T14:25:03.763-0800 [DEBUG] [org.gradle.internal.operations.DefaultBuildOperationRunner] Build operation 'Apply plugin org.gradle.api.plugins.BasePlugin to root project 'missionmodel'' started
2024-11-23T14:25:03.763-0800 [DEBUG] [org.gradle.internal.operations.DefaultBuildOperationRunner] Build operation 'Apply plugin org.gradle.language.base.plugins.LifecycleBasePlugin to root project 'missionmodel'' started
2024-11-23T14:25:03.764-0800 [DEBUG] [org.gradle.internal.operations.DefaultBuildOperationRunner] Build operation 'Register task :clean' started
2024-11-23T14:25:03.764-0800 [DEBUG] [org.gradle.internal.operations.DefaultBuildOperationRunner] Completing Build operation 'Register task :clean'
2024-11-23T14:25:03.765-0800 [DEBUG] [org.gradle.internal.operations.DefaultBuildOperationRunner] Build operation 'Register task :assemble' started
2024-11-23T14:25:03.765-0800 [DEBUG] [org.gradle.internal.operations.DefaultBuildOperationRunner] Completing Build operation 'Register task :assemble'
2024-11-23T14:25:03.765-0800 [DEBUG] [org.gradle.internal.operations.DefaultBuildOperationRunner] Build operation 'Register task :check' started
2024-11-23T14:25:03.765-0800 [DEBUG] [org.gradle.internal.operations.DefaultBuildOperationRunner] Completing Build operation 'Register task :check'
2024-11-23T14:25:03.765-0800 [DEBUG] [org.gradle.internal.operations.DefaultBuildOperationRunner] Build operation 'Register task :build' started
2024-11-23T14:25:03.766-0800 [DEBUG] [org.gradle.internal.operations.DefaultBuildOperationRunner] Completing Build operation 'Register task :build'
2024-11-23T14:25:03.766-0800 [DEBUG] [org.gradle.internal.operations.DefaultBuildOperationRunner] Completing Build operation 'Apply plugin org.gradle.language.base.plugins.LifecycleBasePlugin to root project 'missionmodel''
2024-11-23T14:25:03.771-0800 [DEBUG] [org.gradle.internal.operations.DefaultBuildOperationRunner] Build operation 'Execute container callback action' started
2024-11-23T14:25:03.771-0800 [DEBUG] [org.gradle.internal.operations.DefaultBuildOperationRunner] Completing Build operation 'Execute container callback action'
2024-11-23T14:25:03.771-0800 [DEBUG] [org.gradle.internal.operations.DefaultBuildOperationRunner] Build operation 'Execute container callback action' started
2024-11-23T14:25:03.771-0800 [DEBUG] [org.gradle.internal.operations.DefaultBuildOperationRunner] Completing Build operation 'Execute container callback action'
2024-11-23T14:25:03.772-0800 [DEBUG] [org.gradle.internal.operations.DefaultBuildOperationRunner] Completing Build operation 'Apply plugin org.gradle.api.plugins.BasePlugin to root project 'missionmodel''
2024-11-23T14:25:03.772-0800 [DEBUG] [org.gradle.internal.operations.DefaultBuildOperationRunner] Build operation 'Apply plugin org.gradle.api.plugins.JvmEcosystemPlugin to root project 'missionmodel'' started
2024-11-23T14:25:03.773-0800 [DEBUG] [org.gradle.internal.operations.DefaultBuildOperationRunner] Completing Build operation 'Apply plugin org.gradle.api.plugins.JvmEcosystemPlugin to root project 'missionmodel''
2024-11-23T14:25:03.773-0800 [DEBUG] [org.gradle.internal.operations.DefaultBuildOperationRunner] Build operation 'Apply plugin org.gradle.api.plugins.ReportingBasePlugin to root project 'missionmodel'' started
2024-11-23T14:25:03.773-0800 [DEBUG] [org.gradle.internal.operations.DefaultBuildOperationRunner] Completing Build operation 'Apply plugin org.gradle.api.plugins.ReportingBasePlugin to root project 'missionmodel''
2024-11-23T14:25:03.773-0800 [DEBUG] [org.gradle.internal.operations.DefaultBuildOperationRunner] Build operation 'Apply plugin org.gradle.api.plugins.JvmToolchainsPlugin to root project 'missionmodel'' started
2024-11-23T14:25:03.776-0800 [DEBUG] [org.gradle.internal.operations.DefaultBuildOperationRunner] Completing Build operation 'Apply plugin org.gradle.api.plugins.JvmToolchainsPlugin to root project 'missionmodel''
2024-11-23T14:25:03.777-0800 [DEBUG] [org.gradle.internal.operations.DefaultBuildOperationRunner] Build operation 'Register task :buildNeeded' started
2024-11-23T14:25:03.777-0800 [DEBUG] [org.gradle.internal.operations.DefaultBuildOperationRunner] Completing Build operation 'Register task :buildNeeded'
2024-11-23T14:25:03.777-0800 [DEBUG] [org.gradle.internal.operations.DefaultBuildOperationRunner] Build operation 'Register task :buildDependents' started
2024-11-23T14:25:03.778-0800 [DEBUG] [org.gradle.internal.operations.DefaultBuildOperationRunner] Completing Build operation 'Register task :buildDependents'
2024-11-23T14:25:03.778-0800 [DEBUG] [org.gradle.internal.operations.DefaultBuildOperationRunner] Completing Build operation 'Apply plugin org.gradle.api.plugins.JavaBasePlugin to root project 'missionmodel''
2024-11-23T14:25:03.779-0800 [DEBUG] [org.gradle.internal.operations.DefaultBuildOperationRunner] Build operation 'Apply plugin org.gradle.jvm-test-suite to root project 'missionmodel'' started
2024-11-23T14:25:03.779-0800 [DEBUG] [org.gradle.internal.operations.DefaultBuildOperationRunner] Build operation 'Apply plugin org.gradle.testing.base.plugins.TestSuiteBasePlugin to root project 'missionmodel'' started
2024-11-23T14:25:03.780-0800 [DEBUG] [org.gradle.internal.operations.DefaultBuildOperationRunner] Completing Build operation 'Apply plugin org.gradle.testing.base.plugins.TestSuiteBasePlugin to root project 'missionmodel''
2024-11-23T14:25:03.780-0800 [DEBUG] [org.gradle.internal.operations.DefaultBuildOperationRunner] Completing Build operation 'Apply plugin org.gradle.jvm-test-suite to root project 'missionmodel''
2024-11-23T14:25:03.781-0800 [DEBUG] [org.gradle.internal.operations.DefaultBuildOperationRunner] Build operation 'Execute container callback action' started
2024-11-23T14:25:03.781-0800 [DEBUG] [org.gradle.internal.operations.DefaultBuildOperationRunner] Build operation 'Execute container callback action' started
2024-11-23T14:25:03.781-0800 [DEBUG] [org.gradle.internal.operations.DefaultBuildOperationRunner] Completing Build operation 'Execute container callback action'
2024-11-23T14:25:03.782-0800 [DEBUG] [org.gradle.internal.operations.DefaultBuildOperationRunner] Build operation 'Execute container callback action' started
2024-11-23T14:25:03.782-0800 [DEBUG] [org.gradle.internal.operations.DefaultBuildOperationRunner] Completing Build operation 'Execute container callback action'
2024-11-23T14:25:03.783-0800 [DEBUG] [org.gradle.internal.operations.DefaultBuildOperationRunner] Build operation 'Execute container callback action' started
2024-11-23T14:25:03.783-0800 [DEBUG] [org.gradle.internal.operations.DefaultBuildOperationRunner] Completing Build operation 'Execute container callback action'
2024-11-23T14:25:03.783-0800 [DEBUG] [org.gradle.internal.operations.DefaultBuildOperationRunner] Build operation 'Execute container callback action' started
2024-11-23T14:25:03.783-0800 [DEBUG] [org.gradle.internal.operations.DefaultBuildOperationRunner] Completing Build operation 'Execute container callback action'
2024-11-23T14:25:03.784-0800 [DEBUG] [org.gradle.internal.operations.DefaultBuildOperationRunner] Build operation 'Execute container callback action' started
2024-11-23T14:25:03.784-0800 [DEBUG] [org.gradle.internal.operations.DefaultBuildOperationRunner] Completing Build operation 'Execute container callback action'
2024-11-23T14:25:03.784-0800 [DEBUG] [org.gradle.internal.operations.DefaultBuildOperationRunner] Build operation 'Execute container callback action' started
2024-11-23T14:25:03.785-0800 [DEBUG] [org.gradle.internal.operations.DefaultBuildOperationRunner] Completing Build operation 'Execute container callback action'
2024-11-23T14:25:03.785-0800 [DEBUG] [org.gradle.internal.operations.DefaultBuildOperationRunner] Build operation 'Register task :processResources' started
2024-11-23T14:25:03.785-0800 [DEBUG] [org.gradle.internal.operations.DefaultBuildOperationRunner] Completing Build operation 'Register task :processResources'
2024-11-23T14:25:03.786-0800 [DEBUG] [org.gradle.internal.operations.DefaultBuildOperationRunner] Build operation 'Register task :compileJava' started
2024-11-23T14:25:03.786-0800 [DEBUG] [org.gradle.internal.operations.DefaultBuildOperationRunner] Completing Build operation 'Register task :compileJava'
2024-11-23T14:25:03.786-0800 [DEBUG] [org.gradle.internal.operations.DefaultBuildOperationRunner] Build operation 'Register task :classes' started
2024-11-23T14:25:03.786-0800 [DEBUG] [org.gradle.internal.operations.DefaultBuildOperationRunner] Completing Build operation 'Register task :classes'
2024-11-23T14:25:03.787-0800 [DEBUG] [org.gradle.internal.operations.DefaultBuildOperationRunner] Completing Build operation 'Execute container callback action'
2024-11-23T14:25:03.787-0800 [DEBUG] [org.gradle.internal.operations.DefaultBuildOperationRunner] Build operation 'Register task :jar' started
2024-11-23T14:25:03.787-0800 [DEBUG] [org.gradle.internal.operations.DefaultBuildOperationRunner] Completing Build operation 'Register task :jar'
2024-11-23T14:25:03.788-0800 [DEBUG] [org.gradle.internal.operations.DefaultBuildOperationRunner] Build operation 'Execute container callback action' started
2024-11-23T14:25:03.788-0800 [DEBUG] [org.gradle.internal.operations.DefaultBuildOperationRunner] Completing Build operation 'Execute container callback action'
2024-11-23T14:25:03.789-0800 [DEBUG] [org.gradle.internal.operations.DefaultBuildOperationRunner] Build operation 'Execute container callback action' started
2024-11-23T14:25:03.789-0800 [DEBUG] [org.gradle.internal.operations.DefaultBuildOperationRunner] Completing Build operation 'Execute container callback action'
2024-11-23T14:25:03.789-0800 [DEBUG] [org.gradle.internal.operations.DefaultBuildOperationRunner] Build operation 'Execute container callback action' started
2024-11-23T14:25:03.789-0800 [DEBUG] [org.gradle.internal.operations.DefaultBuildOperationRunner] Completing Build operation 'Execute container callback action'
2024-11-23T14:25:03.790-0800 [DEBUG] [org.gradle.internal.operations.DefaultBuildOperationRunner] Build operation 'Execute container callback action' started
2024-11-23T14:25:03.790-0800 [DEBUG] [org.gradle.internal.operations.DefaultBuildOperationRunner] Completing Build operation 'Execute container callback action'
2024-11-23T14:25:03.790-0800 [DEBUG] [org.gradle.internal.operations.DefaultBuildOperationRunner] Build operation 'Register task :javadoc' started
2024-11-23T14:25:03.790-0800 [DEBUG] [org.gradle.internal.operations.DefaultBuildOperationRunner] Completing Build operation 'Register task :javadoc'
2024-11-23T14:25:03.791-0800 [DEBUG] [org.gradle.internal.operations.DefaultBuildOperationRunner] Build operation 'Execute container callback action' started
2024-11-23T14:25:03.791-0800 [DEBUG] [org.gradle.internal.operations.DefaultBuildOperationRunner] Completing Build operation 'Execute container callback action'
2024-11-23T14:25:03.792-0800 [DEBUG] [org.gradle.internal.operations.DefaultBuildOperationRunner] Build operation 'Execute container callback action' started
2024-11-23T14:25:03.792-0800 [DEBUG] [org.gradle.internal.operations.DefaultBuildOperationRunner] Build operation 'Execute container callback action' started
2024-11-23T14:25:03.792-0800 [DEBUG] [org.gradle.internal.operations.DefaultBuildOperationRunner] Completing Build operation 'Execute container callback action'
2024-11-23T14:25:03.792-0800 [DEBUG] [org.gradle.internal.operations.DefaultBuildOperationRunner] Build operation 'Execute container callback action' started
2024-11-23T14:25:03.792-0800 [DEBUG] [org.gradle.internal.operations.DefaultBuildOperationRunner] Completing Build operation 'Execute container callback action'
2024-11-23T14:25:03.793-0800 [DEBUG] [org.gradle.internal.operations.DefaultBuildOperationRunner] Build operation 'Execute container callback action' started
2024-11-23T14:25:03.793-0800 [DEBUG] [org.gradle.internal.operations.DefaultBuildOperationRunner] Completing Build operation 'Execute container callback action'
2024-11-23T14:25:03.793-0800 [DEBUG] [org.gradle.internal.operations.DefaultBuildOperationRunner] Build operation 'Execute container callback action' started
2024-11-23T14:25:03.793-0800 [DEBUG] [org.gradle.internal.operations.DefaultBuildOperationRunner] Completing Build operation 'Execute container callback action'
2024-11-23T14:25:03.794-0800 [DEBUG] [org.gradle.internal.operations.DefaultBuildOperationRunner] Build operation 'Execute container callback action' started
2024-11-23T14:25:03.794-0800 [DEBUG] [org.gradle.internal.operations.DefaultBuildOperationRunner] Completing Build operation 'Execute container callback action'
2024-11-23T14:25:03.794-0800 [DEBUG] [org.gradle.internal.operations.DefaultBuildOperationRunner] Build operation 'Execute container callback action' started
2024-11-23T14:25:03.795-0800 [DEBUG] [org.gradle.internal.operations.DefaultBuildOperationRunner] Completing Build operation 'Execute container callback action'
2024-11-23T14:25:03.795-0800 [DEBUG] [org.gradle.internal.operations.DefaultBuildOperationRunner] Build operation 'Register task :processTestResources' started
2024-11-23T14:25:03.795-0800 [DEBUG] [org.gradle.internal.operations.DefaultBuildOperationRunner] Completing Build operation 'Register task :processTestResources'
2024-11-23T14:25:03.796-0800 [DEBUG] [org.gradle.internal.operations.DefaultBuildOperationRunner] Build operation 'Register task :compileTestJava' started
2024-11-23T14:25:03.796-0800 [DEBUG] [org.gradle.internal.operations.DefaultBuildOperationRunner] Completing Build operation 'Register task :compileTestJava'
2024-11-23T14:25:03.796-0800 [DEBUG] [org.gradle.internal.operations.DefaultBuildOperationRunner] Build operation 'Register task :testClasses' started
2024-11-23T14:25:03.796-0800 [DEBUG] [org.gradle.internal.operations.DefaultBuildOperationRunner] Completing Build operation 'Register task :testClasses'
2024-11-23T14:25:03.797-0800 [DEBUG] [org.gradle.internal.operations.DefaultBuildOperationRunner] Completing Build operation 'Execute container callback action'
2024-11-23T14:25:03.797-0800 [DEBUG] [org.gradle.internal.operations.DefaultBuildOperationRunner] Build operation 'Execute container callback action' started
2024-11-23T14:25:03.797-0800 [DEBUG] [org.gradle.internal.operations.DefaultBuildOperationRunner] Build operation 'Register task :test' started
2024-11-23T14:25:03.798-0800 [DEBUG] [org.gradle.internal.operations.DefaultBuildOperationRunner] Completing Build operation 'Register task :test'
2024-11-23T14:25:03.798-0800 [DEBUG] [org.gradle.internal.operations.DefaultBuildOperationRunner] Build operation 'Execute container callback action' started
2024-11-23T14:25:03.798-0800 [DEBUG] [org.gradle.internal.operations.DefaultBuildOperationRunner] Completing Build operation 'Execute container callback action'
2024-11-23T14:25:03.798-0800 [DEBUG] [org.gradle.internal.operations.DefaultBuildOperationRunner] Build operation 'Execute container callback action' started
2024-11-23T14:25:03.798-0800 [DEBUG] [org.gradle.internal.operations.DefaultBuildOperationRunner] Completing Build operation 'Execute container callback action'
2024-11-23T14:25:03.798-0800 [DEBUG] [org.gradle.internal.operations.DefaultBuildOperationRunner] Completing Build operation 'Execute container callback action'
2024-11-23T14:25:03.799-0800 [DEBUG] [org.gradle.internal.operations.DefaultBuildOperationRunner] Build operation 'Execute container callback action' started
2024-11-23T14:25:03.799-0800 [DEBUG] [org.gradle.internal.operations.DefaultBuildOperationRunner] Build operation 'Execute container callback action' started
2024-11-23T14:25:03.799-0800 [DEBUG] [org.gradle.internal.operations.DefaultBuildOperationRunner] Build operation 'Execute container callback action' started
2024-11-23T14:25:03.799-0800 [DEBUG] [org.gradle.internal.operations.DefaultBuildOperationRunner] Completing Build operation 'Execute container callback action'
2024-11-23T14:25:03.800-0800 [DEBUG] [org.gradle.internal.operations.DefaultBuildOperationRunner] Build operation 'Execute container callback action' started
2024-11-23T14:25:03.800-0800 [DEBUG] [org.gradle.internal.operations.DefaultBuildOperationRunner] Completing Build operation 'Execute container callback action'
2024-11-23T14:25:03.800-0800 [DEBUG] [org.gradle.internal.operations.DefaultBuildOperationRunner] Completing Build operation 'Execute container callback action'
2024-11-23T14:25:03.800-0800 [DEBUG] [org.gradle.internal.operations.DefaultBuildOperationRunner] Completing Build operation 'Execute container callback action'
2024-11-23T14:25:03.800-0800 [DEBUG] [org.gradle.internal.operations.DefaultBuildOperationRunner] Build operation 'Execute container callback action' started
2024-11-23T14:25:03.800-0800 [DEBUG] [org.gradle.internal.operations.DefaultBuildOperationRunner] Completing Build operation 'Execute container callback action'
2024-11-23T14:25:03.801-0800 [DEBUG] [org.gradle.internal.operations.DefaultBuildOperationRunner] Build operation 'Execute container callback action' started
2024-11-23T14:25:03.801-0800 [DEBUG] [org.gradle.internal.operations.DefaultBuildOperationRunner] Completing Build operation 'Execute container callback action'
2024-11-23T14:25:03.801-0800 [DEBUG] [org.gradle.internal.operations.DefaultBuildOperationRunner] Build operation 'Execute container callback action' started
2024-11-23T14:25:03.801-0800 [DEBUG] [org.gradle.internal.operations.DefaultBuildOperationRunner] Completing Build operation 'Execute container callback action'
2024-11-23T14:25:03.802-0800 [DEBUG] [org.gradle.internal.operations.DefaultBuildOperationRunner] Completing Build operation 'Apply plugin org.gradle.api.plugins.JavaPlugin to root project 'missionmodel''
2024-11-23T14:25:03.802-0800 [DEBUG] [org.gradle.internal.operations.DefaultBuildOperationRunner] Build operation 'Execute container callback action' started
2024-11-23T14:25:03.802-0800 [DEBUG] [org.gradle.internal.operations.DefaultBuildOperationRunner] Completing Build operation 'Execute container callback action'
2024-11-23T14:25:03.802-0800 [DEBUG] [org.gradle.internal.operations.DefaultBuildOperationRunner] Build operation 'Execute container callback action' started
2024-11-23T14:25:03.802-0800 [DEBUG] [org.gradle.internal.operations.DefaultBuildOperationRunner] Completing Build operation 'Execute container callback action'
2024-11-23T14:25:03.803-0800 [DEBUG] [org.gradle.internal.operations.DefaultBuildOperationRunner] Completing Build operation 'Apply plugin org.gradle.java-library to root project 'missionmodel''
2024-11-23T14:25:03.804-0800 [DEBUG] [org.gradle.internal.operations.DefaultBuildOperationRunner] Build operation 'Realize task :jar' started
2024-11-23T14:25:03.804-0800 [DEBUG] [org.gradle.internal.operations.DefaultBuildOperationRunner] Build operation 'Execute container callback action' started
2024-11-23T14:25:03.805-0800 [DEBUG] [org.gradle.internal.operations.DefaultBuildOperationRunner] Completing Build operation 'Execute container callback action'
2024-11-23T14:25:03.805-0800 [DEBUG] [org.gradle.internal.operations.DefaultBuildOperationRunner] Build operation 'Execute container callback action' started
2024-11-23T14:25:03.805-0800 [DEBUG] [org.gradle.internal.operations.DefaultBuildOperationRunner] Completing Build operation 'Execute container callback action'
2024-11-23T14:25:03.805-0800 [DEBUG] [org.gradle.internal.operations.DefaultBuildOperationRunner] Build operation 'Execute container callback action' started
2024-11-23T14:25:03.805-0800 [DEBUG] [org.gradle.internal.operations.DefaultBuildOperationRunner] Completing Build operation 'Execute container callback action'
2024-11-23T14:25:03.805-0800 [DEBUG] [org.gradle.internal.operations.DefaultBuildOperationRunner] Completing Build operation 'Realize task :jar'
2024-11-23T14:25:03.807-0800 [DEBUG] [org.gradle.internal.operations.DefaultBuildOperationRunner] Build operation 'Realize task :test' started
2024-11-23T14:25:03.807-0800 [DEBUG] [org.gradle.internal.operations.DefaultBuildOperationRunner] Build operation 'Execute container callback action' started
2024-11-23T14:25:03.808-0800 [DEBUG] [org.gradle.internal.operations.DefaultBuildOperationRunner] Completing Build operation 'Execute container callback action'
2024-11-23T14:25:03.808-0800 [DEBUG] [org.gradle.internal.operations.DefaultBuildOperationRunner] Build operation 'Execute container callback action' started
2024-11-23T14:25:03.808-0800 [DEBUG] [org.gradle.internal.operations.DefaultBuildOperationRunner] Completing Build operation 'Execute container callback action'
2024-11-23T14:25:03.808-0800 [DEBUG] [org.gradle.internal.operations.DefaultBuildOperationRunner] Build operation 'Execute container callback action' started
2024-11-23T14:25:03.808-0800 [DEBUG] [org.gradle.internal.operations.DefaultBuildOperationRunner] Completing Build operation 'Execute container callback action'
2024-11-23T14:25:03.808-0800 [DEBUG] [org.gradle.internal.operations.DefaultBuildOperationRunner] Build operation 'Execute container callback action' started
2024-11-23T14:25:03.808-0800 [DEBUG] [org.gradle.internal.operations.DefaultBuildOperationRunner] Completing Build operation 'Execute container callback action'
2024-11-23T14:25:03.808-0800 [DEBUG] [org.gradle.internal.operations.DefaultBuildOperationRunner] Build operation 'Execute container callback action' started
2024-11-23T14:25:03.809-0800 [DEBUG] [org.gradle.internal.operations.DefaultBuildOperationRunner] Completing Build operation 'Execute container callback action'
2024-11-23T14:25:03.809-0800 [DEBUG] [org.gradle.internal.operations.DefaultBuildOperationRunner] Build operation 'Execute container callback action' started
2024-11-23T14:25:03.809-0800 [DEBUG] [org.gradle.internal.operations.DefaultBuildOperationRunner] Completing Build operation 'Execute container callback action'
2024-11-23T14:25:03.809-0800 [DEBUG] [org.gradle.internal.operations.DefaultBuildOperationRunner] Completing Build operation 'Realize task :test'
2024-11-23T14:25:03.811-0800 [DEBUG] [org.gradle.internal.operations.DefaultBuildOperationRunner] Completing Build operation 'Apply build file 'build.gradle' to root project 'missionmodel''
2024-11-23T14:25:03.811-0800 [DEBUG] [org.gradle.internal.operations.DefaultBuildOperationRunner] Build operation 'Notify afterEvaluate listeners of :' started
2024-11-23T14:25:03.811-0800 [DEBUG] [org.gradle.internal.operations.DefaultBuildOperationRunner] Completing Build operation 'Notify afterEvaluate listeners of :'
2024-11-23T14:25:03.744-0800 [LIFECYCLE] [org.gradle.internal.logging.progress.ProgressLoggerFactory] 
2024-11-23T14:25:03.744-0800 [LIFECYCLE] [org.gradle.internal.logging.progress.ProgressLoggerFactory] > Configure project :
2024-11-23T14:25:03.744-0800 [DEBUG] [org.gradle.internal.resources.AbstractTrackedResourceLock] Daemon worker Thread 2: acquired lock on state of build :
2024-11-23T14:25:03.744-0800 [DEBUG] [org.gradle.internal.operations.DefaultBuildOperationRunner] Build operation 'Notify beforeEvaluate listeners of :' completed
2024-11-23T14:25:03.745-0800 [DEBUG] [org.gradle.model.internal.registry.DefaultModelRegistry] Project : - Transitioning model element '<root>' from state Registered to Created
2024-11-23T14:25:03.745-0800 [DEBUG] [org.gradle.model.internal.registry.DefaultModelRegistry] Project : - Transitioning model element '<root>' to state Discovered.
2024-11-23T14:25:03.746-0800 [DEBUG] [org.gradle.model.internal.registry.DefaultModelRegistry] Project : - Transitioning model element '<root>' to state Created.
2024-11-23T14:25:03.746-0800 [DEBUG] [org.gradle.internal.operations.DefaultBuildOperationRunner] Build operation 'Register task :help' completed
2024-11-23T14:25:03.746-0800 [DEBUG] [org.gradle.internal.operations.DefaultBuildOperationRunner] Build operation 'Register task :projects' completed
2024-11-23T14:25:03.747-0800 [DEBUG] [org.gradle.internal.operations.DefaultBuildOperationRunner] Build operation 'Register task :tasks' completed
2024-11-23T14:25:03.747-0800 [DEBUG] [org.gradle.internal.operations.DefaultBuildOperationRunner] Build operation 'Register task :properties' completed
2024-11-23T14:25:03.748-0800 [DEBUG] [org.gradle.internal.operations.DefaultBuildOperationRunner] Build operation 'Register task :dependencyInsight' completed
2024-11-23T14:25:03.748-0800 [DEBUG] [org.gradle.internal.operations.DefaultBuildOperationRunner] Build operation 'Register task :dependencies' completed
2024-11-23T14:25:03.749-0800 [DEBUG] [org.gradle.internal.operations.DefaultBuildOperationRunner] Build operation 'Register task :buildEnvironment' completed
2024-11-23T14:25:03.749-0800 [DEBUG] [org.gradle.internal.operations.DefaultBuildOperationRunner] Build operation 'Register task :components' completed
2024-11-23T14:25:03.749-0800 [DEBUG] [org.gradle.internal.operations.DefaultBuildOperationRunner] Build operation 'Register task :model' completed
2024-11-23T14:25:03.750-0800 [DEBUG] [org.gradle.internal.operations.DefaultBuildOperationRunner] Build operation 'Register task :dependentComponents' completed
2024-11-23T14:25:03.750-0800 [DEBUG] [org.gradle.internal.operations.DefaultBuildOperationRunner] Build operation 'Register task :outgoingVariants' completed
2024-11-23T14:25:03.751-0800 [DEBUG] [org.gradle.internal.operations.DefaultBuildOperationRunner] Build operation 'Register task :resolvableConfigurations' completed
2024-11-23T14:25:03.751-0800 [DEBUG] [org.gradle.internal.operations.DefaultBuildOperationRunner] Build operation 'Apply plugin org.gradle.help-tasks to root project 'missionmodel'' completed
2024-11-23T14:25:03.751-0800 [DEBUG] [org.gradle.internal.operations.DefaultBuildOperationRunner] Build operation 'Register task :javaToolchains' completed
2024-11-23T14:25:03.752-0800 [DEBUG] [org.gradle.internal.operations.DefaultBuildOperationRunner] Build operation 'Register task :prepareKotlinBuildScriptModel' completed
2024-11-23T14:25:03.753-0800 [DEBUG] [org.gradle.internal.operations.DefaultBuildOperationRunner] Build operation 'Register task :init' completed
2024-11-23T14:25:03.754-0800 [DEBUG] [org.gradle.internal.operations.DefaultBuildOperationRunner] Build operation 'Apply plugin org.gradle.build-init to root project 'missionmodel'' completed
2024-11-23T14:25:03.756-0800 [DEBUG] [org.gradle.internal.operations.DefaultBuildOperationRunner] Build operation 'Register task :wrapper' completed
2024-11-23T14:25:03.756-0800 [DEBUG] [org.gradle.internal.operations.DefaultBuildOperationRunner] Build operation 'Apply plugin org.gradle.wrapper to root project 'missionmodel'' completed
2024-11-23T14:25:03.756-0800 [INFO] [org.gradle.configuration.project.BuildScriptProcessor] Evaluating root project 'missionmodel' using build file '/Users/bclement/git/aerie-multimission-models-bb/build.gradle'.
2024-11-23T14:25:03.758-0800 [DEBUG] [org.gradle.internal.locking.LockFileReaderWriter] Lockfiles root: /Users/bclement/git/aerie-multimission-models-bb/gradle/dependency-locks
2024-11-23T14:25:03.764-0800 [DEBUG] [org.gradle.internal.operations.DefaultBuildOperationRunner] Build operation 'Register task :clean' completed
2024-11-23T14:25:03.765-0800 [DEBUG] [org.gradle.internal.operations.DefaultBuildOperationRunner] Build operation 'Register task :assemble' completed
2024-11-23T14:25:03.765-0800 [DEBUG] [org.gradle.internal.operations.DefaultBuildOperationRunner] Build operation 'Register task :check' completed
2024-11-23T14:25:03.766-0800 [DEBUG] [org.gradle.internal.operations.DefaultBuildOperationRunner] Build operation 'Register task :build' completed
2024-11-23T14:25:03.766-0800 [DEBUG] [org.gradle.internal.operations.DefaultBuildOperationRunner] Build operation 'Apply plugin org.gradle.language.base.plugins.LifecycleBasePlugin to root project 'missionmodel'' completed
2024-11-23T14:25:03.768-0800 [DEBUG] [org.gradle.cache.internal.DefaultCacheCoordinator] Creating new cache for outputFiles, path /Users/bclement/git/aerie-multimission-models-bb/.gradle/buildOutputCleanup/outputFiles.bin, access org.gradle.cache.internal.DefaultCacheCoordinator@56ef6be
2024-11-23T14:25:03.768-0800 [DEBUG] [org.gradle.cache.internal.LockOnDemandCrossProcessCacheAccess] Acquiring file lock for Build Output Cleanup Cache (/Users/bclement/git/aerie-multimission-models-bb/.gradle/buildOutputCleanup)
2024-11-23T14:25:03.769-0800 [DEBUG] [org.gradle.cache.internal.DefaultFileLockManager] Waiting to acquire exclusive lock on Build Output Cleanup Cache (/Users/bclement/git/aerie-multimission-models-bb/.gradle/buildOutputCleanup).
2024-11-23T14:25:03.769-0800 [DEBUG] [org.gradle.cache.internal.DefaultFileLockManager] Lock acquired on Build Output Cleanup Cache (/Users/bclement/git/aerie-multimission-models-bb/.gradle/buildOutputCleanup).
2024-11-23T14:25:03.770-0800 [DEBUG] [org.gradle.internal.locking.LockFileReaderWriter] Lockfiles root: /Users/bclement/git/aerie-multimission-models-bb/gradle/dependency-locks
2024-11-23T14:25:03.771-0800 [DEBUG] [org.gradle.internal.operations.DefaultBuildOperationRunner] Build operation 'Execute container callback action' completed
2024-11-23T14:25:03.771-0800 [DEBUG] [org.gradle.internal.operations.DefaultBuildOperationRunner] Build operation 'Execute container callback action' completed
2024-11-23T14:25:03.772-0800 [DEBUG] [org.gradle.internal.operations.DefaultBuildOperationRunner] Build operation 'Apply plugin org.gradle.api.plugins.BasePlugin to root project 'missionmodel'' completed
2024-11-23T14:25:03.773-0800 [DEBUG] [org.gradle.internal.operations.DefaultBuildOperationRunner] Build operation 'Apply plugin org.gradle.api.plugins.JvmEcosystemPlugin to root project 'missionmodel'' completed
2024-11-23T14:25:03.773-0800 [DEBUG] [org.gradle.internal.operations.DefaultBuildOperationRunner] Build operation 'Apply plugin org.gradle.api.plugins.ReportingBasePlugin to root project 'missionmodel'' completed
2024-11-23T14:25:03.776-0800 [DEBUG] [org.gradle.internal.operations.DefaultBuildOperationRunner] Build operation 'Apply plugin org.gradle.api.plugins.JvmToolchainsPlugin to root project 'missionmodel'' completed
2024-11-23T14:25:03.777-0800 [DEBUG] [org.gradle.internal.operations.DefaultBuildOperationRunner] Build operation 'Register task :buildNeeded' completed
2024-11-23T14:25:03.778-0800 [DEBUG] [org.gradle.internal.operations.DefaultBuildOperationRunner] Build operation 'Register task :buildDependents' completed
2024-11-23T14:25:03.778-0800 [DEBUG] [org.gradle.internal.operations.DefaultBuildOperationRunner] Build operation 'Apply plugin org.gradle.api.plugins.JavaBasePlugin to root project 'missionmodel'' completed
2024-11-23T14:25:03.780-0800 [DEBUG] [org.gradle.internal.operations.DefaultBuildOperationRunner] Build operation 'Apply plugin org.gradle.testing.base.plugins.TestSuiteBasePlugin to root project 'missionmodel'' completed
2024-11-23T14:25:03.780-0800 [DEBUG] [org.gradle.internal.operations.DefaultBuildOperationRunner] Build operation 'Apply plugin org.gradle.jvm-test-suite to root project 'missionmodel'' completed
2024-11-23T14:25:03.782-0800 [DEBUG] [org.gradle.internal.operations.DefaultBuildOperationRunner] Build operation 'Execute container callback action' completed
2024-11-23T14:25:03.782-0800 [DEBUG] [org.gradle.internal.operations.DefaultBuildOperationRunner] Build operation 'Execute container callback action' completed
2024-11-23T14:25:03.783-0800 [DEBUG] [org.gradle.internal.operations.DefaultBuildOperationRunner] Build operation 'Execute container callback action' completed
2024-11-23T14:25:03.784-0800 [DEBUG] [org.gradle.internal.operations.DefaultBuildOperationRunner] Build operation 'Execute container callback action' completed
2024-11-23T14:25:03.784-0800 [DEBUG] [org.gradle.internal.operations.DefaultBuildOperationRunner] Build operation 'Execute container callback action' completed
2024-11-23T14:25:03.785-0800 [DEBUG] [org.gradle.internal.operations.DefaultBuildOperationRunner] Build operation 'Execute container callback action' completed
2024-11-23T14:25:03.785-0800 [DEBUG] [org.gradle.internal.operations.DefaultBuildOperationRunner] Build operation 'Register task :processResources' completed
2024-11-23T14:25:03.786-0800 [DEBUG] [org.gradle.internal.operations.DefaultBuildOperationRunner] Build operation 'Register task :compileJava' completed
2024-11-23T14:25:03.786-0800 [DEBUG] [org.gradle.internal.operations.DefaultBuildOperationRunner] Build operation 'Register task :classes' completed
2024-11-23T14:25:03.787-0800 [DEBUG] [org.gradle.internal.operations.DefaultBuildOperationRunner] Build operation 'Execute container callback action' completed
2024-11-23T14:25:03.788-0800 [DEBUG] [org.gradle.internal.operations.DefaultBuildOperationRunner] Build operation 'Register task :jar' completed
2024-11-23T14:25:03.788-0800 [DEBUG] [org.gradle.internal.operations.DefaultBuildOperationRunner] Build operation 'Execute container callback action' completed
2024-11-23T14:25:03.789-0800 [DEBUG] [org.gradle.internal.operations.DefaultBuildOperationRunner] Build operation 'Execute container callback action' completed
2024-11-23T14:25:03.789-0800 [DEBUG] [org.gradle.internal.operations.DefaultBuildOperationRunner] Build operation 'Execute container callback action' completed
2024-11-23T14:25:03.790-0800 [DEBUG] [org.gradle.internal.operations.DefaultBuildOperationRunner] Build operation 'Execute container callback action' completed
2024-11-23T14:25:03.791-0800 [DEBUG] [org.gradle.internal.operations.DefaultBuildOperationRunner] Build operation 'Register task :javadoc' completed
2024-11-23T14:25:03.791-0800 [DEBUG] [org.gradle.internal.operations.DefaultBuildOperationRunner] Build operation 'Execute container callback action' completed
2024-11-23T14:25:03.792-0800 [DEBUG] [org.gradle.internal.operations.DefaultBuildOperationRunner] Build operation 'Execute container callback action' completed
2024-11-23T14:25:03.792-0800 [DEBUG] [org.gradle.internal.operations.DefaultBuildOperationRunner] Build operation 'Execute container callback action' completed
2024-11-23T14:25:03.793-0800 [DEBUG] [org.gradle.internal.operations.DefaultBuildOperationRunner] Build operation 'Execute container callback action' completed
2024-11-23T14:25:03.793-0800 [DEBUG] [org.gradle.internal.operations.DefaultBuildOperationRunner] Build operation 'Execute container callback action' completed
2024-11-23T14:25:03.794-0800 [DEBUG] [org.gradle.internal.operations.DefaultBuildOperationRunner] Build operation 'Execute container callback action' completed
2024-11-23T14:25:03.795-0800 [DEBUG] [org.gradle.internal.operations.DefaultBuildOperationRunner] Build operation 'Execute container callback action' completed
2024-11-23T14:25:03.795-0800 [DEBUG] [org.gradle.internal.operations.DefaultBuildOperationRunner] Build operation 'Register task :processTestResources' completed
2024-11-23T14:25:03.796-0800 [DEBUG] [org.gradle.internal.operations.DefaultBuildOperationRunner] Build operation 'Register task :compileTestJava' completed
2024-11-23T14:25:03.796-0800 [DEBUG] [org.gradle.internal.operations.DefaultBuildOperationRunner] Build operation 'Register task :testClasses' completed
2024-11-23T14:25:03.797-0800 [DEBUG] [org.gradle.internal.operations.DefaultBuildOperationRunner] Build operation 'Execute container callback action' completed
2024-11-23T14:25:03.798-0800 [DEBUG] [org.gradle.internal.operations.DefaultBuildOperationRunner] Build operation 'Register task :test' completed
2024-11-23T14:25:03.798-0800 [DEBUG] [org.gradle.internal.operations.DefaultBuildOperationRunner] Build operation 'Execute container callback action' completed
2024-11-23T14:25:03.798-0800 [DEBUG] [org.gradle.internal.operations.DefaultBuildOperationRunner] Build operation 'Execute container callback action' completed
2024-11-23T14:25:03.799-0800 [DEBUG] [org.gradle.internal.operations.DefaultBuildOperationRunner] Build operation 'Execute container callback action' completed
2024-11-23T14:25:03.799-0800 [DEBUG] [org.gradle.internal.operations.DefaultBuildOperationRunner] Build operation 'Execute container callback action' completed
2024-11-23T14:25:03.800-0800 [DEBUG] [org.gradle.internal.operations.DefaultBuildOperationRunner] Build operation 'Execute container callback action' completed
2024-11-23T14:25:03.800-0800 [DEBUG] [org.gradle.internal.operations.DefaultBuildOperationRunner] Build operation 'Execute container callback action' completed
2024-11-23T14:25:03.800-0800 [DEBUG] [org.gradle.internal.operations.DefaultBuildOperationRunner] Build operation 'Execute container callback action' completed
2024-11-23T14:25:03.801-0800 [DEBUG] [org.gradle.internal.operations.DefaultBuildOperationRunner] Build operation 'Execute container callback action' completed
2024-11-23T14:25:03.801-0800 [DEBUG] [org.gradle.internal.operations.DefaultBuildOperationRunner] Build operation 'Execute container callback action' completed
2024-11-23T14:25:03.801-0800 [DEBUG] [org.gradle.internal.operations.DefaultBuildOperationRunner] Build operation 'Execute container callback action' completed
2024-11-23T14:25:03.802-0800 [DEBUG] [org.gradle.internal.operations.DefaultBuildOperationRunner] Build operation 'Apply plugin org.gradle.api.plugins.JavaPlugin to root project 'missionmodel'' completed
2024-11-23T14:25:03.802-0800 [DEBUG] [org.gradle.internal.operations.DefaultBuildOperationRunner] Build operation 'Execute container callback action' completed
2024-11-23T14:25:03.802-0800 [DEBUG] [org.gradle.internal.operations.DefaultBuildOperationRunner] Build operation 'Execute container callback action' completed
2024-11-23T14:25:03.803-0800 [DEBUG] [org.gradle.internal.operations.DefaultBuildOperationRunner] Build operation 'Apply plugin org.gradle.java-library to root project 'missionmodel'' completed
2024-11-23T14:25:03.805-0800 [DEBUG] [org.gradle.internal.operations.DefaultBuildOperationRunner] Build operation 'Execute container callback action' completed
2024-11-23T14:25:03.805-0800 [DEBUG] [org.gradle.internal.operations.DefaultBuildOperationRunner] Build operation 'Execute container callback action' completed
2024-11-23T14:25:03.805-0800 [DEBUG] [org.gradle.internal.operations.DefaultBuildOperationRunner] Build operation 'Execute container callback action' completed
2024-11-23T14:25:03.805-0800 [DEBUG] [org.gradle.internal.operations.DefaultBuildOperationRunner] Build operation 'Realize task :jar' completed
2024-11-23T14:25:03.808-0800 [DEBUG] [org.gradle.internal.operations.DefaultBuildOperationRunner] Build operation 'Execute container callback action' completed
2024-11-23T14:25:03.808-0800 [DEBUG] [org.gradle.internal.operations.DefaultBuildOperationRunner] Build operation 'Execute container callback action' completed
2024-11-23T14:25:03.808-0800 [DEBUG] [org.gradle.internal.operations.DefaultBuildOperationRunner] Build operation 'Execute container callback action' completed
2024-11-23T14:25:03.808-0800 [DEBUG] [org.gradle.internal.operations.DefaultBuildOperationRunner] Build operation 'Execute container callback action' completed
2024-11-23T14:25:03.809-0800 [DEBUG] [org.gradle.internal.operations.DefaultBuildOperationRunner] Build operation 'Execute container callback action' completed
2024-11-23T14:25:03.809-0800 [DEBUG] [org.gradle.internal.operations.DefaultBuildOperationRunner] Build operation 'Execute container callback action' completed
2024-11-23T14:25:03.809-0800 [DEBUG] [org.gradle.internal.operations.DefaultBuildOperationRunner] Build operation 'Realize task :test' completed
2024-11-23T14:25:03.811-0800 [DEBUG] [org.gradle.internal.operations.DefaultBuildOperationRunner] Build operation 'Apply build file 'build.gradle' to root project 'missionmodel'' completed
2024-11-23T14:25:03.811-0800 [DEBUG] [org.gradle.configuration.project.BuildScriptProcessor] Timing: Running the build script took 0.054 secs
2024-11-23T14:25:03.811-0800 [DEBUG] [org.gradle.internal.operations.DefaultBuildOperationRunner] Build operation 'Notify afterEvaluate listeners of :' completed
2024-11-23T14:25:03.811-0800 [DEBUG] [org.gradle.internal.resources.AbstractTrackedResourceLock] Daemon worker Thread 2: released lock on state of build :
2024-11-23T14:25:03.811-0800 [DEBUG] [org.gradle.internal.operations.DefaultBuildOperationRunner] Completing Build operation 'Configure project :'
2024-11-23T14:25:03.811-0800 [DEBUG] [org.gradle.internal.operations.DefaultBuildOperationRunner] Build operation 'Configure project :' completed
2024-11-23T14:25:03.812-0800 [DEBUG] [org.gradle.internal.operations.DefaultBuildOperationRunner] Build operation 'Configure project :src' started
2024-11-23T14:25:03.812-0800 [DEBUG] [org.gradle.internal.operations.DefaultBuildOperationRunner] Build operation 'Notify beforeEvaluate listeners of :src' started
2024-11-23T14:25:03.812-0800 [DEBUG] [org.gradle.internal.operations.DefaultBuildOperationRunner] Completing Build operation 'Notify beforeEvaluate listeners of :src'
2024-11-23T14:25:03.812-0800 [DEBUG] [org.gradle.internal.operations.DefaultBuildOperationRunner] Build operation 'Apply plugin org.gradle.help-tasks to project ':src'' started
2024-11-23T14:25:03.813-0800 [DEBUG] [org.gradle.internal.operations.DefaultBuildOperationRunner] Build operation 'Register task :src:help' started
2024-11-23T14:25:03.813-0800 [DEBUG] [org.gradle.internal.operations.DefaultBuildOperationRunner] Completing Build operation 'Register task :src:help'
2024-11-23T14:25:03.813-0800 [DEBUG] [org.gradle.internal.operations.DefaultBuildOperationRunner] Build operation 'Register task :src:projects' started
2024-11-23T14:25:03.813-0800 [DEBUG] [org.gradle.internal.operations.DefaultBuildOperationRunner] Completing Build operation 'Register task :src:projects'
2024-11-23T14:25:03.813-0800 [DEBUG] [org.gradle.internal.operations.DefaultBuildOperationRunner] Build operation 'Register task :src:tasks' started
2024-11-23T14:25:03.813-0800 [DEBUG] [org.gradle.internal.operations.DefaultBuildOperationRunner] Completing Build operation 'Register task :src:tasks'
2024-11-23T14:25:03.813-0800 [DEBUG] [org.gradle.internal.operations.DefaultBuildOperationRunner] Build operation 'Register task :src:properties' started
2024-11-23T14:25:03.814-0800 [DEBUG] [org.gradle.internal.operations.DefaultBuildOperationRunner] Completing Build operation 'Register task :src:properties'
2024-11-23T14:25:03.814-0800 [DEBUG] [org.gradle.internal.operations.DefaultBuildOperationRunner] Build operation 'Register task :src:dependencyInsight' started
2024-11-23T14:25:03.814-0800 [DEBUG] [org.gradle.internal.operations.DefaultBuildOperationRunner] Completing Build operation 'Register task :src:dependencyInsight'
2024-11-23T14:25:03.814-0800 [DEBUG] [org.gradle.internal.operations.DefaultBuildOperationRunner] Build operation 'Register task :src:dependencies' started
2024-11-23T14:25:03.814-0800 [DEBUG] [org.gradle.internal.operations.DefaultBuildOperationRunner] Completing Build operation 'Register task :src:dependencies'
2024-11-23T14:25:03.814-0800 [DEBUG] [org.gradle.internal.operations.DefaultBuildOperationRunner] Build operation 'Register task :src:buildEnvironment' started
2024-11-23T14:25:03.814-0800 [DEBUG] [org.gradle.internal.operations.DefaultBuildOperationRunner] Completing Build operation 'Register task :src:buildEnvironment'
2024-11-23T14:25:03.814-0800 [DEBUG] [org.gradle.internal.operations.DefaultBuildOperationRunner] Build operation 'Register task :src:components' started
2024-11-23T14:25:03.815-0800 [DEBUG] [org.gradle.internal.operations.DefaultBuildOperationRunner] Completing Build operation 'Register task :src:components'
2024-11-23T14:25:03.815-0800 [DEBUG] [org.gradle.internal.operations.DefaultBuildOperationRunner] Build operation 'Register task :src:model' started
2024-11-23T14:25:03.815-0800 [DEBUG] [org.gradle.internal.operations.DefaultBuildOperationRunner] Completing Build operation 'Register task :src:model'
2024-11-23T14:25:03.815-0800 [DEBUG] [org.gradle.internal.operations.DefaultBuildOperationRunner] Build operation 'Register task :src:dependentComponents' started
2024-11-23T14:25:03.815-0800 [DEBUG] [org.gradle.internal.operations.DefaultBuildOperationRunner] Completing Build operation 'Register task :src:dependentComponents'
2024-11-23T14:25:03.815-0800 [DEBUG] [org.gradle.internal.operations.DefaultBuildOperationRunner] Build operation 'Register task :src:outgoingVariants' started
2024-11-23T14:25:03.815-0800 [DEBUG] [org.gradle.internal.operations.DefaultBuildOperationRunner] Completing Build operation 'Register task :src:outgoingVariants'
2024-11-23T14:25:03.816-0800 [DEBUG] [org.gradle.internal.operations.DefaultBuildOperationRunner] Build operation 'Register task :src:resolvableConfigurations' started
2024-11-23T14:25:03.816-0800 [DEBUG] [org.gradle.internal.operations.DefaultBuildOperationRunner] Completing Build operation 'Register task :src:resolvableConfigurations'
2024-11-23T14:25:03.816-0800 [DEBUG] [org.gradle.internal.operations.DefaultBuildOperationRunner] Completing Build operation 'Apply plugin org.gradle.help-tasks to project ':src''
2024-11-23T14:25:03.816-0800 [DEBUG] [org.gradle.internal.operations.DefaultBuildOperationRunner] Build operation 'Register task :src:javaToolchains' started
2024-11-23T14:25:03.817-0800 [DEBUG] [org.gradle.internal.operations.DefaultBuildOperationRunner] Completing Build operation 'Register task :src:javaToolchains'
2024-11-23T14:25:03.817-0800 [DEBUG] [org.gradle.internal.operations.DefaultBuildOperationRunner] Build operation 'Apply plugin org.gradle.build-init to project ':src'' started
2024-11-23T14:25:03.817-0800 [DEBUG] [org.gradle.internal.operations.DefaultBuildOperationRunner] Completing Build operation 'Apply plugin org.gradle.build-init to project ':src''
2024-11-23T14:25:03.817-0800 [DEBUG] [org.gradle.internal.operations.DefaultBuildOperationRunner] Build operation 'Apply plugin org.gradle.wrapper to project ':src'' started
2024-11-23T14:25:03.817-0800 [DEBUG] [org.gradle.internal.operations.DefaultBuildOperationRunner] Completing Build operation 'Apply plugin org.gradle.wrapper to project ':src''
2024-11-23T14:25:03.820-0800 [DEBUG] [org.gradle.internal.operations.DefaultBuildOperationRunner] Build operation 'Notify afterEvaluate listeners of :src' started
2024-11-23T14:25:03.820-0800 [DEBUG] [org.gradle.internal.operations.DefaultBuildOperationRunner] Completing Build operation 'Notify afterEvaluate listeners of :src'
2024-11-23T14:25:03.812-0800 [LIFECYCLE] [org.gradle.internal.logging.progress.ProgressLoggerFactory] 
2024-11-23T14:25:03.812-0800 [LIFECYCLE] [org.gradle.internal.logging.progress.ProgressLoggerFactory] > Configure project :src
2024-11-23T14:25:03.812-0800 [DEBUG] [org.gradle.internal.resources.AbstractTrackedResourceLock] Daemon worker Thread 2: acquired lock on state of build :
2024-11-23T14:25:03.812-0800 [DEBUG] [org.gradle.internal.operations.DefaultBuildOperationRunner] Build operation 'Notify beforeEvaluate listeners of :src' completed
2024-11-23T14:25:03.812-0800 [DEBUG] [org.gradle.model.internal.registry.DefaultModelRegistry] Project :src - Transitioning model element '<root>' from state Registered to Created
2024-11-23T14:25:03.812-0800 [DEBUG] [org.gradle.model.internal.registry.DefaultModelRegistry] Project :src - Transitioning model element '<root>' to state Discovered.
2024-11-23T14:25:03.813-0800 [DEBUG] [org.gradle.model.internal.registry.DefaultModelRegistry] Project :src - Transitioning model element '<root>' to state Created.
2024-11-23T14:25:03.813-0800 [DEBUG] [org.gradle.internal.operations.DefaultBuildOperationRunner] Build operation 'Register task :src:help' completed
2024-11-23T14:25:03.813-0800 [DEBUG] [org.gradle.internal.operations.DefaultBuildOperationRunner] Build operation 'Register task :src:projects' completed
2024-11-23T14:25:03.813-0800 [DEBUG] [org.gradle.internal.operations.DefaultBuildOperationRunner] Build operation 'Register task :src:tasks' completed
2024-11-23T14:25:03.814-0800 [DEBUG] [org.gradle.internal.operations.DefaultBuildOperationRunner] Build operation 'Register task :src:properties' completed
2024-11-23T14:25:03.814-0800 [DEBUG] [org.gradle.internal.operations.DefaultBuildOperationRunner] Build operation 'Register task :src:dependencyInsight' completed
2024-11-23T14:25:03.814-0800 [DEBUG] [org.gradle.internal.operations.DefaultBuildOperationRunner] Build operation 'Register task :src:dependencies' completed
2024-11-23T14:25:03.814-0800 [DEBUG] [org.gradle.internal.operations.DefaultBuildOperationRunner] Build operation 'Register task :src:buildEnvironment' completed
2024-11-23T14:25:03.815-0800 [DEBUG] [org.gradle.internal.operations.DefaultBuildOperationRunner] Build operation 'Register task :src:components' completed
2024-11-23T14:25:03.815-0800 [DEBUG] [org.gradle.internal.operations.DefaultBuildOperationRunner] Build operation 'Register task :src:model' completed
2024-11-23T14:25:03.815-0800 [DEBUG] [org.gradle.internal.operations.DefaultBuildOperationRunner] Build operation 'Register task :src:dependentComponents' completed
2024-11-23T14:25:03.816-0800 [DEBUG] [org.gradle.internal.operations.DefaultBuildOperationRunner] Build operation 'Register task :src:outgoingVariants' completed
2024-11-23T14:25:03.816-0800 [DEBUG] [org.gradle.internal.operations.DefaultBuildOperationRunner] Build operation 'Register task :src:resolvableConfigurations' completed
2024-11-23T14:25:03.816-0800 [DEBUG] [org.gradle.internal.operations.DefaultBuildOperationRunner] Build operation 'Apply plugin org.gradle.help-tasks to project ':src'' completed
2024-11-23T14:25:03.817-0800 [DEBUG] [org.gradle.internal.operations.DefaultBuildOperationRunner] Build operation 'Register task :src:javaToolchains' completed
2024-11-23T14:25:03.817-0800 [DEBUG] [org.gradle.internal.operations.DefaultBuildOperationRunner] Build operation 'Apply plugin org.gradle.build-init to project ':src'' completed
2024-11-23T14:25:03.817-0800 [DEBUG] [org.gradle.internal.operations.DefaultBuildOperationRunner] Build operation 'Apply plugin org.gradle.wrapper to project ':src'' completed
2024-11-23T14:25:03.818-0800 [INFO] [org.gradle.configuration.project.BuildScriptProcessor] Evaluating project ':src' using build file '/Users/bclement/git/aerie-multimission-models-bb/src/build.gradle'.
2024-11-23T14:25:03.819-0800 [DEBUG] [org.gradle.internal.locking.LockFileReaderWriter] Lockfiles root: /Users/bclement/git/aerie-multimission-models-bb/src/gradle/dependency-locks
2024-11-23T14:25:03.819-0800 [DEBUG] [org.gradle.configuration.project.BuildScriptProcessor] Timing: Running the build script took 0.001 secs
2024-11-23T14:25:03.820-0800 [DEBUG] [org.gradle.internal.operations.DefaultBuildOperationRunner] Build operation 'Notify afterEvaluate listeners of :src' completed
2024-11-23T14:25:03.820-0800 [DEBUG] [org.gradle.internal.resources.AbstractTrackedResourceLock] Daemon worker Thread 2: released lock on state of build :
2024-11-23T14:25:03.820-0800 [DEBUG] [org.gradle.internal.operations.DefaultBuildOperationRunner] Completing Build operation 'Configure project :src'
2024-11-23T14:25:03.820-0800 [DEBUG] [org.gradle.internal.operations.DefaultBuildOperationRunner] Build operation 'Configure project :src' completed
2024-11-23T14:25:03.820-0800 [DEBUG] [org.gradle.internal.operations.DefaultBuildOperationRunner] Build operation 'Notify projectsEvaluated listeners' started
2024-11-23T14:25:03.820-0800 [INFO] [org.gradle.internal.buildevents.BuildLogger] All projects evaluated.
2024-11-23T14:25:03.820-0800 [DEBUG] [org.gradle.internal.operations.DefaultBuildOperationRunner] Completing Build operation 'Notify projectsEvaluated listeners'
2024-11-23T14:25:03.820-0800 [DEBUG] [org.gradle.internal.operations.DefaultBuildOperationRunner] Build operation 'Notify projectsEvaluated listeners' completed
2024-11-23T14:25:03.820-0800 [DEBUG] [org.gradle.internal.operations.DefaultBuildOperationRunner] Completing Build operation 'Configure build'
2024-11-23T14:25:03.820-0800 [DEBUG] [org.gradle.internal.operations.DefaultBuildOperationRunner] Build operation 'Configure build' completed
2024-11-23T14:25:03.820-0800 [DEBUG] [org.gradle.internal.operations.DefaultBuildOperationRunner] Build operation 'Calculate build tree task graph' started
2024-11-23T14:25:03.821-0800 [DEBUG] [org.gradle.internal.operations.DefaultBuildOperationRunner] Build operation 'Calculate task graph' started
2024-11-23T14:25:03.821-0800 [DEBUG] [org.gradle.internal.resources.AbstractTrackedResourceLock] Daemon worker Thread 2: acquired lock on All projects of :
2024-11-23T14:25:03.821-0800 [INFO] [org.gradle.execution.selection.DefaultBuildTaskSelector] Task path ':test' matched project ':'
2024-11-23T14:25:03.821-0800 [INFO] [org.gradle.execution.DefaultTaskSelector] Task name matched 'test'
2024-11-23T14:25:03.822-0800 [INFO] [org.gradle.execution.TaskNameResolvingBuildTaskScheduler] Selected primary task 'test' from project :
2024-11-23T14:25:03.822-0800 [DEBUG] [org.gradle.internal.operations.DefaultBuildOperationRunner] Build operation 'Toolchain detection' started
2024-11-23T14:25:03.823-0800 [DEBUG] [org.gradle.internal.jvm.inspection.JavaInstallationRegistry] Discovering toolchains provided via Maven Toolchains
2024-11-23T14:25:03.823-0800 [DEBUG] [org.gradle.internal.jvm.inspection.JavaInstallationRegistry] Discovering toolchains provided via IntelliJ IDEA
2024-11-23T14:25:03.823-0800 [DEBUG] [org.gradle.internal.jvm.inspection.JavaInstallationRegistry] Discovering toolchains provided via SDKMAN!
2024-11-23T14:25:03.823-0800 [DEBUG] [org.gradle.internal.jvm.inspection.JavaInstallationRegistry] Discovering toolchains provided via MacOS java_home
2024-11-23T14:25:03.823-0800 [DEBUG] [org.gradle.internal.jvm.inspection.JavaInstallationRegistry] Discovering toolchains provided via Gradle property 'org.gradle.java.installations.paths'
2024-11-23T14:25:03.824-0800 [DEBUG] [org.gradle.internal.jvm.inspection.JavaInstallationRegistry] Discovering toolchains provided via Auto-provisioned by Gradle
2024-11-23T14:25:03.824-0800 [DEBUG] [org.gradle.internal.jvm.inspection.JavaInstallationRegistry] Discovering toolchains provided via Windows Registry
2024-11-23T14:25:03.824-0800 [DEBUG] [org.gradle.internal.jvm.inspection.JavaInstallationRegistry] Discovering toolchains provided via Jabba
2024-11-23T14:25:03.824-0800 [INFO] [org.gradle.process.internal.DefaultExecHandle] Starting process 'command '/usr/libexec/java_home''. Working directory: /Users/bclement/.gradle/daemon/8.7 Command: /usr/libexec/java_home -V
2024-11-23T14:25:03.824-0800 [DEBUG] [org.gradle.internal.jvm.inspection.JavaInstallationRegistry] Discovering toolchains provided via asdf-vm
2024-11-23T14:25:03.824-0800 [DEBUG] [org.gradle.internal.jvm.inspection.JavaInstallationRegistry] Discovering toolchains provided via Common Linux Locations
2024-11-23T14:25:03.824-0800 [DEBUG] [org.gradle.internal.jvm.inspection.JavaInstallationRegistry] Discovering toolchains provided via environment variables from gradle property 'org.gradle.java.installations.fromEnv'
2024-11-23T14:25:03.824-0800 [DEBUG] [org.gradle.internal.jvm.inspection.JavaInstallationRegistry] Discovering toolchains provided via Current JVM
2024-11-23T14:25:03.824-0800 [DEBUG] [org.gradle.process.internal.DefaultExecHandle] Changing state to: STARTING
2024-11-23T14:25:03.825-0800 [DEBUG] [org.gradle.process.internal.DefaultExecHandle] Waiting until process started: command '/usr/libexec/java_home'.
2024-11-23T14:25:03.893-0800 [DEBUG] [org.gradle.process.internal.DefaultExecHandle] Changing state to: STARTED
2024-11-23T14:25:03.894-0800 [DEBUG] [org.gradle.process.internal.ExecHandleRunner] waiting until streams are handled...
2024-11-23T14:25:03.894-0800 [INFO] [org.gradle.process.internal.DefaultExecHandle] Successfully started process 'command '/usr/libexec/java_home''
2024-11-23T14:25:03.956-0800 [DEBUG] [org.gradle.process.internal.DefaultExecHandle] Changing state to: SUCCEEDED
2024-11-23T14:25:03.956-0800 [DEBUG] [org.gradle.process.internal.DefaultExecHandle] Process 'command '/usr/libexec/java_home'' finished with exit value 0 (state: SUCCEEDED)
2024-11-23T14:25:03.957-0800 [DEBUG] [org.gradle.internal.operations.DefaultBuildOperationRunner] Completing Build operation 'Toolchain detection'
2024-11-23T14:25:03.957-0800 [DEBUG] [org.gradle.internal.operations.DefaultBuildOperationRunner] Build operation 'Toolchain detection' completed
2024-11-23T14:25:03.959-0800 [DEBUG] [org.gradle.internal.operations.DefaultBuildOperationRunner] Build operation 'Realize task :compileJava' started
2024-11-23T14:25:03.960-0800 [DEBUG] [org.gradle.internal.operations.DefaultBuildOperationRunner] Build operation 'Execute container callback action' started
2024-11-23T14:25:03.960-0800 [DEBUG] [org.gradle.internal.operations.DefaultBuildOperationRunner] Completing Build operation 'Execute container callback action'
2024-11-23T14:25:03.960-0800 [DEBUG] [org.gradle.internal.operations.DefaultBuildOperationRunner] Build operation 'Execute container callback action' completed
2024-11-23T14:25:03.960-0800 [DEBUG] [org.gradle.internal.operations.DefaultBuildOperationRunner] Build operation 'Execute container callback action' started
2024-11-23T14:25:03.960-0800 [DEBUG] [org.gradle.internal.operations.DefaultBuildOperationRunner] Completing Build operation 'Execute container callback action'
2024-11-23T14:25:03.960-0800 [DEBUG] [org.gradle.internal.operations.DefaultBuildOperationRunner] Build operation 'Execute container callback action' completed
2024-11-23T14:25:03.960-0800 [DEBUG] [org.gradle.internal.operations.DefaultBuildOperationRunner] Build operation 'Execute container callback action' started
2024-11-23T14:25:03.960-0800 [DEBUG] [org.gradle.internal.operations.DefaultBuildOperationRunner] Completing Build operation 'Execute container callback action'
2024-11-23T14:25:03.961-0800 [DEBUG] [org.gradle.internal.operations.DefaultBuildOperationRunner] Build operation 'Execute container callback action' completed
2024-11-23T14:25:03.961-0800 [DEBUG] [org.gradle.internal.operations.DefaultBuildOperationRunner] Completing Build operation 'Realize task :compileJava'
2024-11-23T14:25:03.961-0800 [DEBUG] [org.gradle.internal.operations.DefaultBuildOperationRunner] Build operation 'Realize task :compileJava' completed
2024-11-23T14:25:03.962-0800 [DEBUG] [org.gradle.internal.operations.DefaultBuildOperationRunner] Build operation 'Realize task :compileTestJava' started
2024-11-23T14:25:03.962-0800 [DEBUG] [org.gradle.internal.operations.DefaultBuildOperationRunner] Build operation 'Execute container callback action' started
2024-11-23T14:25:03.962-0800 [DEBUG] [org.gradle.internal.operations.DefaultBuildOperationRunner] Completing Build operation 'Execute container callback action'
2024-11-23T14:25:03.962-0800 [DEBUG] [org.gradle.internal.operations.DefaultBuildOperationRunner] Build operation 'Execute container callback action' completed
2024-11-23T14:25:03.962-0800 [DEBUG] [org.gradle.internal.operations.DefaultBuildOperationRunner] Build operation 'Execute container callback action' started
2024-11-23T14:25:03.963-0800 [DEBUG] [org.gradle.internal.operations.DefaultBuildOperationRunner] Completing Build operation 'Execute container callback action'
2024-11-23T14:25:03.963-0800 [DEBUG] [org.gradle.internal.operations.DefaultBuildOperationRunner] Build operation 'Execute container callback action' completed
2024-11-23T14:25:03.963-0800 [DEBUG] [org.gradle.internal.operations.DefaultBuildOperationRunner] Build operation 'Execute container callback action' started
2024-11-23T14:25:03.963-0800 [DEBUG] [org.gradle.internal.operations.DefaultBuildOperationRunner] Completing Build operation 'Execute container callback action'
2024-11-23T14:25:03.963-0800 [DEBUG] [org.gradle.internal.operations.DefaultBuildOperationRunner] Build operation 'Execute container callback action' completed
2024-11-23T14:25:03.963-0800 [DEBUG] [org.gradle.internal.operations.DefaultBuildOperationRunner] Completing Build operation 'Realize task :compileTestJava'
2024-11-23T14:25:03.963-0800 [DEBUG] [org.gradle.internal.operations.DefaultBuildOperationRunner] Build operation 'Realize task :compileTestJava' completed
2024-11-23T14:25:03.964-0800 [DEBUG] [org.gradle.api.internal.artifacts.ivyservice.resolveengine.graph.builder.DependencyGraphBuilder] Visiting configuration :missionmodel:unspecified(testRuntimeClasspath).
2024-11-23T14:25:03.964-0800 [DEBUG] [org.gradle.api.internal.artifacts.ivyservice.resolveengine.graph.builder.NodeState] dependency: gov.nasa.jpl.aerie:contrib:2.16.0 to-conf: null is filtered.
2024-11-23T14:25:03.964-0800 [DEBUG] [org.gradle.api.internal.artifacts.ivyservice.resolveengine.graph.builder.NodeState] dependency: gov.nasa.jpl.aerie:merlin-framework:2.16.0 to-conf: null is filtered.
2024-11-23T14:25:03.964-0800 [DEBUG] [org.gradle.api.internal.artifacts.ivyservice.resolveengine.graph.builder.NodeState] dependency: gov.nasa.jpl.aerie:merlin-sdk:2.16.0 to-conf: null is filtered.
2024-11-23T14:25:03.964-0800 [DEBUG] [org.gradle.api.internal.artifacts.ivyservice.resolveengine.graph.builder.NodeState] dependency: gov.nasa.jpl.aerie:merlin-driver:2.16.0 to-conf: null is filtered.
2024-11-23T14:25:03.964-0800 [DEBUG] [org.gradle.api.internal.artifacts.ivyservice.resolveengine.graph.builder.NodeState] dependency: gov.nasa.jpl.aerie:parsing-utilities:2.16.0 to-conf: null is filtered.
2024-11-23T14:25:03.964-0800 [DEBUG] [org.gradle.api.internal.artifacts.ivyservice.resolveengine.graph.builder.NodeState] dependency: com.google.code.gson:gson:+ to-conf: null is filtered.
2024-11-23T14:25:03.964-0800 [DEBUG] [org.gradle.api.internal.artifacts.ivyservice.resolveengine.graph.builder.NodeState] dependency: gov.nasa.jpl.aerie:merlin-framework-junit:2.16.0 to-conf: null is filtered.
2024-11-23T14:25:03.965-0800 [DEBUG] [org.gradle.api.internal.artifacts.ivyservice.resolveengine.graph.builder.NodeState] dependency: org.junit.jupiter:junit-jupiter:+ to-conf: null is filtered.
2024-11-23T14:25:03.966-0800 [DEBUG] [org.gradle.internal.operations.DefaultBuildOperationRunner] Build operation 'Execute container callback action' started
2024-11-23T14:25:03.966-0800 [DEBUG] [org.gradle.internal.operations.DefaultBuildOperationRunner] Completing Build operation 'Execute container callback action'
2024-11-23T14:25:03.966-0800 [DEBUG] [org.gradle.internal.operations.DefaultBuildOperationRunner] Build operation 'Execute container callback action' completed
2024-11-23T14:25:03.966-0800 [DEBUG] [org.gradle.internal.operations.DefaultBuildOperationRunner] Build operation 'Execute container callback action' started
2024-11-23T14:25:03.966-0800 [DEBUG] [org.gradle.internal.operations.DefaultBuildOperationRunner] Completing Build operation 'Execute container callback action'
2024-11-23T14:25:03.966-0800 [DEBUG] [org.gradle.internal.operations.DefaultBuildOperationRunner] Build operation 'Execute container callback action' completed
2024-11-23T14:25:03.968-0800 [DEBUG] [org.gradle.internal.operations.DefaultBuildOperationRunner] Build operation 'Realize task :classes' started
2024-11-23T14:25:03.968-0800 [DEBUG] [org.gradle.internal.operations.DefaultBuildOperationRunner] Build operation 'Execute container callback action' started
2024-11-23T14:25:03.968-0800 [DEBUG] [org.gradle.internal.operations.DefaultBuildOperationRunner] Completing Build operation 'Execute container callback action'
2024-11-23T14:25:03.968-0800 [DEBUG] [org.gradle.internal.operations.DefaultBuildOperationRunner] Build operation 'Execute container callback action' completed
2024-11-23T14:25:03.968-0800 [DEBUG] [org.gradle.internal.operations.DefaultBuildOperationRunner] Completing Build operation 'Realize task :classes'
2024-11-23T14:25:03.968-0800 [DEBUG] [org.gradle.internal.operations.DefaultBuildOperationRunner] Build operation 'Realize task :classes' completed
2024-11-23T14:25:03.969-0800 [DEBUG] [org.gradle.internal.operations.DefaultBuildOperationRunner] Build operation 'Realize task :testClasses' started
2024-11-23T14:25:03.969-0800 [DEBUG] [org.gradle.internal.operations.DefaultBuildOperationRunner] Build operation 'Execute container callback action' started
2024-11-23T14:25:03.969-0800 [DEBUG] [org.gradle.internal.operations.DefaultBuildOperationRunner] Completing Build operation 'Execute container callback action'
2024-11-23T14:25:03.969-0800 [DEBUG] [org.gradle.internal.operations.DefaultBuildOperationRunner] Build operation 'Execute container callback action' completed
2024-11-23T14:25:03.969-0800 [DEBUG] [org.gradle.internal.operations.DefaultBuildOperationRunner] Completing Build operation 'Realize task :testClasses'
2024-11-23T14:25:03.970-0800 [DEBUG] [org.gradle.internal.operations.DefaultBuildOperationRunner] Build operation 'Realize task :testClasses' completed
2024-11-23T14:25:03.970-0800 [DEBUG] [org.gradle.internal.operations.DefaultBuildOperationRunner] Build operation 'Realize task :processResources' started
2024-11-23T14:25:03.971-0800 [DEBUG] [org.gradle.internal.operations.DefaultBuildOperationRunner] Build operation 'Execute container callback action' started
2024-11-23T14:25:03.971-0800 [DEBUG] [org.gradle.internal.operations.DefaultBuildOperationRunner] Completing Build operation 'Execute container callback action'
2024-11-23T14:25:03.971-0800 [DEBUG] [org.gradle.internal.operations.DefaultBuildOperationRunner] Build operation 'Execute container callback action' completed
2024-11-23T14:25:03.971-0800 [DEBUG] [org.gradle.internal.operations.DefaultBuildOperationRunner] Completing Build operation 'Realize task :processResources'
2024-11-23T14:25:03.971-0800 [DEBUG] [org.gradle.internal.operations.DefaultBuildOperationRunner] Build operation 'Realize task :processResources' completed
2024-11-23T14:25:03.972-0800 [DEBUG] [org.gradle.api.internal.artifacts.ivyservice.resolveengine.graph.builder.DependencyGraphBuilder] Visiting configuration :missionmodel:unspecified(annotationProcessor).
2024-11-23T14:25:03.973-0800 [DEBUG] [org.gradle.api.internal.artifacts.ivyservice.resolveengine.graph.builder.NodeState] dependency: gov.nasa.jpl.aerie:merlin-framework-processor:2.16.0 to-conf: null is filtered.
2024-11-23T14:25:03.973-0800 [DEBUG] [org.gradle.api.internal.artifacts.ivyservice.resolveengine.graph.builder.DependencyGraphBuilder] Visiting configuration :missionmodel:unspecified(compileClasspath).
2024-11-23T14:25:03.973-0800 [DEBUG] [org.gradle.api.internal.artifacts.ivyservice.resolveengine.graph.builder.NodeState] dependency: gov.nasa.jpl.aerie:contrib:2.16.0 to-conf: null is filtered.
2024-11-23T14:25:03.974-0800 [DEBUG] [org.gradle.api.internal.artifacts.ivyservice.resolveengine.graph.builder.NodeState] dependency: gov.nasa.jpl.aerie:merlin-framework:2.16.0 to-conf: null is filtered.
2024-11-23T14:25:03.974-0800 [DEBUG] [org.gradle.api.internal.artifacts.ivyservice.resolveengine.graph.builder.NodeState] dependency: gov.nasa.jpl.aerie:merlin-sdk:2.16.0 to-conf: null is filtered.
2024-11-23T14:25:03.974-0800 [DEBUG] [org.gradle.api.internal.artifacts.ivyservice.resolveengine.graph.builder.NodeState] dependency: gov.nasa.jpl.aerie:merlin-driver:2.16.0 to-conf: null is filtered.
2024-11-23T14:25:03.974-0800 [DEBUG] [org.gradle.api.internal.artifacts.ivyservice.resolveengine.graph.builder.NodeState] dependency: gov.nasa.jpl.aerie:parsing-utilities:2.16.0 to-conf: null is filtered.
2024-11-23T14:25:03.974-0800 [DEBUG] [org.gradle.api.internal.artifacts.ivyservice.resolveengine.graph.builder.NodeState] dependency: com.google.code.gson:gson:+ to-conf: null is filtered.
2024-11-23T14:25:03.975-0800 [DEBUG] [org.gradle.api.internal.artifacts.ivyservice.resolveengine.graph.builder.DependencyGraphBuilder] Visiting configuration :missionmodel:unspecified(testAnnotationProcessor).
2024-11-23T14:25:03.976-0800 [DEBUG] [org.gradle.api.internal.artifacts.ivyservice.resolveengine.graph.builder.DependencyGraphBuilder] Visiting configuration :missionmodel:unspecified(testCompileClasspath).
2024-11-23T14:25:03.976-0800 [DEBUG] [org.gradle.api.internal.artifacts.ivyservice.resolveengine.graph.builder.NodeState] dependency: gov.nasa.jpl.aerie:contrib:2.16.0 to-conf: null is filtered.
2024-11-23T14:25:03.977-0800 [DEBUG] [org.gradle.api.internal.artifacts.ivyservice.resolveengine.graph.builder.NodeState] dependency: gov.nasa.jpl.aerie:merlin-framework:2.16.0 to-conf: null is filtered.
2024-11-23T14:25:03.977-0800 [DEBUG] [org.gradle.api.internal.artifacts.ivyservice.resolveengine.graph.builder.NodeState] dependency: gov.nasa.jpl.aerie:merlin-sdk:2.16.0 to-conf: null is filtered.
2024-11-23T14:25:03.977-0800 [DEBUG] [org.gradle.api.internal.artifacts.ivyservice.resolveengine.graph.builder.NodeState] dependency: gov.nasa.jpl.aerie:merlin-driver:2.16.0 to-conf: null is filtered.
2024-11-23T14:25:03.977-0800 [DEBUG] [org.gradle.api.internal.artifacts.ivyservice.resolveengine.graph.builder.NodeState] dependency: gov.nasa.jpl.aerie:parsing-utilities:2.16.0 to-conf: null is filtered.
2024-11-23T14:25:03.977-0800 [DEBUG] [org.gradle.api.internal.artifacts.ivyservice.resolveengine.graph.builder.NodeState] dependency: com.google.code.gson:gson:+ to-conf: null is filtered.
2024-11-23T14:25:03.977-0800 [DEBUG] [org.gradle.api.internal.artifacts.ivyservice.resolveengine.graph.builder.NodeState] dependency: gov.nasa.jpl.aerie:merlin-framework-junit:2.16.0 to-conf: null is filtered.
2024-11-23T14:25:03.977-0800 [DEBUG] [org.gradle.api.internal.artifacts.ivyservice.resolveengine.graph.builder.NodeState] dependency: org.junit.jupiter:junit-jupiter:+ to-conf: null is filtered.
2024-11-23T14:25:03.978-0800 [DEBUG] [org.gradle.internal.operations.DefaultBuildOperationRunner] Build operation 'Realize task :processTestResources' started
2024-11-23T14:25:03.978-0800 [DEBUG] [org.gradle.internal.operations.DefaultBuildOperationRunner] Build operation 'Execute container callback action' started
2024-11-23T14:25:03.978-0800 [DEBUG] [org.gradle.internal.operations.DefaultBuildOperationRunner] Completing Build operation 'Execute container callback action'
2024-11-23T14:25:03.978-0800 [DEBUG] [org.gradle.internal.operations.DefaultBuildOperationRunner] Build operation 'Execute container callback action' completed
2024-11-23T14:25:03.978-0800 [DEBUG] [org.gradle.internal.operations.DefaultBuildOperationRunner] Completing Build operation 'Realize task :processTestResources'
2024-11-23T14:25:03.978-0800 [DEBUG] [org.gradle.internal.operations.DefaultBuildOperationRunner] Build operation 'Realize task :processTestResources' completed
2024-11-23T14:25:03.979-0800 [DEBUG] [org.gradle.internal.resources.AbstractTrackedResourceLock] Daemon worker Thread 2: released lock on All projects of :
2024-11-23T14:25:03.980-0800 [DEBUG] [org.gradle.internal.operations.DefaultBuildOperationRunner] Completing Build operation 'Calculate task graph'
2024-11-23T14:25:03.980-0800 [DEBUG] [org.gradle.internal.operations.DefaultBuildOperationRunner] Build operation 'Calculate task graph' completed
2024-11-23T14:25:03.981-0800 [DEBUG] [org.gradle.internal.resources.AbstractTrackedResourceLock] Daemon worker Thread 2: acquired lock on All projects of :
2024-11-23T14:25:03.981-0800 [DEBUG] [org.gradle.internal.operations.DefaultBuildOperationRunner] Build operation 'Notify task graph whenReady listeners' started
2024-11-23T14:25:03.981-0800 [INFO] [org.gradle.internal.buildevents.BuildLogger] Tasks to be executed: [task ':compileJava', task ':processResources', task ':classes', task ':compileTestJava', task ':processTestResources', task ':testClasses', task ':test']
2024-11-23T14:25:03.981-0800 [INFO] [org.gradle.internal.buildevents.BuildLogger] Tasks that were excluded: []
2024-11-23T14:25:03.981-0800 [DEBUG] [org.gradle.internal.operations.DefaultBuildOperationRunner] Completing Build operation 'Notify task graph whenReady listeners'
2024-11-23T14:25:03.982-0800 [DEBUG] [org.gradle.internal.operations.DefaultBuildOperationRunner] Build operation 'Notify task graph whenReady listeners' completed
2024-11-23T14:25:03.982-0800 [DEBUG] [org.gradle.internal.resources.AbstractTrackedResourceLock] Daemon worker Thread 2: released lock on All projects of :
2024-11-23T14:25:03.982-0800 [DEBUG] [org.gradle.internal.operations.DefaultBuildOperationRunner] Build operation 'Realize task :clean' started
2024-11-23T14:25:03.982-0800 [DEBUG] [org.gradle.internal.operations.DefaultBuildOperationRunner] Build operation 'Execute container callback action' started
2024-11-23T14:25:03.982-0800 [DEBUG] [org.gradle.internal.operations.DefaultBuildOperationRunner] Completing Build operation 'Execute container callback action'
2024-11-23T14:25:03.982-0800 [DEBUG] [org.gradle.internal.operations.DefaultBuildOperationRunner] Build operation 'Execute container callback action' completed
2024-11-23T14:25:03.982-0800 [DEBUG] [org.gradle.internal.operations.DefaultBuildOperationRunner] Completing Build operation 'Realize task :clean'
2024-11-23T14:25:03.983-0800 [DEBUG] [org.gradle.internal.operations.DefaultBuildOperationRunner] Build operation 'Realize task :clean' completed
2024-11-23T14:25:03.983-0800 [DEBUG] [org.gradle.internal.operations.DefaultBuildOperationRunner] Completing Build operation 'Calculate build tree task graph'
2024-11-23T14:25:03.983-0800 [DEBUG] [org.gradle.internal.operations.DefaultBuildOperationRunner] Build operation 'Calculate build tree task graph' completed
2024-11-23T14:25:03.983-0800 [DEBUG] [org.gradle.internal.operations.DefaultBuildOperationRunner] Build operation 'Run main tasks' started
2024-11-23T14:25:03.983-0800 [DEBUG] [org.gradle.internal.resources.AbstractTrackedResourceLock] Daemon worker Thread 2: released lock on worker lease
2024-11-23T14:25:03.983-0800 [DEBUG] [org.gradle.internal.resources.AbstractTrackedResourceLock] included builds: acquired lock on worker lease
2024-11-23T14:25:03.984-0800 [DEBUG] [org.gradle.internal.operations.DefaultBuildOperationRunner] Build operation 'Run tasks' started
2024-11-23T14:25:03.984-0800 [DEBUG] [org.gradle.execution.plan.DefaultPlanExecutor] Using 16 parallel executor threads
2024-11-23T14:25:03.984-0800 [DEBUG] [org.gradle.internal.resources.AbstractTrackedResourceLock] Execution worker: acquired lock on worker lease
2024-11-23T14:25:03.984-0800 [DEBUG] [org.gradle.internal.resources.AbstractTrackedResourceLock] Execution worker: acquired lock on state of build :
2024-11-23T14:25:03.984-0800 [DEBUG] [org.gradle.internal.resources.AbstractTrackedResourceLock] Execution worker: acquired lock on task execution for build :
2024-11-23T14:25:03.984-0800 [INFO] [org.gradle.execution.plan.DefaultPlanExecutor] Resolve mutations for :compileJava (Thread[#170,Execution worker,5,main]) started.
2024-11-23T14:25:03.984-0800 [DEBUG] [org.gradle.internal.resources.AbstractTrackedResourceLock] Execution worker Thread 2: acquired lock on worker lease
2024-11-23T14:25:03.984-0800 [DEBUG] [org.gradle.internal.operations.DefaultBuildOperationRunner] Build operation 'Resolve mutations for task :compileJava' started
2024-11-23T14:25:03.985-0800 [DEBUG] [org.gradle.execution.plan.DefaultFinalizedExecutionPlan] Cannot acquire project lock for node Resolve mutations for :processResources
2024-11-23T14:25:03.985-0800 [DEBUG] [org.gradle.execution.plan.DefaultFinalizedExecutionPlan] Cannot acquire project lock for node Resolve mutations for :processResources
2024-11-23T14:25:03.985-0800 [DEBUG] [org.gradle.execution.plan.DefaultFinalizedExecutionPlan] Cannot acquire project lock for node Resolve mutations for :processTestResources
2024-11-23T14:25:03.985-0800 [DEBUG] [org.gradle.internal.resources.AbstractTrackedResourceLock] Execution worker Thread 2: released lock on worker lease
2024-11-23T14:25:03.985-0800 [DEBUG] [org.gradle.internal.resources.AbstractTrackedResourceLock] Execution worker Thread 6: acquired lock on worker lease
2024-11-23T14:25:03.985-0800 [DEBUG] [org.gradle.internal.resources.AbstractTrackedResourceLock] Execution worker Thread 6: released lock on worker lease
2024-11-23T14:25:03.985-0800 [DEBUG] [org.gradle.internal.resources.AbstractTrackedResourceLock] Execution worker Thread 8: acquired lock on worker lease
2024-11-23T14:25:03.985-0800 [DEBUG] [org.gradle.internal.resources.AbstractTrackedResourceLock] Execution worker Thread 8: released lock on worker lease
2024-11-23T14:25:03.985-0800 [DEBUG] [org.gradle.internal.resources.AbstractTrackedResourceLock] Execution worker Thread 5: acquired lock on worker lease
2024-11-23T14:25:03.986-0800 [DEBUG] [org.gradle.internal.resources.AbstractTrackedResourceLock] Execution worker Thread 5: released lock on worker lease
2024-11-23T14:25:03.986-0800 [DEBUG] [org.gradle.internal.resources.AbstractTrackedResourceLock] Execution worker Thread 10: acquired lock on worker lease
2024-11-23T14:25:03.986-0800 [DEBUG] [org.gradle.internal.resources.AbstractTrackedResourceLock] Execution worker Thread 10: released lock on worker lease
2024-11-23T14:25:03.986-0800 [DEBUG] [org.gradle.internal.resources.AbstractTrackedResourceLock] Execution worker Thread 4: acquired lock on worker lease
2024-11-23T14:25:03.986-0800 [DEBUG] [org.gradle.internal.resources.AbstractTrackedResourceLock] Execution worker Thread 4: released lock on worker lease
2024-11-23T14:25:03.986-0800 [DEBUG] [org.gradle.internal.operations.DefaultBuildOperationRunner] Completing Build operation 'Resolve mutations for task :compileJava'
2024-11-23T14:25:03.986-0800 [DEBUG] [org.gradle.internal.resources.AbstractTrackedResourceLock] Execution worker Thread 3: acquired lock on worker lease
2024-11-23T14:25:03.986-0800 [DEBUG] [org.gradle.internal.operations.DefaultBuildOperationRunner] Build operation 'Resolve mutations for task :compileJava' completed
2024-11-23T14:25:03.987-0800 [DEBUG] [org.gradle.internal.resources.AbstractTrackedResourceLock] Execution worker Thread 3: released lock on worker lease
2024-11-23T14:25:03.987-0800 [DEBUG] [org.gradle.execution.plan.DefaultFinalizedExecutionPlan] Node Resolve mutations for :compileJava completed, executed: true
2024-11-23T14:25:03.987-0800 [DEBUG] [org.gradle.execution.plan.DefaultFinalizedExecutionPlan] Node Resolve mutations for :compileJava finished executing
2024-11-23T14:25:03.987-0800 [DEBUG] [org.gradle.internal.resources.AbstractTrackedResourceLock] Execution worker: released lock on state of build :
2024-11-23T14:25:03.987-0800 [DEBUG] [org.gradle.internal.resources.AbstractTrackedResourceLock] Execution worker: released lock on task execution for build :
2024-11-23T14:25:03.987-0800 [DEBUG] [org.gradle.internal.resources.AbstractTrackedResourceLock] Execution worker: acquired lock on state of build :
2024-11-23T14:25:03.987-0800 [DEBUG] [org.gradle.internal.resources.AbstractTrackedResourceLock] Execution worker: acquired lock on task execution for build :
2024-11-23T14:25:03.987-0800 [INFO] [org.gradle.execution.plan.DefaultPlanExecutor] :compileJava (Thread[#170,Execution worker,5,main]) started.
2024-11-23T14:25:03.987-0800 [DEBUG] [org.gradle.internal.resources.AbstractTrackedResourceLock] Execution worker Thread 15: acquired lock on worker lease
2024-11-23T14:25:03.988-0800 [DEBUG] [org.gradle.execution.plan.DefaultFinalizedExecutionPlan] Cannot acquire project lock for node Resolve mutations for :processResources
2024-11-23T14:25:03.988-0800 [DEBUG] [org.gradle.execution.plan.DefaultFinalizedExecutionPlan] Cannot acquire project lock for node Resolve mutations for :processTestResources
2024-11-23T14:25:03.988-0800 [DEBUG] [org.gradle.internal.resources.AbstractTrackedResourceLock] Execution worker Thread 15: released lock on worker lease
2024-11-23T14:25:03.988-0800 [DEBUG] [org.gradle.cache.internal.DefaultCacheCoordinator] Creating new cache for executionHistory, path /Users/bclement/git/aerie-multimission-models-bb/.gradle/8.7/executionHistory/executionHistory.bin, access org.gradle.cache.internal.DefaultCacheCoordinator@4b71799
2024-11-23T14:25:03.988-0800 [DEBUG] [org.gradle.internal.resources.AbstractTrackedResourceLock] Execution worker Thread 14: acquired lock on worker lease
2024-11-23T14:25:03.988-0800 [DEBUG] [org.gradle.internal.resources.AbstractTrackedResourceLock] Execution worker Thread 14: released lock on worker lease
2024-11-23T14:25:03.988-0800 [DEBUG] [org.gradle.internal.resources.AbstractTrackedResourceLock] Execution worker Thread 13: acquired lock on worker lease
2024-11-23T14:25:03.988-0800 [DEBUG] [org.gradle.cache.internal.LockOnDemandCrossProcessCacheAccess] Acquiring file lock for execution history cache (/Users/bclement/git/aerie-multimission-models-bb/.gradle/8.7/executionHistory)
2024-11-23T14:25:03.988-0800 [DEBUG] [org.gradle.internal.resources.AbstractTrackedResourceLock] Execution worker Thread 13: released lock on worker lease
2024-11-23T14:25:03.988-0800 [DEBUG] [org.gradle.internal.resources.AbstractTrackedResourceLock] Execution worker Thread 12: acquired lock on worker lease
2024-11-23T14:25:03.988-0800 [DEBUG] [org.gradle.internal.resources.AbstractTrackedResourceLock] Execution worker Thread 12: released lock on worker lease
2024-11-23T14:25:03.988-0800 [DEBUG] [org.gradle.cache.internal.DefaultFileLockManager] Waiting to acquire exclusive lock on execution history cache (/Users/bclement/git/aerie-multimission-models-bb/.gradle/8.7/executionHistory).
2024-11-23T14:25:03.988-0800 [DEBUG] [org.gradle.internal.resources.AbstractTrackedResourceLock] Execution worker Thread 11: acquired lock on worker lease
2024-11-23T14:25:03.989-0800 [DEBUG] [org.gradle.internal.resources.AbstractTrackedResourceLock] Execution worker Thread 11: released lock on worker lease
2024-11-23T14:25:03.989-0800 [DEBUG] [org.gradle.cache.internal.DefaultFileLockManager] Lock acquired on execution history cache (/Users/bclement/git/aerie-multimission-models-bb/.gradle/8.7/executionHistory).
2024-11-23T14:25:03.989-0800 [DEBUG] [org.gradle.internal.resources.AbstractTrackedResourceLock] Execution worker Thread 9: acquired lock on worker lease
2024-11-23T14:25:03.989-0800 [DEBUG] [org.gradle.internal.resources.AbstractTrackedResourceLock] Execution worker Thread 9: released lock on worker lease
2024-11-23T14:25:03.989-0800 [DEBUG] [org.gradle.internal.resources.AbstractTrackedResourceLock] Execution worker Thread 7: acquired lock on worker lease
2024-11-23T14:25:03.989-0800 [DEBUG] [org.gradle.internal.resources.AbstractTrackedResourceLock] Execution worker Thread 7: released lock on worker lease
2024-11-23T14:25:03.989-0800 [DEBUG] [org.gradle.internal.resources.AbstractTrackedResourceLock] included builds: released lock on worker lease
2024-11-23T14:25:03.989-0800 [DEBUG] [org.gradle.internal.resources.AbstractTrackedResourceLock] Execution worker Thread 15: acquired lock on worker lease
2024-11-23T14:25:03.989-0800 [DEBUG] [org.gradle.internal.resources.AbstractTrackedResourceLock] Execution worker Thread 15: released lock on worker lease
2024-11-23T14:25:03.989-0800 [DEBUG] [org.gradle.internal.resources.AbstractTrackedResourceLock] Execution worker Thread 3: acquired lock on worker lease
2024-11-23T14:25:03.990-0800 [DEBUG] [org.gradle.internal.resources.AbstractTrackedResourceLock] Execution worker Thread 3: released lock on worker lease
2024-11-23T14:25:03.990-0800 [DEBUG] [org.gradle.internal.resources.AbstractTrackedResourceLock] Execution worker Thread 4: acquired lock on worker lease
2024-11-23T14:25:03.990-0800 [DEBUG] [org.gradle.internal.resources.AbstractTrackedResourceLock] Execution worker Thread 4: released lock on worker lease
2024-11-23T14:25:03.990-0800 [DEBUG] [org.gradle.internal.operations.DefaultBuildOperationRunner] Build operation 'Task :compileJava' started
2024-11-23T14:25:03.990-0800 [DEBUG] [org.gradle.internal.resources.AbstractTrackedResourceLock] Execution worker Thread 10: acquired lock on worker lease
2024-11-23T14:25:03.990-0800 [DEBUG] [org.gradle.internal.resources.AbstractTrackedResourceLock] Execution worker Thread 10: released lock on worker lease
2024-11-23T14:25:03.990-0800 [DEBUG] [org.gradle.internal.resources.AbstractTrackedResourceLock] Execution worker Thread 5: acquired lock on worker lease
2024-11-23T14:25:03.991-0800 [DEBUG] [org.gradle.internal.operations.DefaultBuildOperationRunner] Build operation 'Identifying work' started
2024-11-23T14:25:03.991-0800 [DEBUG] [org.gradle.internal.operations.DefaultBuildOperationRunner] Completing Build operation 'Identifying work'
2024-11-23T14:25:03.991-0800 [DEBUG] [org.gradle.internal.resources.AbstractTrackedResourceLock] Execution worker Thread 5: released lock on worker lease
2024-11-23T14:25:03.991-0800 [DEBUG] [org.gradle.internal.resources.AbstractTrackedResourceLock] Execution worker Thread 8: acquired lock on worker lease
2024-11-23T14:25:03.991-0800 [DEBUG] [org.gradle.internal.resources.AbstractTrackedResourceLock] Execution worker Thread 8: released lock on worker lease
2024-11-23T14:25:03.991-0800 [DEBUG] [org.gradle.internal.operations.DefaultBuildOperationRunner] Build operation 'Snapshot task inputs for :compileJava' started
2024-11-23T14:25:03.991-0800 [DEBUG] [org.gradle.internal.resources.AbstractTrackedResourceLock] Execution worker Thread 6: acquired lock on worker lease
2024-11-23T14:25:03.991-0800 [DEBUG] [org.gradle.internal.resources.AbstractTrackedResourceLock] Execution worker Thread 6: released lock on worker lease
2024-11-23T14:25:03.991-0800 [DEBUG] [org.gradle.internal.resources.AbstractTrackedResourceLock] Execution worker Thread 2: acquired lock on worker lease
2024-11-23T14:25:03.991-0800 [DEBUG] [org.gradle.internal.resources.AbstractTrackedResourceLock] Execution worker Thread 2: released lock on worker lease
2024-11-23T14:25:03.991-0800 [DEBUG] [org.gradle.internal.resources.AbstractTrackedResourceLock] Execution worker Thread 7: acquired lock on worker lease
2024-11-23T14:25:03.992-0800 [DEBUG] [org.gradle.internal.resources.AbstractTrackedResourceLock] Execution worker Thread 7: released lock on worker lease
2024-11-23T14:25:03.992-0800 [DEBUG] [org.gradle.internal.resources.AbstractTrackedResourceLock] Execution worker Thread 9: acquired lock on worker lease
2024-11-23T14:25:03.992-0800 [DEBUG] [org.gradle.internal.resources.AbstractTrackedResourceLock] Execution worker Thread 9: released lock on worker lease
2024-11-23T14:25:03.992-0800 [DEBUG] [org.gradle.internal.resources.AbstractTrackedResourceLock] Execution worker Thread 11: acquired lock on worker lease
2024-11-23T14:25:03.992-0800 [DEBUG] [org.gradle.internal.resources.AbstractTrackedResourceLock] Execution worker Thread 11: released lock on worker lease
2024-11-23T14:25:03.992-0800 [DEBUG] [org.gradle.internal.resources.AbstractTrackedResourceLock] Execution worker Thread 12: acquired lock on worker lease
2024-11-23T14:25:03.992-0800 [DEBUG] [org.gradle.internal.resources.AbstractTrackedResourceLock] Execution worker Thread 12: released lock on worker lease
2024-11-23T14:25:03.992-0800 [DEBUG] [org.gradle.internal.resources.AbstractTrackedResourceLock] Execution worker Thread 13: acquired lock on worker lease
2024-11-23T14:25:03.992-0800 [DEBUG] [org.gradle.internal.resources.AbstractTrackedResourceLock] Execution worker Thread 13: released lock on worker lease
2024-11-23T14:25:03.992-0800 [DEBUG] [org.gradle.internal.resources.AbstractTrackedResourceLock] Execution worker Thread 14: acquired lock on worker lease
2024-11-23T14:25:03.992-0800 [DEBUG] [org.gradle.internal.resources.AbstractTrackedResourceLock] Execution worker Thread 14: released lock on worker lease
2024-11-23T14:25:03.997-0800 [DEBUG] [org.gradle.internal.operations.DefaultBuildOperationRunner] Build operation 'Snapshot inputs and outputs before executing task ':compileJava'' started
2024-11-23T14:25:03.999-0800 [DEBUG] [org.gradle.internal.operations.DefaultBuildOperationRunner] Build operation 'Resolve dependencies of :compileClasspath' started
2024-11-23T14:25:04.029-0800 [DEBUG] [org.gradle.internal.operations.DefaultBuildOperationRunner] Completing Build operation 'Resolve dependencies of :compileClasspath'
2024-11-23T14:25:04.031-0800 [DEBUG] [org.gradle.internal.operations.DefaultBuildOperationRunner] Build operation 'Resolve files of configuration ':compileClasspath'' started
2024-11-23T14:25:04.034-0800 [DEBUG] [org.gradle.internal.operations.DefaultBuildOperationRunner] Build operation 'Resolve contrib-2.16.0.jar (gov.nasa.jpl.aerie:contrib:2.16.0)' started
2024-11-23T14:25:04.034-0800 [DEBUG] [org.gradle.internal.resources.AbstractTrackedResourceLock] Unconstrained build operations: acquired lock on worker lease
2024-11-23T14:25:04.034-0800 [DEBUG] [org.gradle.internal.operations.DefaultBuildOperationRunner] Build operation 'Resolve merlin-framework-2.16.0.jar (gov.nasa.jpl.aerie:merlin-framework:2.16.0)' started
2024-11-23T14:25:04.034-0800 [DEBUG] [org.gradle.internal.resources.AbstractTrackedResourceLock] Unconstrained build operations Thread 9: acquired lock on worker lease
2024-11-23T14:25:04.035-0800 [DEBUG] [org.gradle.internal.operations.DefaultBuildOperationRunner] Completing Build operation 'Resolve contrib-2.16.0.jar (gov.nasa.jpl.aerie:contrib:2.16.0)'
2024-11-23T14:25:04.035-0800 [DEBUG] [org.gradle.internal.resources.AbstractTrackedResourceLock] Unconstrained build operations Thread 8: acquired lock on worker lease
2024-11-23T14:25:04.035-0800 [DEBUG] [org.gradle.internal.operations.DefaultBuildOperationRunner] Build operation 'Resolve error_prone_annotations-2.27.0.jar (com.google.errorprone:error_prone_annotations:2.27.0)' started
2024-11-23T14:25:04.035-0800 [DEBUG] [org.gradle.internal.resources.AbstractTrackedResourceLock] Unconstrained build operations Thread 6: acquired lock on worker lease
2024-11-23T14:25:04.035-0800 [DEBUG] [org.gradle.internal.operations.DefaultBuildOperationRunner] Build operation 'Resolve javax.json-1.1.4.jar (org.glassfish:javax.json:1.1.4)' started
2024-11-23T14:25:04.035-0800 [DEBUG] [org.gradle.internal.operations.DefaultBuildOperationRunner] Completing Build operation 'Resolve error_prone_annotations-2.27.0.jar (com.google.errorprone:error_prone_annotations:2.27.0)'
2024-11-23T14:25:04.035-0800 [DEBUG] [org.gradle.internal.operations.DefaultBuildOperationRunner] Completing Build operation 'Resolve merlin-framework-2.16.0.jar (gov.nasa.jpl.aerie:merlin-framework:2.16.0)'
2024-11-23T14:25:04.035-0800 [DEBUG] [org.gradle.internal.operations.DefaultBuildOperationRunner] Build operation 'Resolve error_prone_annotations-2.27.0.jar (com.google.errorprone:error_prone_annotations:2.27.0)' completed
2024-11-23T14:25:04.035-0800 [DEBUG] [org.gradle.internal.resources.AbstractTrackedResourceLock] Unconstrained build operations Thread 7: acquired lock on worker lease
2024-11-23T14:25:04.035-0800 [DEBUG] [org.gradle.internal.operations.DefaultBuildOperationRunner] Build operation 'Resolve commons-math3-3.6.1.jar (org.apache.commons:commons-math3:3.6.1)' started
2024-11-23T14:25:04.036-0800 [DEBUG] [org.gradle.internal.resources.AbstractTrackedResourceLock] Unconstrained build operations Thread 5: acquired lock on worker lease
2024-11-23T14:25:04.036-0800 [DEBUG] [org.gradle.internal.operations.DefaultBuildOperationRunner] Build operation 'Resolve commons-lang3-3.13.0.jar (org.apache.commons:commons-lang3:3.13.0)' started
2024-11-23T14:25:04.036-0800 [DEBUG] [org.gradle.internal.operations.DefaultBuildOperationRunner] Completing Build operation 'Resolve javax.json-1.1.4.jar (org.glassfish:javax.json:1.1.4)'
2024-11-23T14:25:04.036-0800 [DEBUG] [org.gradle.internal.operations.DefaultBuildOperationRunner] Build operation 'Resolve merlin-framework-2.16.0.jar (gov.nasa.jpl.aerie:merlin-framework:2.16.0)' completed
2024-11-23T14:25:04.036-0800 [DEBUG] [org.gradle.internal.operations.DefaultBuildOperationRunner] Build operation 'Resolve javax.json-1.1.4.jar (org.glassfish:javax.json:1.1.4)' completed
2024-11-23T14:25:04.037-0800 [DEBUG] [org.gradle.internal.operations.DefaultBuildOperationRunner] Completing Build operation 'Resolve commons-math3-3.6.1.jar (org.apache.commons:commons-math3:3.6.1)'
2024-11-23T14:25:04.037-0800 [DEBUG] [org.gradle.internal.operations.DefaultBuildOperationRunner] Build operation 'Resolve commons-math3-3.6.1.jar (org.apache.commons:commons-math3:3.6.1)' completed
2024-11-23T14:25:04.036-0800 [DEBUG] [org.gradle.internal.resources.AbstractTrackedResourceLock] Unconstrained build operations Thread 4: acquired lock on worker lease
2024-11-23T14:25:04.036-0800 [DEBUG] [org.gradle.internal.operations.DefaultBuildOperationRunner] Build operation 'Resolve JNISpice-N0067.jar (JNISpice:JNISpice:N0067)' started
2024-11-23T14:25:04.037-0800 [DEBUG] [org.gradle.internal.resources.AbstractTrackedResourceLock] Unconstrained build operations Thread 3: acquired lock on worker lease
2024-11-23T14:25:04.037-0800 [DEBUG] [org.gradle.internal.operations.DefaultBuildOperationRunner] Build operation 'Resolve parsing-utilities-2.16.0.jar (gov.nasa.jpl.aerie:parsing-utilities:2.16.0)' started
2024-11-23T14:25:04.037-0800 [DEBUG] [org.gradle.internal.operations.DefaultBuildOperationRunner] Build operation 'Resolve gson-2.11.0.jar (com.google.code.gson:gson:2.11.0)' started
2024-11-23T14:25:04.036-0800 [DEBUG] [org.gradle.internal.operations.DefaultBuildOperationRunner] Completing Build operation 'Resolve commons-lang3-3.13.0.jar (org.apache.commons:commons-lang3:3.13.0)'
2024-11-23T14:25:04.037-0800 [DEBUG] [org.gradle.internal.resources.AbstractTrackedResourceLock] Unconstrained build operations Thread 2: acquired lock on worker lease
2024-11-23T14:25:04.038-0800 [DEBUG] [org.gradle.internal.operations.DefaultBuildOperationRunner] Completing Build operation 'Resolve parsing-utilities-2.16.0.jar (gov.nasa.jpl.aerie:parsing-utilities:2.16.0)'
2024-11-23T14:25:04.038-0800 [DEBUG] [org.gradle.internal.operations.DefaultBuildOperationRunner] Build operation 'Resolve parsing-utilities-2.16.0.jar (gov.nasa.jpl.aerie:parsing-utilities:2.16.0)' completed
2024-11-23T14:25:04.038-0800 [DEBUG] [org.gradle.internal.operations.DefaultBuildOperationRunner] Completing Build operation 'Resolve gson-2.11.0.jar (com.google.code.gson:gson:2.11.0)'
2024-11-23T14:25:04.038-0800 [DEBUG] [org.gradle.internal.operations.DefaultBuildOperationRunner] Build operation 'Resolve gson-2.11.0.jar (com.google.code.gson:gson:2.11.0)' completed
2024-11-23T14:25:04.038-0800 [DEBUG] [org.gradle.internal.operations.DefaultBuildOperationRunner] Completing Build operation 'Resolve JNISpice-N0067.jar (JNISpice:JNISpice:N0067)'
2024-11-23T14:25:04.038-0800 [DEBUG] [org.gradle.internal.operations.DefaultBuildOperationRunner] Build operation 'Resolve JNISpice-N0067.jar (JNISpice:JNISpice:N0067)' completed
2024-11-23T14:25:04.038-0800 [DEBUG] [org.gradle.internal.operations.DefaultBuildOperationRunner] Build operation 'Resolve commons-lang3-3.13.0.jar (org.apache.commons:commons-lang3:3.13.0)' completed
2024-11-23T14:25:04.038-0800 [DEBUG] [org.gradle.internal.resources.AbstractTrackedResourceLock] Unconstrained build operations Thread 11: acquired lock on worker lease
2024-11-23T14:25:04.039-0800 [DEBUG] [org.gradle.internal.operations.DefaultBuildOperationRunner] Build operation 'Resolve merlin-driver-2.16.0.jar (gov.nasa.jpl.aerie:merlin-driver:2.16.0)' started
2024-11-23T14:25:04.038-0800 [DEBUG] [org.gradle.internal.operations.DefaultBuildOperationRunner] Build operation 'Resolve merlin-sdk-2.16.0.jar (gov.nasa.jpl.aerie:merlin-sdk:2.16.0)' started
2024-11-23T14:25:04.039-0800 [DEBUG] [org.gradle.internal.resources.AbstractTrackedResourceLock] Unconstrained build operations Thread 6: released lock on worker lease
2024-11-23T14:25:04.039-0800 [DEBUG] [org.gradle.internal.resources.AbstractTrackedResourceLock] Unconstrained build operations Thread 8: released lock on worker lease
2024-11-23T14:25:04.039-0800 [DEBUG] [org.gradle.internal.operations.DefaultBuildOperationRunner] Completing Build operation 'Resolve merlin-sdk-2.16.0.jar (gov.nasa.jpl.aerie:merlin-sdk:2.16.0)'
2024-11-23T14:25:04.039-0800 [DEBUG] [org.gradle.internal.operations.DefaultBuildOperationRunner] Build operation 'Resolve merlin-sdk-2.16.0.jar (gov.nasa.jpl.aerie:merlin-sdk:2.16.0)' completed
2024-11-23T14:25:04.039-0800 [DEBUG] [org.gradle.internal.operations.DefaultBuildOperationRunner] Completing Build operation 'Resolve merlin-driver-2.16.0.jar (gov.nasa.jpl.aerie:merlin-driver:2.16.0)'
2024-11-23T14:25:04.039-0800 [DEBUG] [org.gradle.internal.operations.DefaultBuildOperationRunner] Build operation 'Resolve merlin-driver-2.16.0.jar (gov.nasa.jpl.aerie:merlin-driver:2.16.0)' completed
2024-11-23T14:25:04.039-0800 [DEBUG] [org.gradle.internal.resources.AbstractTrackedResourceLock] Unconstrained build operations: released lock on worker lease
2024-11-23T14:25:04.039-0800 [DEBUG] [org.gradle.internal.resources.AbstractTrackedResourceLock] Unconstrained build operations Thread 9: released lock on worker lease
2024-11-23T14:25:04.040-0800 [DEBUG] [org.gradle.internal.resources.AbstractTrackedResourceLock] Unconstrained build operations Thread 11: released lock on worker lease
2024-11-23T14:25:04.040-0800 [DEBUG] [org.gradle.internal.resources.AbstractTrackedResourceLock] Unconstrained build operations Thread 2: released lock on worker lease
2024-11-23T14:25:04.040-0800 [DEBUG] [org.gradle.internal.resources.AbstractTrackedResourceLock] Execution worker Thread 14: acquired lock on worker lease
2024-11-23T14:25:04.040-0800 [DEBUG] [org.gradle.execution.plan.DefaultFinalizedExecutionPlan] Cannot acquire project lock for node Resolve mutations for :processResources
2024-11-23T14:25:04.040-0800 [DEBUG] [org.gradle.execution.plan.DefaultFinalizedExecutionPlan] Cannot acquire project lock for node Resolve mutations for :processTestResources
2024-11-23T14:25:04.040-0800 [DEBUG] [org.gradle.internal.resources.AbstractTrackedResourceLock] Execution worker Thread 14: released lock on worker lease
2024-11-23T14:25:04.040-0800 [DEBUG] [org.gradle.internal.resources.AbstractTrackedResourceLock] Execution worker Thread 13: acquired lock on worker lease
2024-11-23T14:25:04.040-0800 [DEBUG] [org.gradle.internal.resources.AbstractTrackedResourceLock] Execution worker Thread 13: released lock on worker lease
2024-11-23T14:25:04.040-0800 [DEBUG] [org.gradle.internal.resources.AbstractTrackedResourceLock] Execution worker Thread 12: acquired lock on worker lease
2024-11-23T14:25:04.040-0800 [DEBUG] [org.gradle.internal.resources.AbstractTrackedResourceLock] Execution worker Thread 12: released lock on worker lease
2024-11-23T14:25:04.041-0800 [DEBUG] [org.gradle.internal.resources.AbstractTrackedResourceLock] Execution worker Thread 11: acquired lock on worker lease
2024-11-23T14:25:04.041-0800 [DEBUG] [org.gradle.internal.resources.AbstractTrackedResourceLock] Execution worker Thread 11: released lock on worker lease
2024-11-23T14:25:04.041-0800 [DEBUG] [org.gradle.internal.resources.AbstractTrackedResourceLock] Execution worker Thread 9: acquired lock on worker lease
2024-11-23T14:25:04.041-0800 [DEBUG] [org.gradle.internal.resources.AbstractTrackedResourceLock] Execution worker Thread 9: released lock on worker lease
2024-11-23T14:25:04.041-0800 [DEBUG] [org.gradle.internal.resources.AbstractTrackedResourceLock] Execution worker Thread 7: acquired lock on worker lease
2024-11-23T14:25:04.041-0800 [DEBUG] [org.gradle.internal.resources.AbstractTrackedResourceLock] Execution worker Thread 7: released lock on worker lease
2024-11-23T14:25:04.041-0800 [DEBUG] [org.gradle.internal.resources.AbstractTrackedResourceLock] Execution worker Thread 2: acquired lock on worker lease
2024-11-23T14:25:04.041-0800 [DEBUG] [org.gradle.internal.resources.AbstractTrackedResourceLock] Execution worker Thread 2: released lock on worker lease
2024-11-23T14:25:04.041-0800 [DEBUG] [org.gradle.internal.resources.AbstractTrackedResourceLock] Execution worker Thread 6: acquired lock on worker lease
2024-11-23T14:25:04.041-0800 [DEBUG] [org.gradle.internal.resources.AbstractTrackedResourceLock] Execution worker Thread 6: released lock on worker lease
2024-11-23T14:25:04.041-0800 [DEBUG] [org.gradle.internal.resources.AbstractTrackedResourceLock] Execution worker Thread 8: acquired lock on worker lease
2024-11-23T14:25:04.041-0800 [DEBUG] [org.gradle.internal.resources.AbstractTrackedResourceLock] Execution worker Thread 8: released lock on worker lease
2024-11-23T14:25:04.041-0800 [DEBUG] [org.gradle.internal.resources.AbstractTrackedResourceLock] Execution worker Thread 5: acquired lock on worker lease
2024-11-23T14:25:04.041-0800 [DEBUG] [org.gradle.internal.resources.AbstractTrackedResourceLock] Execution worker Thread 5: released lock on worker lease
2024-11-23T14:25:04.042-0800 [DEBUG] [org.gradle.internal.resources.AbstractTrackedResourceLock] Execution worker Thread 10: acquired lock on worker lease
2024-11-23T14:25:04.042-0800 [DEBUG] [org.gradle.internal.resources.AbstractTrackedResourceLock] Execution worker Thread 10: released lock on worker lease
2024-11-23T14:25:04.042-0800 [DEBUG] [org.gradle.internal.resources.AbstractTrackedResourceLock] Execution worker Thread 4: acquired lock on worker lease
2024-11-23T14:25:04.042-0800 [DEBUG] [org.gradle.internal.resources.AbstractTrackedResourceLock] Execution worker Thread 4: released lock on worker lease
2024-11-23T14:25:04.042-0800 [DEBUG] [org.gradle.internal.resources.AbstractTrackedResourceLock] Execution worker Thread 3: acquired lock on worker lease
2024-11-23T14:25:04.042-0800 [DEBUG] [org.gradle.internal.resources.AbstractTrackedResourceLock] Execution worker Thread 3: released lock on worker lease
2024-11-23T14:25:04.042-0800 [DEBUG] [org.gradle.internal.resources.AbstractTrackedResourceLock] Execution worker Thread 15: acquired lock on worker lease
2024-11-23T14:25:04.042-0800 [DEBUG] [org.gradle.internal.resources.AbstractTrackedResourceLock] Execution worker Thread 15: released lock on worker lease
2024-11-23T14:25:04.042-0800 [DEBUG] [org.gradle.internal.resources.AbstractTrackedResourceLock] included builds: acquired lock on worker lease
2024-11-23T14:25:04.042-0800 [DEBUG] [org.gradle.internal.resources.AbstractTrackedResourceLock] included builds: released lock on worker lease
2024-11-23T14:25:04.042-0800 [DEBUG] [org.gradle.internal.resources.AbstractTrackedResourceLock] Unconstrained build operations Thread 7: released lock on worker lease
2024-11-23T14:25:04.043-0800 [DEBUG] [org.gradle.internal.resources.AbstractTrackedResourceLock] Unconstrained build operations Thread 5: released lock on worker lease
2024-11-23T14:25:04.043-0800 [DEBUG] [org.gradle.internal.resources.AbstractTrackedResourceLock] Unconstrained build operations Thread 4: released lock on worker lease
2024-11-23T14:25:04.043-0800 [DEBUG] [org.gradle.internal.resources.AbstractTrackedResourceLock] Unconstrained build operations Thread 3: released lock on worker lease
2024-11-23T14:25:04.043-0800 [DEBUG] [org.gradle.internal.resources.AbstractTrackedResourceLock] included builds: acquired lock on worker lease
2024-11-23T14:25:04.043-0800 [DEBUG] [org.gradle.internal.resources.AbstractTrackedResourceLock] included builds: released lock on worker lease
2024-11-23T14:25:04.043-0800 [DEBUG] [org.gradle.internal.resources.AbstractTrackedResourceLock] Execution worker Thread 15: acquired lock on worker lease
2024-11-23T14:25:04.043-0800 [DEBUG] [org.gradle.internal.resources.AbstractTrackedResourceLock] Execution worker Thread 15: released lock on worker lease
2024-11-23T14:25:04.043-0800 [DEBUG] [org.gradle.internal.resources.AbstractTrackedResourceLock] Execution worker Thread 3: acquired lock on worker lease
2024-11-23T14:25:04.043-0800 [DEBUG] [org.gradle.internal.resources.AbstractTrackedResourceLock] Execution worker Thread 3: released lock on worker lease
2024-11-23T14:25:04.043-0800 [DEBUG] [org.gradle.internal.resources.AbstractTrackedResourceLock] Execution worker Thread 4: acquired lock on worker lease
2024-11-23T14:25:04.043-0800 [DEBUG] [org.gradle.internal.resources.AbstractTrackedResourceLock] Execution worker Thread 4: released lock on worker lease
2024-11-23T14:25:04.044-0800 [DEBUG] [org.gradle.internal.resources.AbstractTrackedResourceLock] Execution worker Thread 10: acquired lock on worker lease
2024-11-23T14:25:04.044-0800 [DEBUG] [org.gradle.internal.resources.AbstractTrackedResourceLock] Execution worker Thread 10: released lock on worker lease
2024-11-23T14:25:04.044-0800 [DEBUG] [org.gradle.internal.resources.AbstractTrackedResourceLock] Execution worker Thread 5: acquired lock on worker lease
2024-11-23T14:25:04.044-0800 [DEBUG] [org.gradle.internal.resources.AbstractTrackedResourceLock] Execution worker Thread 5: released lock on worker lease
2024-11-23T14:25:04.044-0800 [DEBUG] [org.gradle.internal.resources.AbstractTrackedResourceLock] Execution worker Thread 8: acquired lock on worker lease
2024-11-23T14:25:04.044-0800 [DEBUG] [org.gradle.internal.resources.AbstractTrackedResourceLock] Execution worker Thread 8: released lock on worker lease
2024-11-23T14:25:04.044-0800 [DEBUG] [org.gradle.internal.resources.AbstractTrackedResourceLock] Execution worker Thread 6: acquired lock on worker lease
2024-11-23T14:25:04.044-0800 [DEBUG] [org.gradle.internal.resources.AbstractTrackedResourceLock] Execution worker Thread 6: released lock on worker lease
2024-11-23T14:25:04.044-0800 [DEBUG] [org.gradle.internal.resources.AbstractTrackedResourceLock] Execution worker Thread 2: acquired lock on worker lease
2024-11-23T14:25:04.044-0800 [DEBUG] [org.gradle.internal.resources.AbstractTrackedResourceLock] Execution worker Thread 2: released lock on worker lease
2024-11-23T14:25:04.045-0800 [DEBUG] [org.gradle.internal.resources.AbstractTrackedResourceLock] Execution worker Thread 7: acquired lock on worker lease
2024-11-23T14:25:04.045-0800 [DEBUG] [org.gradle.internal.resources.AbstractTrackedResourceLock] Execution worker Thread 7: released lock on worker lease
2024-11-23T14:25:04.045-0800 [DEBUG] [org.gradle.internal.resources.AbstractTrackedResourceLock] Execution worker Thread 9: acquired lock on worker lease
2024-11-23T14:25:04.045-0800 [DEBUG] [org.gradle.internal.resources.AbstractTrackedResourceLock] Execution worker Thread 9: released lock on worker lease
2024-11-23T14:25:04.045-0800 [DEBUG] [org.gradle.internal.resources.AbstractTrackedResourceLock] Execution worker Thread 11: acquired lock on worker lease
2024-11-23T14:25:04.045-0800 [DEBUG] [org.gradle.internal.resources.AbstractTrackedResourceLock] Execution worker Thread 11: released lock on worker lease
2024-11-23T14:25:04.045-0800 [DEBUG] [org.gradle.internal.resources.AbstractTrackedResourceLock] Execution worker Thread 12: acquired lock on worker lease
2024-11-23T14:25:04.045-0800 [DEBUG] [org.gradle.internal.resources.AbstractTrackedResourceLock] Execution worker Thread 12: released lock on worker lease
2024-11-23T14:25:04.045-0800 [DEBUG] [org.gradle.internal.resources.AbstractTrackedResourceLock] Execution worker Thread 13: acquired lock on worker lease
2024-11-23T14:25:04.045-0800 [DEBUG] [org.gradle.internal.resources.AbstractTrackedResourceLock] Execution worker Thread 13: released lock on worker lease
2024-11-23T14:25:04.045-0800 [DEBUG] [org.gradle.internal.resources.AbstractTrackedResourceLock] Execution worker Thread 14: acquired lock on worker lease
2024-11-23T14:25:04.045-0800 [DEBUG] [org.gradle.internal.resources.AbstractTrackedResourceLock] Execution worker Thread 14: released lock on worker lease
2024-11-23T14:25:04.046-0800 [DEBUG] [org.gradle.internal.operations.DefaultBuildOperationRunner] Completing Build operation 'Resolve files of configuration ':compileClasspath''
2024-11-23T14:25:04.047-0800 [DEBUG] [org.gradle.internal.operations.DefaultBuildOperationRunner] Build operation 'Resolve dependencies of :annotationProcessor' started
2024-11-23T14:25:04.060-0800 [DEBUG] [org.gradle.internal.operations.DefaultBuildOperationRunner] Completing Build operation 'Resolve dependencies of :annotationProcessor'
2024-11-23T14:25:04.062-0800 [DEBUG] [org.gradle.internal.operations.DefaultBuildOperationRunner] Build operation 'Resolve files of configuration ':annotationProcessor'' started
2024-11-23T14:25:04.062-0800 [DEBUG] [org.gradle.internal.operations.DefaultBuildOperationRunner] Build operation 'Resolve merlin-framework-processor-2.16.0.jar (gov.nasa.jpl.aerie:merlin-framework-processor:2.16.0)' started
2024-11-23T14:25:04.062-0800 [DEBUG] [org.gradle.internal.resources.AbstractTrackedResourceLock] Unconstrained build operations Thread 12: acquired lock on worker lease
2024-11-23T14:25:04.062-0800 [DEBUG] [org.gradle.internal.operations.DefaultBuildOperationRunner] Build operation 'Resolve javapoet-1.13.0.jar (com.squareup:javapoet:1.13.0)' started
2024-11-23T14:25:04.063-0800 [DEBUG] [org.gradle.internal.operations.DefaultBuildOperationRunner] Completing Build operation 'Resolve merlin-framework-processor-2.16.0.jar (gov.nasa.jpl.aerie:merlin-framework-processor:2.16.0)'
2024-11-23T14:25:04.063-0800 [DEBUG] [org.gradle.internal.operations.DefaultBuildOperationRunner] Completing Build operation 'Resolve javapoet-1.13.0.jar (com.squareup:javapoet:1.13.0)'
2024-11-23T14:25:04.063-0800 [DEBUG] [org.gradle.internal.operations.DefaultBuildOperationRunner] Build operation 'Resolve javapoet-1.13.0.jar (com.squareup:javapoet:1.13.0)' completed
2024-11-23T14:25:04.063-0800 [DEBUG] [org.gradle.internal.resources.AbstractTrackedResourceLock] included builds: acquired lock on worker lease
2024-11-23T14:25:04.063-0800 [DEBUG] [org.gradle.execution.plan.DefaultFinalizedExecutionPlan] Cannot acquire project lock for node Resolve mutations for :processResources
2024-11-23T14:25:04.063-0800 [DEBUG] [org.gradle.execution.plan.DefaultFinalizedExecutionPlan] Cannot acquire project lock for node Resolve mutations for :processTestResources
2024-11-23T14:25:04.063-0800 [DEBUG] [org.gradle.internal.resources.AbstractTrackedResourceLock] included builds: released lock on worker lease
2024-11-23T14:25:04.063-0800 [DEBUG] [org.gradle.internal.resources.AbstractTrackedResourceLock] Execution worker Thread 14: acquired lock on worker lease
2024-11-23T14:25:04.064-0800 [DEBUG] [org.gradle.internal.resources.AbstractTrackedResourceLock] Execution worker Thread 14: released lock on worker lease
2024-11-23T14:25:04.064-0800 [DEBUG] [org.gradle.internal.resources.AbstractTrackedResourceLock] Execution worker Thread 13: acquired lock on worker lease
2024-11-23T14:25:04.064-0800 [DEBUG] [org.gradle.internal.resources.AbstractTrackedResourceLock] Execution worker Thread 13: released lock on worker lease
2024-11-23T14:25:04.064-0800 [DEBUG] [org.gradle.internal.resources.AbstractTrackedResourceLock] Execution worker Thread 12: acquired lock on worker lease
2024-11-23T14:25:04.064-0800 [DEBUG] [org.gradle.internal.resources.AbstractTrackedResourceLock] Execution worker Thread 12: released lock on worker lease
2024-11-23T14:25:04.064-0800 [DEBUG] [org.gradle.internal.resources.AbstractTrackedResourceLock] Execution worker Thread 11: acquired lock on worker lease
2024-11-23T14:25:04.064-0800 [DEBUG] [org.gradle.internal.resources.AbstractTrackedResourceLock] Execution worker Thread 11: released lock on worker lease
2024-11-23T14:25:04.064-0800 [DEBUG] [org.gradle.internal.resources.AbstractTrackedResourceLock] Execution worker Thread 9: acquired lock on worker lease
2024-11-23T14:25:04.064-0800 [DEBUG] [org.gradle.internal.resources.AbstractTrackedResourceLock] Execution worker Thread 9: released lock on worker lease
2024-11-23T14:25:04.064-0800 [DEBUG] [org.gradle.internal.resources.AbstractTrackedResourceLock] Execution worker Thread 7: acquired lock on worker lease
2024-11-23T14:25:04.064-0800 [DEBUG] [org.gradle.internal.resources.AbstractTrackedResourceLock] Execution worker Thread 7: released lock on worker lease
2024-11-23T14:25:04.064-0800 [DEBUG] [org.gradle.internal.resources.AbstractTrackedResourceLock] Execution worker Thread 2: acquired lock on worker lease
2024-11-23T14:25:04.064-0800 [DEBUG] [org.gradle.internal.resources.AbstractTrackedResourceLock] Execution worker Thread 2: released lock on worker lease
2024-11-23T14:25:04.065-0800 [DEBUG] [org.gradle.internal.resources.AbstractTrackedResourceLock] Execution worker Thread 6: acquired lock on worker lease
2024-11-23T14:25:04.065-0800 [DEBUG] [org.gradle.internal.resources.AbstractTrackedResourceLock] Execution worker Thread 6: released lock on worker lease
2024-11-23T14:25:04.065-0800 [DEBUG] [org.gradle.internal.resources.AbstractTrackedResourceLock] Execution worker Thread 8: acquired lock on worker lease
2024-11-23T14:25:04.065-0800 [DEBUG] [org.gradle.internal.resources.AbstractTrackedResourceLock] Execution worker Thread 8: released lock on worker lease
2024-11-23T14:25:04.065-0800 [DEBUG] [org.gradle.internal.resources.AbstractTrackedResourceLock] Execution worker Thread 5: acquired lock on worker lease
2024-11-23T14:25:04.065-0800 [DEBUG] [org.gradle.internal.resources.AbstractTrackedResourceLock] Execution worker Thread 5: released lock on worker lease
2024-11-23T14:25:04.065-0800 [DEBUG] [org.gradle.internal.resources.AbstractTrackedResourceLock] Execution worker Thread 10: acquired lock on worker lease
2024-11-23T14:25:04.065-0800 [DEBUG] [org.gradle.internal.resources.AbstractTrackedResourceLock] Execution worker Thread 10: released lock on worker lease
2024-11-23T14:25:04.065-0800 [DEBUG] [org.gradle.internal.resources.AbstractTrackedResourceLock] Execution worker Thread 4: acquired lock on worker lease
2024-11-23T14:25:04.065-0800 [DEBUG] [org.gradle.internal.resources.AbstractTrackedResourceLock] Execution worker Thread 4: released lock on worker lease
2024-11-23T14:25:04.065-0800 [DEBUG] [org.gradle.internal.resources.AbstractTrackedResourceLock] Execution worker Thread 3: acquired lock on worker lease
2024-11-23T14:25:04.065-0800 [DEBUG] [org.gradle.internal.resources.AbstractTrackedResourceLock] Execution worker Thread 3: released lock on worker lease
2024-11-23T14:25:04.065-0800 [DEBUG] [org.gradle.internal.resources.AbstractTrackedResourceLock] Execution worker Thread 15: acquired lock on worker lease
2024-11-23T14:25:04.065-0800 [DEBUG] [org.gradle.internal.resources.AbstractTrackedResourceLock] Execution worker Thread 15: released lock on worker lease
2024-11-23T14:25:04.067-0800 [DEBUG] [org.gradle.internal.resources.AbstractTrackedResourceLock] Unconstrained build operations Thread 12: released lock on worker lease
2024-11-23T14:25:04.067-0800 [DEBUG] [org.gradle.internal.resources.AbstractTrackedResourceLock] included builds: acquired lock on worker lease
2024-11-23T14:25:04.067-0800 [DEBUG] [org.gradle.internal.resources.AbstractTrackedResourceLock] included builds: released lock on worker lease
2024-11-23T14:25:04.067-0800 [DEBUG] [org.gradle.internal.resources.AbstractTrackedResourceLock] Execution worker Thread 15: acquired lock on worker lease
2024-11-23T14:25:04.067-0800 [DEBUG] [org.gradle.internal.resources.AbstractTrackedResourceLock] Execution worker Thread 15: released lock on worker lease
2024-11-23T14:25:04.067-0800 [DEBUG] [org.gradle.internal.operations.DefaultBuildOperationRunner] Completing Build operation 'Resolve files of configuration ':annotationProcessor''
2024-11-23T14:25:04.067-0800 [DEBUG] [org.gradle.internal.resources.AbstractTrackedResourceLock] Execution worker Thread 3: acquired lock on worker lease
2024-11-23T14:25:04.068-0800 [DEBUG] [org.gradle.internal.resources.AbstractTrackedResourceLock] Execution worker Thread 3: released lock on worker lease
2024-11-23T14:25:04.068-0800 [DEBUG] [org.gradle.internal.resources.AbstractTrackedResourceLock] Execution worker Thread 4: acquired lock on worker lease
2024-11-23T14:25:04.068-0800 [DEBUG] [org.gradle.internal.resources.AbstractTrackedResourceLock] Execution worker Thread 4: released lock on worker lease
2024-11-23T14:25:04.068-0800 [DEBUG] [org.gradle.internal.operations.DefaultBuildOperationRunner] Completing Build operation 'Snapshot inputs and outputs before executing task ':compileJava''
2024-11-23T14:25:04.068-0800 [DEBUG] [org.gradle.internal.resources.AbstractTrackedResourceLock] Execution worker Thread 10: acquired lock on worker lease
2024-11-23T14:25:04.068-0800 [DEBUG] [org.gradle.internal.resources.AbstractTrackedResourceLock] Execution worker Thread 10: released lock on worker lease
2024-11-23T14:25:04.068-0800 [DEBUG] [org.gradle.internal.resources.AbstractTrackedResourceLock] Execution worker Thread 5: acquired lock on worker lease
2024-11-23T14:25:04.068-0800 [DEBUG] [org.gradle.internal.resources.AbstractTrackedResourceLock] Execution worker Thread 5: released lock on worker lease
2024-11-23T14:25:04.068-0800 [DEBUG] [org.gradle.internal.operations.DefaultBuildOperationRunner] Build operation 'Resolve files of configuration ':compileClasspath'' started
2024-11-23T14:25:04.068-0800 [DEBUG] [org.gradle.internal.resources.AbstractTrackedResourceLock] Execution worker Thread 8: acquired lock on worker lease
2024-11-23T14:25:04.068-0800 [DEBUG] [org.gradle.internal.resources.AbstractTrackedResourceLock] Execution worker Thread 8: released lock on worker lease
2024-11-23T14:25:04.069-0800 [DEBUG] [org.gradle.internal.resources.AbstractTrackedResourceLock] Execution worker Thread 6: acquired lock on worker lease
2024-11-23T14:25:04.069-0800 [DEBUG] [org.gradle.internal.resources.AbstractTrackedResourceLock] Execution worker Thread 6: released lock on worker lease
2024-11-23T14:25:04.069-0800 [DEBUG] [org.gradle.internal.operations.DefaultBuildOperationRunner] Completing Build operation 'Resolve files of configuration ':compileClasspath''
2024-11-23T14:25:04.069-0800 [DEBUG] [org.gradle.internal.resources.AbstractTrackedResourceLock] Execution worker Thread 2: acquired lock on worker lease
2024-11-23T14:25:04.069-0800 [DEBUG] [org.gradle.internal.resources.AbstractTrackedResourceLock] Execution worker Thread 2: released lock on worker lease
2024-11-23T14:25:04.069-0800 [DEBUG] [org.gradle.internal.resources.AbstractTrackedResourceLock] Execution worker Thread 7: acquired lock on worker lease
2024-11-23T14:25:04.069-0800 [DEBUG] [org.gradle.internal.operations.DefaultBuildOperationRunner] Build operation 'Resolve files of configuration ':annotationProcessor'' started
2024-11-23T14:25:04.069-0800 [DEBUG] [org.gradle.internal.resources.AbstractTrackedResourceLock] Execution worker Thread 7: released lock on worker lease
2024-11-23T14:25:04.069-0800 [DEBUG] [org.gradle.internal.operations.DefaultBuildOperationRunner] Completing Build operation 'Resolve files of configuration ':annotationProcessor''
2024-11-23T14:25:04.069-0800 [DEBUG] [org.gradle.internal.resources.AbstractTrackedResourceLock] Execution worker Thread 9: acquired lock on worker lease
2024-11-23T14:25:04.070-0800 [DEBUG] [org.gradle.internal.resources.AbstractTrackedResourceLock] Execution worker Thread 9: released lock on worker lease
2024-11-23T14:25:04.070-0800 [DEBUG] [org.gradle.internal.resources.AbstractTrackedResourceLock] Execution worker Thread 11: acquired lock on worker lease
2024-11-23T14:25:04.070-0800 [DEBUG] [org.gradle.internal.resources.AbstractTrackedResourceLock] Execution worker Thread 11: released lock on worker lease
2024-11-23T14:25:04.070-0800 [DEBUG] [org.gradle.internal.resources.AbstractTrackedResourceLock] Execution worker Thread 12: acquired lock on worker lease
2024-11-23T14:25:04.070-0800 [DEBUG] [org.gradle.internal.resources.AbstractTrackedResourceLock] Execution worker Thread 12: released lock on worker lease
2024-11-23T14:25:04.070-0800 [DEBUG] [org.gradle.internal.resources.AbstractTrackedResourceLock] Execution worker Thread 13: acquired lock on worker lease
2024-11-23T14:25:04.070-0800 [DEBUG] [org.gradle.internal.resources.AbstractTrackedResourceLock] Execution worker Thread 13: released lock on worker lease
2024-11-23T14:25:04.070-0800 [DEBUG] [org.gradle.internal.resources.AbstractTrackedResourceLock] Execution worker Thread 14: acquired lock on worker lease
2024-11-23T14:25:04.070-0800 [DEBUG] [org.gradle.internal.resources.AbstractTrackedResourceLock] Execution worker Thread 14: released lock on worker lease
2024-11-23T14:25:04.071-0800 [DEBUG] [org.gradle.internal.operations.DefaultBuildOperationRunner] Completing Build operation 'Snapshot task inputs for :compileJava'
2024-11-23T14:25:04.072-0800 [DEBUG] [org.gradle.cache.internal.btree.BTreePersistentIndexedCache] Opening cache outputFiles.bin (/Users/bclement/git/aerie-multimission-models-bb/.gradle/buildOutputCleanup/outputFiles.bin)
2024-11-23T14:25:03.990-0800 [LIFECYCLE] [class org.gradle.internal.buildevents.TaskExecutionLogger] 
2024-11-23T14:25:03.990-0800 [LIFECYCLE] [class org.gradle.internal.buildevents.TaskExecutionLogger] > Task :compileJava UP-TO-DATE
2024-11-23T14:25:03.990-0800 [DEBUG] [org.gradle.api.internal.tasks.execution.ResolveTaskExecutionModeExecuter] Putting task artifact state for task ':compileJava' into context took 0.0 secs.
2024-11-23T14:25:03.991-0800 [DEBUG] [org.gradle.internal.operations.DefaultBuildOperationRunner] Build operation 'Identifying work' completed
2024-11-23T14:25:03.997-0800 [DEBUG] [org.gradle.internal.execution.steps.AbstractCaptureStateBeforeExecutionStep] Implementation for task ':compileJava': org.gradle.api.tasks.compile.JavaCompile_Decorated@e534f1a0ba3028c73b140f32f8e326db
2024-11-23T14:25:03.997-0800 [DEBUG] [org.gradle.internal.execution.steps.AbstractCaptureStateBeforeExecutionStep] Additional implementations for task ':compileJava': [org.gradle.api.tasks.compile.JavaCompile_Decorated@e534f1a0ba3028c73b140f32f8e326db]
2024-11-23T14:25:04.002-0800 [DEBUG] [org.gradle.api.internal.artifacts.ivyservice.modulecache.ResolvedArtifactCaches] Creating new in-memory cache for repo 'flatDir' [293c51f80f60354c6f6e30142b5236fe].
2024-11-23T14:25:04.002-0800 [DEBUG] [org.gradle.api.internal.artifacts.ivyservice.modulecache.ResolvedArtifactCaches] Creating new in-memory cache for repo 'MavenRepo' [26c913274550a0b2221f47a0fe2d2358].
2024-11-23T14:25:04.002-0800 [DEBUG] [org.gradle.api.internal.artifacts.ivyservice.modulecache.ResolvedArtifactCaches] Creating new in-memory cache for repo 'GitHubPackages' [a471df98be70e5e83f5aa7faf15e1b33].
2024-11-23T14:25:04.003-0800 [DEBUG] [org.gradle.api.internal.artifacts.ivyservice.resolveengine.graph.builder.DependencyGraphBuilder] Visiting configuration :missionmodel:unspecified(compileClasspath).
2024-11-23T14:25:04.003-0800 [DEBUG] [org.gradle.api.internal.artifacts.ivyservice.ivyresolve.DynamicVersionResolver] Attempting to resolve version for com.google.code.gson:gson:+ using repositories [flatDir, MavenRepo, GitHubPackages]
2024-11-23T14:25:04.004-0800 [DEBUG] [org.gradle.api.internal.artifacts.repositories.resolver.ResourceVersionLister] Listing all in file:/Users/bclement/git/aerie-multimission-models-bb/third-party/gson-%5Brevision%5D.jar
2024-11-23T14:25:04.004-0800 [DEBUG] [org.gradle.api.internal.artifacts.repositories.resolver.ResourceVersionLister] using org.gradle.internal.resource.local.FileResourceConnector@51c0114c to list all in /Users/bclement/git/aerie-multimission-models-bb/third-party/ 
2024-11-23T14:25:04.004-0800 [DEBUG] [org.gradle.api.internal.artifacts.repositories.resolver.ResourceVersionLister] found 1 urls
2024-11-23T14:25:04.004-0800 [DEBUG] [org.gradle.api.internal.artifacts.repositories.resolver.ResourceVersionLister] 0 matched /Users/bclement/git/aerie-multimission-models-bb/third-party/gson-[revision].jar
2024-11-23T14:25:04.004-0800 [DEBUG] [org.gradle.api.internal.artifacts.repositories.resolver.ResourceVersionLister] Listing all in file:/Users/bclement/git/aerie-multimission-models-bb/third-party/gson.jar
2024-11-23T14:25:04.004-0800 [DEBUG] [org.gradle.api.internal.artifacts.repositories.resolver.ResourceVersionLister] revision token not defined in pattern /Users/bclement/git/aerie-multimission-models-bb/third-party/gson.jar.
2024-11-23T14:25:04.004-0800 [DEBUG] [org.gradle.api.internal.artifacts.ivyservice.modulecache.dynamicversions.DefaultModuleVersionsCache] Caching version list in module versions cache: Using '[]' for 'com.google.code.gson:gson'
2024-11-23T14:25:04.006-0800 [DEBUG] [org.gradle.api.internal.artifacts.ivyservice.ivyresolve.CachingModuleComponentRepository] Using cached module metadata for module 'com.google.code.gson:gson:2.11.0' in 'MavenRepo'
2024-11-23T14:25:04.006-0800 [DEBUG] [org.gradle.api.internal.artifacts.ivyservice.ivyresolve.DynamicVersionResolver] Using com.google.code.gson:gson:2.11.0 from Maven repository 'MavenRepo'
2024-11-23T14:25:04.010-0800 [DEBUG] [org.gradle.api.internal.artifacts.ivyservice.ivyresolve.RepositoryChainComponentMetaDataResolver] Attempting to resolve component for gov.nasa.jpl.aerie:contrib:2.16.0 using repositories [flatDir, MavenRepo, GitHubPackages]
2024-11-23T14:25:04.010-0800 [DEBUG] [org.gradle.api.internal.artifacts.repositories.resolver.DefaultExternalResourceArtifactResolver] Loading file:/Users/bclement/git/aerie-multimission-models-bb/third-party/contrib-2.16.0.jar
2024-11-23T14:25:04.010-0800 [DEBUG] [org.gradle.api.internal.artifacts.repositories.resolver.DefaultExternalResourceArtifactResolver] Loading file:/Users/bclement/git/aerie-multimission-models-bb/third-party/contrib.jar
2024-11-23T14:25:04.010-0800 [DEBUG] [org.gradle.api.internal.artifacts.repositories.resolver.ExternalResourceResolver] No meta-data file or artifact found for module 'gov.nasa.jpl.aerie:contrib:2.16.0' in repository 'flatDir'.
2024-11-23T14:25:04.010-0800 [DEBUG] [org.gradle.api.internal.artifacts.ivyservice.modulecache.PersistentModuleMetadataCache] Recording absence of module descriptor in cache: gov.nasa.jpl.aerie:contrib:2.16.0 [changing = false]
2024-11-23T14:25:04.010-0800 [DEBUG] [org.gradle.api.internal.artifacts.ivyservice.ivyresolve.CachingModuleComponentRepository] Detected non-existence of module 'gov.nasa.jpl.aerie:contrib:2.16.0' in resolver cache 'MavenRepo'
2024-11-23T14:25:04.011-0800 [DEBUG] [org.gradle.api.internal.artifacts.ivyservice.ivyresolve.CachingModuleComponentRepository] Using cached module metadata for module 'gov.nasa.jpl.aerie:contrib:2.16.0' in 'GitHubPackages'
2024-11-23T14:25:04.011-0800 [DEBUG] [org.gradle.api.internal.artifacts.ivyservice.ivyresolve.RepositoryChainComponentMetaDataResolver] Using gov.nasa.jpl.aerie:contrib:2.16.0 from Maven repository 'GitHubPackages'
2024-11-23T14:25:04.011-0800 [DEBUG] [org.gradle.internal.component.model.LoggingAttributeMatchingExplanationBuilder] Candidate org.gradle.internal.component.model.DefaultComponentGraphResolveState$DefaultConfigurationGraphResolveState@1ca127ae doesn't have attribute org.gradle.jvm.environment
2024-11-23T14:25:04.011-0800 [DEBUG] [org.gradle.internal.component.model.LoggingAttributeMatchingExplanationBuilder] Candidate org.gradle.internal.component.model.DefaultComponentGraphResolveState$DefaultConfigurationGraphResolveState@6ce39272 doesn't have attribute org.gradle.jvm.environment
2024-11-23T14:25:04.011-0800 [DEBUG] [org.gradle.internal.component.model.LoggingAttributeMatchingExplanationBuilder] Candidate org.gradle.internal.component.model.DefaultComponentGraphResolveState$DefaultConfigurationGraphResolveState@d549277 attribute org.gradle.category value {org.gradle.category=documentation} doesn't requested value library
2024-11-23T14:25:04.011-0800 [DEBUG] [org.gradle.internal.component.model.LoggingAttributeMatchingExplanationBuilder] Candidate org.gradle.internal.component.model.DefaultComponentGraphResolveState$DefaultConfigurationGraphResolveState@73afc733 attribute org.gradle.category value {org.gradle.category=documentation} doesn't requested value library
2024-11-23T14:25:04.011-0800 [DEBUG] [org.gradle.internal.component.model.DefaultAttributeMatcher] Selected matches [0] from candidates [org.gradle.internal.component.model.DefaultComponentGraphResolveState$DefaultConfigurationGraphResolveState@1ca127ae, org.gradle.internal.component.model.DefaultComponentGraphResolveState$DefaultConfigurationGraphResolveState@6ce39272, org.gradle.internal.component.model.DefaultComponentGraphResolveState$DefaultConfigurationGraphResolveState@d549277, org.gradle.internal.component.model.DefaultComponentGraphResolveState$DefaultConfigurationGraphResolveState@73afc733] for {org.gradle.category=library, org.gradle.dependency.bundling=external, org.gradle.jvm.environment=standard-jvm, org.gradle.jvm.version=21, org.gradle.libraryelements=classes, org.gradle.usage=java-api}
2024-11-23T14:25:04.011-0800 [DEBUG] [org.gradle.api.internal.artifacts.ivyservice.ivyresolve.RepositoryChainComponentMetaDataResolver] Attempting to resolve component for gov.nasa.jpl.aerie:merlin-framework:2.16.0 using repositories [flatDir, MavenRepo, GitHubPackages]
2024-11-23T14:25:04.012-0800 [DEBUG] [org.gradle.api.internal.artifacts.repositories.resolver.DefaultExternalResourceArtifactResolver] Loading file:/Users/bclement/git/aerie-multimission-models-bb/third-party/merlin-framework-2.16.0.jar
2024-11-23T14:25:04.012-0800 [DEBUG] [org.gradle.api.internal.artifacts.repositories.resolver.DefaultExternalResourceArtifactResolver] Loading file:/Users/bclement/git/aerie-multimission-models-bb/third-party/merlin-framework.jar
2024-11-23T14:25:04.012-0800 [DEBUG] [org.gradle.api.internal.artifacts.repositories.resolver.ExternalResourceResolver] No meta-data file or artifact found for module 'gov.nasa.jpl.aerie:merlin-framework:2.16.0' in repository 'flatDir'.
2024-11-23T14:25:04.012-0800 [DEBUG] [org.gradle.api.internal.artifacts.ivyservice.modulecache.PersistentModuleMetadataCache] Recording absence of module descriptor in cache: gov.nasa.jpl.aerie:merlin-framework:2.16.0 [changing = false]
2024-11-23T14:25:04.012-0800 [DEBUG] [org.gradle.api.internal.artifacts.ivyservice.ivyresolve.CachingModuleComponentRepository] Detected non-existence of module 'gov.nasa.jpl.aerie:merlin-framework:2.16.0' in resolver cache 'MavenRepo'
2024-11-23T14:25:04.012-0800 [DEBUG] [org.gradle.api.internal.artifacts.ivyservice.ivyresolve.CachingModuleComponentRepository] Using cached module metadata for module 'gov.nasa.jpl.aerie:merlin-framework:2.16.0' in 'GitHubPackages'
2024-11-23T14:25:04.012-0800 [DEBUG] [org.gradle.api.internal.artifacts.ivyservice.ivyresolve.RepositoryChainComponentMetaDataResolver] Using gov.nasa.jpl.aerie:merlin-framework:2.16.0 from Maven repository 'GitHubPackages'
2024-11-23T14:25:04.012-0800 [DEBUG] [org.gradle.api.internal.artifacts.ivyservice.ivyresolve.RepositoryChainComponentMetaDataResolver] Attempting to resolve component for gov.nasa.jpl.aerie:merlin-sdk:2.16.0 using repositories [flatDir, MavenRepo, GitHubPackages]
2024-11-23T14:25:04.013-0800 [DEBUG] [org.gradle.api.internal.artifacts.repositories.resolver.DefaultExternalResourceArtifactResolver] Loading file:/Users/bclement/git/aerie-multimission-models-bb/third-party/merlin-sdk-2.16.0.jar
2024-11-23T14:25:04.013-0800 [DEBUG] [org.gradle.api.internal.artifacts.repositories.resolver.DefaultExternalResourceArtifactResolver] Loading file:/Users/bclement/git/aerie-multimission-models-bb/third-party/merlin-sdk.jar
2024-11-23T14:25:04.013-0800 [DEBUG] [org.gradle.api.internal.artifacts.repositories.resolver.ExternalResourceResolver] No meta-data file or artifact found for module 'gov.nasa.jpl.aerie:merlin-sdk:2.16.0' in repository 'flatDir'.
2024-11-23T14:25:04.013-0800 [DEBUG] [org.gradle.api.internal.artifacts.ivyservice.modulecache.PersistentModuleMetadataCache] Recording absence of module descriptor in cache: gov.nasa.jpl.aerie:merlin-sdk:2.16.0 [changing = false]
2024-11-23T14:25:04.013-0800 [DEBUG] [org.gradle.api.internal.artifacts.ivyservice.ivyresolve.CachingModuleComponentRepository] Detected non-existence of module 'gov.nasa.jpl.aerie:merlin-sdk:2.16.0' in resolver cache 'MavenRepo'
2024-11-23T14:25:04.013-0800 [DEBUG] [org.gradle.api.internal.artifacts.ivyservice.ivyresolve.CachingModuleComponentRepository] Using cached module metadata for module 'gov.nasa.jpl.aerie:merlin-sdk:2.16.0' in 'GitHubPackages'
2024-11-23T14:25:04.013-0800 [DEBUG] [org.gradle.api.internal.artifacts.ivyservice.ivyresolve.RepositoryChainComponentMetaDataResolver] Using gov.nasa.jpl.aerie:merlin-sdk:2.16.0 from Maven repository 'GitHubPackages'
2024-11-23T14:25:04.013-0800 [DEBUG] [org.gradle.api.internal.artifacts.ivyservice.ivyresolve.RepositoryChainComponentMetaDataResolver] Attempting to resolve component for gov.nasa.jpl.aerie:merlin-driver:2.16.0 using repositories [flatDir, MavenRepo, GitHubPackages]
2024-11-23T14:25:04.014-0800 [DEBUG] [org.gradle.api.internal.artifacts.repositories.resolver.DefaultExternalResourceArtifactResolver] Loading file:/Users/bclement/git/aerie-multimission-models-bb/third-party/merlin-driver-2.16.0.jar
2024-11-23T14:25:04.014-0800 [DEBUG] [org.gradle.api.internal.artifacts.repositories.resolver.DefaultExternalResourceArtifactResolver] Loading file:/Users/bclement/git/aerie-multimission-models-bb/third-party/merlin-driver.jar
2024-11-23T14:25:04.014-0800 [DEBUG] [org.gradle.api.internal.artifacts.repositories.resolver.ExternalResourceResolver] No meta-data file or artifact found for module 'gov.nasa.jpl.aerie:merlin-driver:2.16.0' in repository 'flatDir'.
2024-11-23T14:25:04.014-0800 [DEBUG] [org.gradle.api.internal.artifacts.ivyservice.modulecache.PersistentModuleMetadataCache] Recording absence of module descriptor in cache: gov.nasa.jpl.aerie:merlin-driver:2.16.0 [changing = false]
2024-11-23T14:25:04.014-0800 [DEBUG] [org.gradle.api.internal.artifacts.ivyservice.ivyresolve.CachingModuleComponentRepository] Detected non-existence of module 'gov.nasa.jpl.aerie:merlin-driver:2.16.0' in resolver cache 'MavenRepo'
2024-11-23T14:25:04.014-0800 [DEBUG] [org.gradle.api.internal.artifacts.ivyservice.ivyresolve.CachingModuleComponentRepository] Using cached module metadata for module 'gov.nasa.jpl.aerie:merlin-driver:2.16.0' in 'GitHubPackages'
2024-11-23T14:25:04.014-0800 [DEBUG] [org.gradle.api.internal.artifacts.ivyservice.ivyresolve.RepositoryChainComponentMetaDataResolver] Using gov.nasa.jpl.aerie:merlin-driver:2.16.0 from Maven repository 'GitHubPackages'
2024-11-23T14:25:04.014-0800 [DEBUG] [org.gradle.api.internal.artifacts.ivyservice.ivyresolve.RepositoryChainComponentMetaDataResolver] Attempting to resolve component for gov.nasa.jpl.aerie:parsing-utilities:2.16.0 using repositories [flatDir, MavenRepo, GitHubPackages]
2024-11-23T14:25:04.014-0800 [DEBUG] [org.gradle.api.internal.artifacts.repositories.resolver.DefaultExternalResourceArtifactResolver] Loading file:/Users/bclement/git/aerie-multimission-models-bb/third-party/parsing-utilities-2.16.0.jar
2024-11-23T14:25:04.015-0800 [DEBUG] [org.gradle.api.internal.artifacts.repositories.resolver.DefaultExternalResourceArtifactResolver] Loading file:/Users/bclement/git/aerie-multimission-models-bb/third-party/parsing-utilities.jar
2024-11-23T14:25:04.015-0800 [DEBUG] [org.gradle.api.internal.artifacts.repositories.resolver.ExternalResourceResolver] No meta-data file or artifact found for module 'gov.nasa.jpl.aerie:parsing-utilities:2.16.0' in repository 'flatDir'.
2024-11-23T14:25:04.015-0800 [DEBUG] [org.gradle.api.internal.artifacts.ivyservice.modulecache.PersistentModuleMetadataCache] Recording absence of module descriptor in cache: gov.nasa.jpl.aerie:parsing-utilities:2.16.0 [changing = false]
2024-11-23T14:25:04.015-0800 [DEBUG] [org.gradle.api.internal.artifacts.ivyservice.ivyresolve.CachingModuleComponentRepository] Detected non-existence of module 'gov.nasa.jpl.aerie:parsing-utilities:2.16.0' in resolver cache 'MavenRepo'
2024-11-23T14:25:04.015-0800 [DEBUG] [org.gradle.api.internal.artifacts.ivyservice.ivyresolve.CachingModuleComponentRepository] Using cached module metadata for module 'gov.nasa.jpl.aerie:parsing-utilities:2.16.0' in 'GitHubPackages'
2024-11-23T14:25:04.015-0800 [DEBUG] [org.gradle.api.internal.artifacts.ivyservice.ivyresolve.RepositoryChainComponentMetaDataResolver] Using gov.nasa.jpl.aerie:parsing-utilities:2.16.0 from Maven repository 'GitHubPackages'
2024-11-23T14:25:04.015-0800 [DEBUG] [org.gradle.internal.component.model.LoggingAttributeMatchingExplanationBuilder] Candidate org.gradle.internal.component.model.DefaultComponentGraphResolveState$DefaultConfigurationGraphResolveState@3c44517 doesn't have attribute org.gradle.jvm.environment
2024-11-23T14:25:04.016-0800 [DEBUG] [org.gradle.internal.component.model.LoggingAttributeMatchingExplanationBuilder] Candidate org.gradle.internal.component.model.DefaultComponentGraphResolveState$DefaultConfigurationGraphResolveState@50ac945e doesn't have attribute org.gradle.jvm.environment
2024-11-23T14:25:04.016-0800 [DEBUG] [org.gradle.internal.component.model.DefaultAttributeMatcher] Selected matches [0] from candidates [org.gradle.internal.component.model.DefaultComponentGraphResolveState$DefaultConfigurationGraphResolveState@3c44517, org.gradle.internal.component.model.DefaultComponentGraphResolveState$DefaultConfigurationGraphResolveState@50ac945e] for {org.gradle.category=library, org.gradle.dependency.bundling=external, org.gradle.jvm.environment=standard-jvm, org.gradle.jvm.version=21, org.gradle.libraryelements=classes, org.gradle.usage=java-api}
2024-11-23T14:25:04.016-0800 [DEBUG] [org.gradle.internal.component.model.LoggingAttributeMatchingExplanationBuilder] Candidate org.gradle.internal.component.model.DefaultComponentGraphResolveState$DefaultConfigurationGraphResolveState@1f8bff9b doesn't have attribute org.gradle.dependency.bundling
2024-11-23T14:25:04.016-0800 [DEBUG] [org.gradle.internal.component.model.LoggingAttributeMatchingExplanationBuilder] Candidate org.gradle.internal.component.model.DefaultComponentGraphResolveState$DefaultConfigurationGraphResolveState@1f8bff9b doesn't have attribute org.gradle.jvm.environment
2024-11-23T14:25:04.016-0800 [DEBUG] [org.gradle.internal.component.model.LoggingAttributeMatchingExplanationBuilder] Candidate org.gradle.internal.component.model.DefaultComponentGraphResolveState$DefaultConfigurationGraphResolveState@1f8bff9b doesn't have attribute org.gradle.jvm.version
2024-11-23T14:25:04.016-0800 [DEBUG] [org.gradle.internal.component.model.LoggingAttributeMatchingExplanationBuilder] Candidate org.gradle.internal.component.model.DefaultComponentGraphResolveState$DefaultConfigurationGraphResolveState@72036f9d doesn't have attribute org.gradle.dependency.bundling
2024-11-23T14:25:04.016-0800 [DEBUG] [org.gradle.internal.component.model.LoggingAttributeMatchingExplanationBuilder] Candidate org.gradle.internal.component.model.DefaultComponentGraphResolveState$DefaultConfigurationGraphResolveState@72036f9d doesn't have attribute org.gradle.jvm.environment
2024-11-23T14:25:04.016-0800 [DEBUG] [org.gradle.internal.component.model.LoggingAttributeMatchingExplanationBuilder] Candidate org.gradle.internal.component.model.DefaultComponentGraphResolveState$DefaultConfigurationGraphResolveState@72036f9d doesn't have attribute org.gradle.jvm.version
2024-11-23T14:25:04.017-0800 [DEBUG] [org.gradle.internal.component.model.LoggingAttributeMatchingExplanationBuilder] Candidate org.gradle.internal.component.model.DefaultComponentGraphResolveState$DefaultConfigurationGraphResolveState@41a9c944 attribute org.gradle.category value {org.gradle.category=documentation, org.gradle.status=release} doesn't requested value library
2024-11-23T14:25:04.017-0800 [DEBUG] [org.gradle.internal.component.model.LoggingAttributeMatchingExplanationBuilder] Candidate org.gradle.internal.component.model.DefaultComponentGraphResolveState$DefaultConfigurationGraphResolveState@3ef541dd attribute org.gradle.category value {org.gradle.category=documentation, org.gradle.status=release} doesn't requested value library
2024-11-23T14:25:04.017-0800 [DEBUG] [org.gradle.internal.component.model.LoggingAttributeMatchingExplanationBuilder] Candidate org.gradle.internal.component.model.DefaultComponentGraphResolveState$DefaultConfigurationGraphResolveState@7ec206bf attribute org.gradle.category value {org.gradle.category=platform, org.gradle.status=release, org.gradle.usage=java-api} doesn't requested value library
2024-11-23T14:25:04.017-0800 [DEBUG] [org.gradle.internal.component.model.LoggingAttributeMatchingExplanationBuilder] Candidate org.gradle.internal.component.model.DefaultComponentGraphResolveState$DefaultConfigurationGraphResolveState@1754e17d attribute org.gradle.category value {org.gradle.category=platform, org.gradle.status=release, org.gradle.usage=java-runtime} doesn't requested value library
2024-11-23T14:25:04.017-0800 [DEBUG] [org.gradle.internal.component.model.LoggingAttributeMatchingExplanationBuilder] Candidate org.gradle.internal.component.model.DefaultComponentGraphResolveState$DefaultConfigurationGraphResolveState@1838e93a attribute org.gradle.category value {org.gradle.category=enforced-platform, org.gradle.status=release, org.gradle.usage=java-api} doesn't requested value library
2024-11-23T14:25:04.017-0800 [DEBUG] [org.gradle.internal.component.model.LoggingAttributeMatchingExplanationBuilder] Candidate org.gradle.internal.component.model.DefaultComponentGraphResolveState$DefaultConfigurationGraphResolveState@cd7a849 attribute org.gradle.category value {org.gradle.category=enforced-platform, org.gradle.status=release, org.gradle.usage=java-runtime} doesn't requested value library
2024-11-23T14:25:04.017-0800 [DEBUG] [org.gradle.internal.component.model.DefaultAttributeMatcher] Selected matches [0] from candidates [org.gradle.internal.component.model.DefaultComponentGraphResolveState$DefaultConfigurationGraphResolveState@1f8bff9b, org.gradle.internal.component.model.DefaultComponentGraphResolveState$DefaultConfigurationGraphResolveState@72036f9d, org.gradle.internal.component.model.DefaultComponentGraphResolveState$DefaultConfigurationGraphResolveState@41a9c944, org.gradle.internal.component.model.DefaultComponentGraphResolveState$DefaultConfigurationGraphResolveState@3ef541dd, org.gradle.internal.component.model.DefaultComponentGraphResolveState$DefaultConfigurationGraphResolveState@7ec206bf, org.gradle.internal.component.model.DefaultComponentGraphResolveState$DefaultConfigurationGraphResolveState@1754e17d, org.gradle.internal.component.model.DefaultComponentGraphResolveState$DefaultConfigurationGraphResolveState@1838e93a, org.gradle.internal.component.model.DefaultComponentGraphResolveState$DefaultConfigurationGraphResolveState@cd7a849] for {org.gradle.category=library, org.gradle.dependency.bundling=external, org.gradle.jvm.environment=standard-jvm, org.gradle.jvm.version=21, org.gradle.libraryelements=classes, org.gradle.usage=java-api}
2024-11-23T14:25:04.017-0800 [DEBUG] [org.gradle.api.internal.artifacts.ivyservice.resolveengine.graph.builder.DependencyGraphBuilder] Visiting configuration gov.nasa.jpl.aerie:contrib:2.16.0(apiElements).
2024-11-23T14:25:04.020-0800 [DEBUG] [org.gradle.api.internal.artifacts.ivyservice.ivyresolve.RepositoryChainComponentMetaDataResolver] Attempting to resolve component for JNISpice:JNISpice:N0067 using repositories [flatDir, MavenRepo, GitHubPackages]
2024-11-23T14:25:04.020-0800 [DEBUG] [org.gradle.api.internal.artifacts.repositories.resolver.DefaultExternalResourceArtifactResolver] Loading file:/Users/bclement/git/aerie-multimission-models-bb/third-party/JNISpice-N0067.jar
2024-11-23T14:25:04.020-0800 [DEBUG] [org.gradle.api.internal.artifacts.repositories.resolver.ExternalResourceResolver] Using default metadata for artifact in module 'JNISpice:JNISpice:N0067' and repository 'flatDir'.
2024-11-23T14:25:04.020-0800 [DEBUG] [org.gradle.api.internal.artifacts.ivyservice.modulecache.PersistentModuleMetadataCache] Recording module descriptor in cache: JNISpice:JNISpice:N0067 [changing = false]
2024-11-23T14:25:04.021-0800 [DEBUG] [org.gradle.api.internal.artifacts.ivyservice.ivyresolve.CachingModuleComponentRepository] Detected non-existence of module 'JNISpice:JNISpice:N0067' in resolver cache 'MavenRepo'
2024-11-23T14:25:04.021-0800 [DEBUG] [org.gradle.api.internal.artifacts.ivyservice.ivyresolve.CachingModuleComponentRepository] Detected non-existence of module 'JNISpice:JNISpice:N0067' in resolver cache 'GitHubPackages'
2024-11-23T14:25:04.021-0800 [DEBUG] [org.gradle.api.internal.artifacts.ivyservice.ivyresolve.RepositoryChainComponentMetaDataResolver] Using JNISpice:JNISpice:N0067 from Ivy repository 'flatDir'
2024-11-23T14:25:04.021-0800 [DEBUG] [org.gradle.api.internal.artifacts.ivyservice.ivyresolve.RepositoryChainComponentMetaDataResolver] Attempting to resolve component for org.apache.commons:commons-math3:3.6.1 using repositories [flatDir, MavenRepo, GitHubPackages]
2024-11-23T14:25:04.021-0800 [DEBUG] [org.gradle.api.internal.artifacts.repositories.resolver.DefaultExternalResourceArtifactResolver] Loading file:/Users/bclement/git/aerie-multimission-models-bb/third-party/commons-math3-3.6.1.jar
2024-11-23T14:25:04.021-0800 [DEBUG] [org.gradle.api.internal.artifacts.repositories.resolver.DefaultExternalResourceArtifactResolver] Loading file:/Users/bclement/git/aerie-multimission-models-bb/third-party/commons-math3.jar
2024-11-23T14:25:04.021-0800 [DEBUG] [org.gradle.api.internal.artifacts.repositories.resolver.ExternalResourceResolver] No meta-data file or artifact found for module 'org.apache.commons:commons-math3:3.6.1' in repository 'flatDir'.
2024-11-23T14:25:04.021-0800 [DEBUG] [org.gradle.api.internal.artifacts.ivyservice.modulecache.PersistentModuleMetadataCache] Recording absence of module descriptor in cache: org.apache.commons:commons-math3:3.6.1 [changing = false]
2024-11-23T14:25:04.022-0800 [DEBUG] [org.gradle.api.internal.artifacts.ivyservice.ivyresolve.CachingModuleComponentRepository] Using cached module metadata for module 'org.apache.commons:commons-math3:3.6.1' in 'MavenRepo'
2024-11-23T14:25:04.022-0800 [DEBUG] [org.gradle.api.internal.artifacts.ivyservice.ivyresolve.RepositoryChainComponentMetaDataResolver] Using org.apache.commons:commons-math3:3.6.1 from Maven repository 'MavenRepo'
2024-11-23T14:25:04.022-0800 [DEBUG] [org.gradle.api.internal.artifacts.ivyservice.ivyresolve.RepositoryChainComponentMetaDataResolver] Attempting to resolve component for org.apache.commons:commons-lang3:3.13.0 using repositories [flatDir, MavenRepo, GitHubPackages]
2024-11-23T14:25:04.022-0800 [DEBUG] [org.gradle.api.internal.artifacts.repositories.resolver.DefaultExternalResourceArtifactResolver] Loading file:/Users/bclement/git/aerie-multimission-models-bb/third-party/commons-lang3-3.13.0.jar
2024-11-23T14:25:04.022-0800 [DEBUG] [org.gradle.api.internal.artifacts.repositories.resolver.DefaultExternalResourceArtifactResolver] Loading file:/Users/bclement/git/aerie-multimission-models-bb/third-party/commons-lang3.jar
2024-11-23T14:25:04.022-0800 [DEBUG] [org.gradle.api.internal.artifacts.repositories.resolver.ExternalResourceResolver] No meta-data file or artifact found for module 'org.apache.commons:commons-lang3:3.13.0' in repository 'flatDir'.
2024-11-23T14:25:04.022-0800 [DEBUG] [org.gradle.api.internal.artifacts.ivyservice.modulecache.PersistentModuleMetadataCache] Recording absence of module descriptor in cache: org.apache.commons:commons-lang3:3.13.0 [changing = false]
2024-11-23T14:25:04.022-0800 [DEBUG] [org.gradle.api.internal.artifacts.ivyservice.ivyresolve.CachingModuleComponentRepository] Using cached module metadata for module 'org.apache.commons:commons-lang3:3.13.0' in 'MavenRepo'
2024-11-23T14:25:04.022-0800 [DEBUG] [org.gradle.api.internal.artifacts.ivyservice.ivyresolve.RepositoryChainComponentMetaDataResolver] Using org.apache.commons:commons-lang3:3.13.0 from Maven repository 'MavenRepo'
2024-11-23T14:25:04.023-0800 [DEBUG] [org.gradle.api.internal.artifacts.ivyservice.resolveengine.graph.builder.DependencyGraphBuilder] Visiting configuration gov.nasa.jpl.aerie:merlin-framework:2.16.0(apiElements).
2024-11-23T14:25:04.023-0800 [DEBUG] [org.gradle.api.internal.artifacts.ivyservice.resolveengine.graph.builder.DependencyGraphBuilder] Visiting configuration gov.nasa.jpl.aerie:merlin-sdk:2.16.0(apiElements).
2024-11-23T14:25:04.023-0800 [DEBUG] [org.gradle.api.internal.artifacts.ivyservice.resolveengine.graph.builder.DependencyGraphBuilder] Visiting configuration gov.nasa.jpl.aerie:merlin-driver:2.16.0(apiElements).
2024-11-23T14:25:04.024-0800 [DEBUG] [org.gradle.api.internal.artifacts.ivyservice.ivyresolve.RepositoryChainComponentMetaDataResolver] Attempting to resolve component for org.glassfish:javax.json:1.1.4 using repositories [flatDir, MavenRepo, GitHubPackages]
2024-11-23T14:25:04.024-0800 [DEBUG] [org.gradle.api.internal.artifacts.repositories.resolver.DefaultExternalResourceArtifactResolver] Loading file:/Users/bclement/git/aerie-multimission-models-bb/third-party/javax.json-1.1.4.jar
2024-11-23T14:25:04.024-0800 [DEBUG] [org.gradle.api.internal.artifacts.repositories.resolver.DefaultExternalResourceArtifactResolver] Loading file:/Users/bclement/git/aerie-multimission-models-bb/third-party/javax.json.jar
2024-11-23T14:25:04.024-0800 [DEBUG] [org.gradle.api.internal.artifacts.repositories.resolver.ExternalResourceResolver] No meta-data file or artifact found for module 'org.glassfish:javax.json:1.1.4' in repository 'flatDir'.
2024-11-23T14:25:04.024-0800 [DEBUG] [org.gradle.api.internal.artifacts.ivyservice.modulecache.PersistentModuleMetadataCache] Recording absence of module descriptor in cache: org.glassfish:javax.json:1.1.4 [changing = false]
2024-11-23T14:25:04.024-0800 [DEBUG] [org.gradle.api.internal.artifacts.ivyservice.ivyresolve.CachingModuleComponentRepository] Using cached module metadata for module 'org.glassfish:javax.json:1.1.4' in 'MavenRepo'
2024-11-23T14:25:04.025-0800 [DEBUG] [org.gradle.api.internal.artifacts.ivyservice.ivyresolve.RepositoryChainComponentMetaDataResolver] Using org.glassfish:javax.json:1.1.4 from Maven repository 'MavenRepo'
2024-11-23T14:25:04.025-0800 [DEBUG] [org.gradle.api.internal.artifacts.ivyservice.resolveengine.graph.builder.DependencyGraphBuilder] Visiting configuration gov.nasa.jpl.aerie:parsing-utilities:2.16.0(apiElements).
2024-11-23T14:25:04.025-0800 [DEBUG] [org.gradle.api.internal.artifacts.ivyservice.resolveengine.graph.builder.DependencyGraphBuilder] Visiting configuration com.google.code.gson:gson:2.11.0(compile).
2024-11-23T14:25:04.026-0800 [DEBUG] [org.gradle.api.internal.artifacts.ivyservice.ivyresolve.RepositoryChainComponentMetaDataResolver] Attempting to resolve component for com.google.errorprone:error_prone_annotations:2.27.0 using repositories [flatDir, MavenRepo, GitHubPackages]
2024-11-23T14:25:04.026-0800 [DEBUG] [org.gradle.api.internal.artifacts.repositories.resolver.DefaultExternalResourceArtifactResolver] Loading file:/Users/bclement/git/aerie-multimission-models-bb/third-party/error_prone_annotations-2.27.0.jar
2024-11-23T14:25:04.026-0800 [DEBUG] [org.gradle.api.internal.artifacts.repositories.resolver.DefaultExternalResourceArtifactResolver] Loading file:/Users/bclement/git/aerie-multimission-models-bb/third-party/error_prone_annotations.jar
2024-11-23T14:25:04.026-0800 [DEBUG] [org.gradle.api.internal.artifacts.repositories.resolver.ExternalResourceResolver] No meta-data file or artifact found for module 'com.google.errorprone:error_prone_annotations:2.27.0' in repository 'flatDir'.
2024-11-23T14:25:04.026-0800 [DEBUG] [org.gradle.api.internal.artifacts.ivyservice.modulecache.PersistentModuleMetadataCache] Recording absence of module descriptor in cache: com.google.errorprone:error_prone_annotations:2.27.0 [changing = false]
2024-11-23T14:25:04.027-0800 [DEBUG] [org.gradle.api.internal.artifacts.ivyservice.ivyresolve.CachingModuleComponentRepository] Using cached module metadata for module 'com.google.errorprone:error_prone_annotations:2.27.0' in 'MavenRepo'
2024-11-23T14:25:04.027-0800 [DEBUG] [org.gradle.api.internal.artifacts.ivyservice.ivyresolve.RepositoryChainComponentMetaDataResolver] Using com.google.errorprone:error_prone_annotations:2.27.0 from Maven repository 'MavenRepo'
2024-11-23T14:25:04.027-0800 [DEBUG] [org.gradle.api.internal.artifacts.ivyservice.resolveengine.graph.builder.DependencyGraphBuilder] Visiting configuration JNISpice:JNISpice:N0067(default).
2024-11-23T14:25:04.027-0800 [DEBUG] [org.gradle.api.internal.artifacts.ivyservice.resolveengine.graph.builder.DependencyGraphBuilder] Visiting configuration org.apache.commons:commons-math3:3.6.1(compile).
2024-11-23T14:25:04.027-0800 [DEBUG] [org.gradle.api.internal.artifacts.ivyservice.resolveengine.graph.builder.DependencyGraphBuilder] Visiting configuration org.apache.commons:commons-lang3:3.13.0(compile).
2024-11-23T14:25:04.027-0800 [DEBUG] [org.gradle.api.internal.artifacts.ivyservice.resolveengine.graph.builder.DependencyGraphBuilder] Visiting configuration gov.nasa.jpl.aerie:merlin-sdk:2.16.0(apiElements).
2024-11-23T14:25:04.027-0800 [DEBUG] [org.gradle.api.internal.artifacts.ivyservice.resolveengine.graph.builder.NodeState] Changed edges for gov.nasa.jpl.aerie:merlin-sdk:2.16.0(apiElements) selects same versions as previous traversal. ignoring
2024-11-23T14:25:04.027-0800 [DEBUG] [org.gradle.api.internal.artifacts.ivyservice.resolveengine.graph.builder.DependencyGraphBuilder] Visiting configuration org.glassfish:javax.json:1.1.4(compile).
2024-11-23T14:25:04.027-0800 [DEBUG] [org.gradle.api.internal.artifacts.ivyservice.resolveengine.graph.builder.DependencyGraphBuilder] Visiting configuration com.google.errorprone:error_prone_annotations:2.27.0(compile).
2024-11-23T14:25:04.029-0800 [DEBUG] [org.gradle.api.internal.artifacts.ivyservice.resolveengine.oldresult.TransientConfigurationResultsBuilder] Flushing resolved configuration data in Binary store in /Users/bclement/.gradle/.tmp/gradle1587807970881211207.bin. Wrote root 18.
2024-11-23T14:25:04.029-0800 [DEBUG] [org.gradle.internal.operations.DefaultBuildOperationRunner] Build operation 'Resolve dependencies of :compileClasspath' completed
2024-11-23T14:25:04.029-0800 [DEBUG] [org.gradle.internal.component.model.LoggingAttributeMatchingExplanationBuilder] Selected match gov.nasa.jpl.aerie:contrib:2.16.0 variant apiElements from candidates [gov.nasa.jpl.aerie:contrib:2.16.0 variant apiElements] for {org.gradle.category=library, org.gradle.dependency.bundling=external, org.gradle.jvm.environment=standard-jvm, org.gradle.jvm.version=21, org.gradle.libraryelements=classes, org.gradle.usage=java-api}
2024-11-23T14:25:04.030-0800 [DEBUG] [org.gradle.internal.component.model.LoggingAttributeMatchingExplanationBuilder] Selected match gov.nasa.jpl.aerie:merlin-framework:2.16.0 variant apiElements from candidates [gov.nasa.jpl.aerie:merlin-framework:2.16.0 variant apiElements] for {org.gradle.category=library, org.gradle.dependency.bundling=external, org.gradle.jvm.environment=standard-jvm, org.gradle.jvm.version=21, org.gradle.libraryelements=classes, org.gradle.usage=java-api}
2024-11-23T14:25:04.030-0800 [DEBUG] [org.gradle.internal.component.model.LoggingAttributeMatchingExplanationBuilder] Selected match gov.nasa.jpl.aerie:merlin-driver:2.16.0 variant apiElements from candidates [gov.nasa.jpl.aerie:merlin-driver:2.16.0 variant apiElements] for {org.gradle.category=library, org.gradle.dependency.bundling=external, org.gradle.jvm.environment=standard-jvm, org.gradle.jvm.version=21, org.gradle.libraryelements=classes, org.gradle.usage=java-api}
2024-11-23T14:25:04.030-0800 [DEBUG] [org.gradle.internal.component.model.LoggingAttributeMatchingExplanationBuilder] Selected match gov.nasa.jpl.aerie:merlin-sdk:2.16.0 variant apiElements from candidates [gov.nasa.jpl.aerie:merlin-sdk:2.16.0 variant apiElements] for {org.gradle.category=library, org.gradle.dependency.bundling=external, org.gradle.jvm.environment=standard-jvm, org.gradle.jvm.version=21, org.gradle.libraryelements=classes, org.gradle.usage=java-api}
2024-11-23T14:25:04.030-0800 [DEBUG] [org.gradle.internal.component.model.LoggingAttributeMatchingExplanationBuilder] Selected match gov.nasa.jpl.aerie:parsing-utilities:2.16.0 variant apiElements from candidates [gov.nasa.jpl.aerie:parsing-utilities:2.16.0 variant apiElements] for {org.gradle.category=library, org.gradle.dependency.bundling=external, org.gradle.jvm.environment=standard-jvm, org.gradle.jvm.version=21, org.gradle.libraryelements=classes, org.gradle.usage=java-api}
2024-11-23T14:25:04.030-0800 [DEBUG] [org.gradle.internal.component.model.LoggingAttributeMatchingExplanationBuilder] Selected match com.google.code.gson:gson:2.11.0 configuration compile from candidates [com.google.code.gson:gson:2.11.0 configuration compile] for {org.gradle.category=library, org.gradle.dependency.bundling=external, org.gradle.jvm.environment=standard-jvm, org.gradle.jvm.version=21, org.gradle.libraryelements=classes, org.gradle.usage=java-api}
2024-11-23T14:25:04.031-0800 [DEBUG] [org.gradle.internal.component.model.LoggingAttributeMatchingExplanationBuilder] Selected match JNISpice:JNISpice:N0067 configuration default from candidates [JNISpice:JNISpice:N0067 configuration default] for {org.gradle.category=library, org.gradle.dependency.bundling=external, org.gradle.jvm.environment=standard-jvm, org.gradle.jvm.version=21, org.gradle.libraryelements=classes, org.gradle.usage=java-api}
2024-11-23T14:25:04.031-0800 [DEBUG] [org.gradle.internal.component.model.LoggingAttributeMatchingExplanationBuilder] Selected match org.apache.commons:commons-math3:3.6.1 configuration compile from candidates [org.apache.commons:commons-math3:3.6.1 configuration compile] for {org.gradle.category=library, org.gradle.dependency.bundling=external, org.gradle.jvm.environment=standard-jvm, org.gradle.jvm.version=21, org.gradle.libraryelements=classes, org.gradle.usage=java-api}
2024-11-23T14:25:04.031-0800 [DEBUG] [org.gradle.internal.component.model.LoggingAttributeMatchingExplanationBuilder] Selected match org.apache.commons:commons-lang3:3.13.0 configuration compile from candidates [org.apache.commons:commons-lang3:3.13.0 configuration compile] for {org.gradle.category=library, org.gradle.dependency.bundling=external, org.gradle.jvm.environment=standard-jvm, org.gradle.jvm.version=21, org.gradle.libraryelements=classes, org.gradle.usage=java-api}
2024-11-23T14:25:04.031-0800 [DEBUG] [org.gradle.internal.component.model.LoggingAttributeMatchingExplanationBuilder] Selected match org.glassfish:javax.json:1.1.4 configuration compile from candidates [org.glassfish:javax.json:1.1.4 configuration compile] for {org.gradle.category=library, org.gradle.dependency.bundling=external, org.gradle.jvm.environment=standard-jvm, org.gradle.jvm.version=21, org.gradle.libraryelements=classes, org.gradle.usage=java-api}
2024-11-23T14:25:04.031-0800 [DEBUG] [org.gradle.internal.component.model.LoggingAttributeMatchingExplanationBuilder] Selected match com.google.errorprone:error_prone_annotations:2.27.0 configuration compile from candidates [com.google.errorprone:error_prone_annotations:2.27.0 configuration compile] for {org.gradle.category=library, org.gradle.dependency.bundling=external, org.gradle.jvm.environment=standard-jvm, org.gradle.jvm.version=21, org.gradle.libraryelements=classes, org.gradle.usage=java-api}
2024-11-23T14:25:04.032-0800 [DEBUG] [org.gradle.internal.component.model.LoggingAttributeMatchingExplanationBuilder] Selected match jplTime-2022-08.jar from candidates [jplTime-2022-08.jar] for {org.gradle.category=library, org.gradle.dependency.bundling=external, org.gradle.jvm.environment=standard-jvm, org.gradle.jvm.version=21, org.gradle.libraryelements=classes, org.gradle.usage=java-api}
2024-11-23T14:25:04.035-0800 [DEBUG] [org.gradle.api.internal.artifacts.ivyservice.ivyresolve.CachingModuleComponentRepository] Found artifact 'org.gradle.internal.component.external.model.UrlBackedArtifactMetadata@2e8893f9' in resolver cache: /Users/bclement/.gradle/caches/modules-2/files-2.1/gov.nasa.jpl.aerie/contrib/2.16.0/c2ba06992bdc9bf9b83b0fb56b5e8b06663d7cf2/contrib-2.16.0.jar
2024-11-23T14:25:04.035-0800 [DEBUG] [org.gradle.internal.operations.DefaultBuildOperationRunner] Build operation 'Resolve contrib-2.16.0.jar (gov.nasa.jpl.aerie:contrib:2.16.0)' completed
2024-11-23T14:25:04.035-0800 [DEBUG] [org.gradle.api.internal.artifacts.ivyservice.ivyresolve.CachingModuleComponentRepository] Found artifact 'error_prone_annotations-2.27.0.jar (com.google.errorprone:error_prone_annotations:2.27.0)' in resolver cache: /Users/bclement/.gradle/caches/modules-2/files-2.1/com.google.errorprone/error_prone_annotations/2.27.0/91b2c29d8a6148b5e2e4930f070d4840e2e48e34/error_prone_annotations-2.27.0.jar
2024-11-23T14:25:04.035-0800 [DEBUG] [org.gradle.api.internal.artifacts.ivyservice.ivyresolve.CachingModuleComponentRepository] Found artifact 'org.gradle.internal.component.external.model.UrlBackedArtifactMetadata@563428e1' in resolver cache: /Users/bclement/.gradle/caches/modules-2/files-2.1/gov.nasa.jpl.aerie/merlin-framework/2.16.0/f0b8f4b4d4ba8c09d08b3c3fe67832b12f1efb27/merlin-framework-2.16.0.jar
2024-11-23T14:25:04.035-0800 [DEBUG] [org.gradle.api.internal.artifacts.ivyservice.ivyresolve.CachingModuleComponentRepository] Found artifact 'javax.json-1.1.4.jar (org.glassfish:javax.json:1.1.4)' in resolver cache: /Users/bclement/.gradle/caches/modules-2/files-2.1/org.glassfish/javax.json/1.1.4/943f240a509d3c70b448a55c6735591ecbd37c88/javax.json-1.1.4.jar
2024-11-23T14:25:04.036-0800 [DEBUG] [org.gradle.api.internal.artifacts.ivyservice.ivyresolve.CachingModuleComponentRepository] Found artifact 'commons-lang3-3.13.0.jar (org.apache.commons:commons-lang3:3.13.0)' in resolver cache: /Users/bclement/.gradle/caches/modules-2/files-2.1/org.apache.commons/commons-lang3/3.13.0/b7263237aa89c1f99b327197c41d0669707a462e/commons-lang3-3.13.0.jar
2024-11-23T14:25:04.036-0800 [DEBUG] [org.gradle.api.internal.artifacts.ivyservice.ivyresolve.CachingModuleComponentRepository] Found artifact 'commons-math3-3.6.1.jar (org.apache.commons:commons-math3:3.6.1)' in resolver cache: /Users/bclement/.gradle/caches/modules-2/files-2.1/org.apache.commons/commons-math3/3.6.1/e4ba98f1d4b3c80ec46392f25e094a6a2e58fcbf/commons-math3-3.6.1.jar
2024-11-23T14:25:04.037-0800 [DEBUG] [org.gradle.api.internal.artifacts.repositories.resolver.DefaultExternalResourceArtifactResolver] Loading file:/Users/bclement/git/aerie-multimission-models-bb/third-party/JNISpice-N0067.jar
2024-11-23T14:25:04.037-0800 [DEBUG] [org.gradle.api.internal.artifacts.ivyservice.ivyresolve.CachingModuleComponentRepository] Downloaded artifact 'JNISpice-N0067.jar (JNISpice:JNISpice:N0067)' from resolver: flatDir
2024-11-23T14:25:04.037-0800 [DEBUG] [org.gradle.api.internal.artifacts.ivyservice.ivyresolve.CachingModuleComponentRepository] Found artifact 'org.gradle.internal.component.external.model.UrlBackedArtifactMetadata@568be331' in resolver cache: /Users/bclement/.gradle/caches/modules-2/files-2.1/gov.nasa.jpl.aerie/parsing-utilities/2.16.0/d147bc491b590d887c33c27ce8a5b10fcb497c36/parsing-utilities-2.16.0.jar
2024-11-23T14:25:04.038-0800 [DEBUG] [org.gradle.api.internal.artifacts.ivyservice.ivyresolve.CachingModuleComponentRepository] Found artifact 'gson-2.11.0.jar (com.google.code.gson:gson:2.11.0)' in resolver cache: /Users/bclement/.gradle/caches/modules-2/files-2.1/com.google.code.gson/gson/2.11.0/527175ca6d81050b53bdd4c457a6d6e017626b0e/gson-2.11.0.jar
2024-11-23T14:25:04.039-0800 [DEBUG] [org.gradle.api.internal.artifacts.ivyservice.ivyresolve.CachingModuleComponentRepository] Found artifact 'org.gradle.internal.component.external.model.UrlBackedArtifactMetadata@5b912bac' in resolver cache: /Users/bclement/.gradle/caches/modules-2/files-2.1/gov.nasa.jpl.aerie/merlin-driver/2.16.0/450ef9385bd3cf6341ec1c86cb12b996f31c64e8/merlin-driver-2.16.0.jar
2024-11-23T14:25:04.039-0800 [DEBUG] [org.gradle.api.internal.artifacts.ivyservice.ivyresolve.CachingModuleComponentRepository] Found artifact 'org.gradle.internal.component.external.model.UrlBackedArtifactMetadata@b3de7bc' in resolver cache: /Users/bclement/.gradle/caches/modules-2/files-2.1/gov.nasa.jpl.aerie/merlin-sdk/2.16.0/2d5531e51aa73909cdae0b2a26f3ebff3560ce51/merlin-sdk-2.16.0.jar
2024-11-23T14:25:04.040-0800 [DEBUG] [org.gradle.internal.resources.AbstractTrackedResourceLock] Execution worker: released lock on state of build :
2024-11-23T14:25:04.040-0800 [DEBUG] [org.gradle.internal.resources.AbstractTrackedResourceLock] Execution worker: released lock on worker lease
2024-11-23T14:25:04.045-0800 [DEBUG] [org.gradle.internal.resources.AbstractTrackedResourceLock] Execution worker: acquired lock on state of build :
2024-11-23T14:25:04.046-0800 [DEBUG] [org.gradle.internal.resources.AbstractTrackedResourceLock] Execution worker: acquired lock on worker lease
2024-11-23T14:25:04.046-0800 [DEBUG] [org.gradle.internal.operations.DefaultBuildOperationRunner] Build operation 'Resolve files of configuration ':compileClasspath'' completed
2024-11-23T14:25:04.047-0800 [DEBUG] [org.gradle.api.internal.artifacts.ivyservice.modulecache.ResolvedArtifactCaches] Reusing in-memory cache for repo 'flatDir' [293c51f80f60354c6f6e30142b5236fe].
2024-11-23T14:25:04.047-0800 [DEBUG] [org.gradle.api.internal.artifacts.ivyservice.modulecache.ResolvedArtifactCaches] Reusing in-memory cache for repo 'MavenRepo' [26c913274550a0b2221f47a0fe2d2358].
2024-11-23T14:25:04.048-0800 [DEBUG] [org.gradle.api.internal.artifacts.ivyservice.modulecache.ResolvedArtifactCaches] Reusing in-memory cache for repo 'GitHubPackages' [a471df98be70e5e83f5aa7faf15e1b33].
2024-11-23T14:25:04.048-0800 [DEBUG] [org.gradle.api.internal.artifacts.ivyservice.resolveengine.graph.builder.DependencyGraphBuilder] Visiting configuration :missionmodel:unspecified(annotationProcessor).
2024-11-23T14:25:04.049-0800 [DEBUG] [org.gradle.api.internal.artifacts.ivyservice.ivyresolve.RepositoryChainComponentMetaDataResolver] Attempting to resolve component for gov.nasa.jpl.aerie:merlin-framework-processor:2.16.0 using repositories [flatDir, MavenRepo, GitHubPackages]
2024-11-23T14:25:04.049-0800 [DEBUG] [org.gradle.api.internal.artifacts.repositories.resolver.DefaultExternalResourceArtifactResolver] Loading file:/Users/bclement/git/aerie-multimission-models-bb/third-party/merlin-framework-processor-2.16.0.jar
2024-11-23T14:25:04.050-0800 [DEBUG] [org.gradle.api.internal.artifacts.repositories.resolver.DefaultExternalResourceArtifactResolver] Loading file:/Users/bclement/git/aerie-multimission-models-bb/third-party/merlin-framework-processor.jar
2024-11-23T14:25:04.050-0800 [DEBUG] [org.gradle.api.internal.artifacts.repositories.resolver.ExternalResourceResolver] No meta-data file or artifact found for module 'gov.nasa.jpl.aerie:merlin-framework-processor:2.16.0' in repository 'flatDir'.
2024-11-23T14:25:04.050-0800 [DEBUG] [org.gradle.api.internal.artifacts.ivyservice.modulecache.PersistentModuleMetadataCache] Recording absence of module descriptor in cache: gov.nasa.jpl.aerie:merlin-framework-processor:2.16.0 [changing = false]
2024-11-23T14:25:04.050-0800 [DEBUG] [org.gradle.api.internal.artifacts.ivyservice.ivyresolve.CachingModuleComponentRepository] Detected non-existence of module 'gov.nasa.jpl.aerie:merlin-framework-processor:2.16.0' in resolver cache 'MavenRepo'
2024-11-23T14:25:04.050-0800 [DEBUG] [org.gradle.api.internal.artifacts.ivyservice.ivyresolve.CachingModuleComponentRepository] Using cached module metadata for module 'gov.nasa.jpl.aerie:merlin-framework-processor:2.16.0' in 'GitHubPackages'
2024-11-23T14:25:04.050-0800 [DEBUG] [org.gradle.api.internal.artifacts.ivyservice.ivyresolve.RepositoryChainComponentMetaDataResolver] Using gov.nasa.jpl.aerie:merlin-framework-processor:2.16.0 from Maven repository 'GitHubPackages'
2024-11-23T14:25:04.050-0800 [DEBUG] [org.gradle.internal.component.model.LoggingAttributeMatchingExplanationBuilder] Candidate org.gradle.internal.component.model.DefaultComponentGraphResolveState$DefaultConfigurationGraphResolveState@2c34470b attribute org.gradle.usage value {org.gradle.category=library, org.gradle.dependency.bundling=external, org.gradle.jvm.version=21, org.gradle.libraryelements=jar, org.gradle.usage=java-api} doesn't requested value java-runtime
2024-11-23T14:25:04.050-0800 [DEBUG] [org.gradle.internal.component.model.LoggingAttributeMatchingExplanationBuilder] Candidate org.gradle.internal.component.model.DefaultComponentGraphResolveState$DefaultConfigurationGraphResolveState@371c57ac doesn't have attribute org.gradle.jvm.environment
2024-11-23T14:25:04.050-0800 [DEBUG] [org.gradle.internal.component.model.DefaultAttributeMatcher] Selected matches [1] from candidates [org.gradle.internal.component.model.DefaultComponentGraphResolveState$DefaultConfigurationGraphResolveState@2c34470b, org.gradle.internal.component.model.DefaultComponentGraphResolveState$DefaultConfigurationGraphResolveState@371c57ac] for {org.gradle.category=library, org.gradle.dependency.bundling=external, org.gradle.jvm.environment=standard-jvm, org.gradle.libraryelements=jar, org.gradle.usage=java-runtime}
2024-11-23T14:25:04.051-0800 [DEBUG] [org.gradle.api.internal.artifacts.ivyservice.resolveengine.graph.builder.DependencyGraphBuilder] Visiting configuration gov.nasa.jpl.aerie:merlin-framework-processor:2.16.0(runtimeElements).
2024-11-23T14:25:04.052-0800 [DEBUG] [org.gradle.api.internal.artifacts.ivyservice.ivyresolve.RepositoryChainComponentMetaDataResolver] Attempting to resolve component for gov.nasa.jpl.aerie:merlin-sdk:2.16.0 using repositories [flatDir, MavenRepo, GitHubPackages]
2024-11-23T14:25:04.052-0800 [DEBUG] [org.gradle.api.internal.artifacts.ivyservice.ivyresolve.CachingModuleComponentRepository] Detected non-existence of module 'gov.nasa.jpl.aerie:merlin-sdk:2.16.0' in resolver cache 'flatDir'
2024-11-23T14:25:04.052-0800 [DEBUG] [org.gradle.api.internal.artifacts.ivyservice.ivyresolve.CachingModuleComponentRepository] Detected non-existence of module 'gov.nasa.jpl.aerie:merlin-sdk:2.16.0' in resolver cache 'MavenRepo'
2024-11-23T14:25:04.052-0800 [DEBUG] [org.gradle.api.internal.artifacts.ivyservice.ivyresolve.CachingModuleComponentRepository] Using cached module metadata for module 'gov.nasa.jpl.aerie:merlin-sdk:2.16.0' in 'GitHubPackages'
2024-11-23T14:25:04.052-0800 [DEBUG] [org.gradle.api.internal.artifacts.ivyservice.ivyresolve.RepositoryChainComponentMetaDataResolver] Using gov.nasa.jpl.aerie:merlin-sdk:2.16.0 from Maven repository 'GitHubPackages'
2024-11-23T14:25:04.052-0800 [DEBUG] [org.gradle.internal.component.model.LoggingAttributeMatchingExplanationBuilder] Candidate org.gradle.internal.component.model.DefaultComponentGraphResolveState$DefaultConfigurationGraphResolveState@435a1aae attribute org.gradle.usage value {org.gradle.category=library, org.gradle.dependency.bundling=external, org.gradle.jvm.version=21, org.gradle.libraryelements=jar, org.gradle.usage=java-api} doesn't requested value java-runtime
2024-11-23T14:25:04.052-0800 [DEBUG] [org.gradle.internal.component.model.LoggingAttributeMatchingExplanationBuilder] Candidate org.gradle.internal.component.model.DefaultComponentGraphResolveState$DefaultConfigurationGraphResolveState@7a16a640 doesn't have attribute org.gradle.jvm.environment
2024-11-23T14:25:04.052-0800 [DEBUG] [org.gradle.internal.component.model.LoggingAttributeMatchingExplanationBuilder] Candidate org.gradle.internal.component.model.DefaultComponentGraphResolveState$DefaultConfigurationGraphResolveState@328d11e9 attribute org.gradle.category value {org.gradle.category=documentation} doesn't requested value library
2024-11-23T14:25:04.052-0800 [DEBUG] [org.gradle.internal.component.model.LoggingAttributeMatchingExplanationBuilder] Candidate org.gradle.internal.component.model.DefaultComponentGraphResolveState$DefaultConfigurationGraphResolveState@2f4101f attribute org.gradle.category value {org.gradle.category=documentation} doesn't requested value library
2024-11-23T14:25:04.053-0800 [DEBUG] [org.gradle.internal.component.model.DefaultAttributeMatcher] Selected matches [1] from candidates [org.gradle.internal.component.model.DefaultComponentGraphResolveState$DefaultConfigurationGraphResolveState@435a1aae, org.gradle.internal.component.model.DefaultComponentGraphResolveState$DefaultConfigurationGraphResolveState@7a16a640, org.gradle.internal.component.model.DefaultComponentGraphResolveState$DefaultConfigurationGraphResolveState@328d11e9, org.gradle.internal.component.model.DefaultComponentGraphResolveState$DefaultConfigurationGraphResolveState@2f4101f] for {org.gradle.category=library, org.gradle.dependency.bundling=external, org.gradle.jvm.environment=standard-jvm, org.gradle.libraryelements=jar, org.gradle.usage=java-runtime}
2024-11-23T14:25:04.053-0800 [DEBUG] [org.gradle.api.internal.artifacts.ivyservice.ivyresolve.RepositoryChainComponentMetaDataResolver] Attempting to resolve component for gov.nasa.jpl.aerie:merlin-framework:2.16.0 using repositories [flatDir, MavenRepo, GitHubPackages]
2024-11-23T14:25:04.053-0800 [DEBUG] [org.gradle.api.internal.artifacts.ivyservice.ivyresolve.CachingModuleComponentRepository] Detected non-existence of module 'gov.nasa.jpl.aerie:merlin-framework:2.16.0' in resolver cache 'flatDir'
2024-11-23T14:25:04.053-0800 [DEBUG] [org.gradle.api.internal.artifacts.ivyservice.ivyresolve.CachingModuleComponentRepository] Detected non-existence of module 'gov.nasa.jpl.aerie:merlin-framework:2.16.0' in resolver cache 'MavenRepo'
2024-11-23T14:25:04.053-0800 [DEBUG] [org.gradle.api.internal.artifacts.ivyservice.ivyresolve.CachingModuleComponentRepository] Using cached module metadata for module 'gov.nasa.jpl.aerie:merlin-framework:2.16.0' in 'GitHubPackages'
2024-11-23T14:25:04.053-0800 [DEBUG] [org.gradle.api.internal.artifacts.ivyservice.ivyresolve.RepositoryChainComponentMetaDataResolver] Using gov.nasa.jpl.aerie:merlin-framework:2.16.0 from Maven repository 'GitHubPackages'
2024-11-23T14:25:04.053-0800 [DEBUG] [org.gradle.api.internal.artifacts.ivyservice.ivyresolve.RepositoryChainComponentMetaDataResolver] Attempting to resolve component for gov.nasa.jpl.aerie:contrib:2.16.0 using repositories [flatDir, MavenRepo, GitHubPackages]
2024-11-23T14:25:04.053-0800 [DEBUG] [org.gradle.api.internal.artifacts.ivyservice.ivyresolve.CachingModuleComponentRepository] Detected non-existence of module 'gov.nasa.jpl.aerie:contrib:2.16.0' in resolver cache 'flatDir'
2024-11-23T14:25:04.053-0800 [DEBUG] [org.gradle.api.internal.artifacts.ivyservice.ivyresolve.CachingModuleComponentRepository] Detected non-existence of module 'gov.nasa.jpl.aerie:contrib:2.16.0' in resolver cache 'MavenRepo'
2024-11-23T14:25:04.053-0800 [DEBUG] [org.gradle.api.internal.artifacts.ivyservice.ivyresolve.CachingModuleComponentRepository] Using cached module metadata for module 'gov.nasa.jpl.aerie:contrib:2.16.0' in 'GitHubPackages'
2024-11-23T14:25:04.054-0800 [DEBUG] [org.gradle.api.internal.artifacts.ivyservice.ivyresolve.RepositoryChainComponentMetaDataResolver] Using gov.nasa.jpl.aerie:contrib:2.16.0 from Maven repository 'GitHubPackages'
2024-11-23T14:25:04.054-0800 [DEBUG] [org.gradle.api.internal.artifacts.ivyservice.ivyresolve.RepositoryChainComponentMetaDataResolver] Attempting to resolve component for org.apache.commons:commons-lang3:3.13.0 using repositories [flatDir, MavenRepo, GitHubPackages]
2024-11-23T14:25:04.054-0800 [DEBUG] [org.gradle.api.internal.artifacts.ivyservice.ivyresolve.CachingModuleComponentRepository] Detected non-existence of module 'org.apache.commons:commons-lang3:3.13.0' in resolver cache 'flatDir'
2024-11-23T14:25:04.054-0800 [DEBUG] [org.gradle.api.internal.artifacts.ivyservice.ivyresolve.CachingModuleComponentRepository] Using cached module metadata for module 'org.apache.commons:commons-lang3:3.13.0' in 'MavenRepo'
2024-11-23T14:25:04.054-0800 [DEBUG] [org.gradle.api.internal.artifacts.ivyservice.ivyresolve.RepositoryChainComponentMetaDataResolver] Using org.apache.commons:commons-lang3:3.13.0 from Maven repository 'MavenRepo'
2024-11-23T14:25:04.054-0800 [DEBUG] [org.gradle.internal.component.model.LoggingAttributeMatchingExplanationBuilder] Candidate org.gradle.internal.component.model.DefaultComponentGraphResolveState$DefaultConfigurationGraphResolveState@1168e585 attribute org.gradle.usage value {org.gradle.status=release, org.gradle.usage=java-api} doesn't requested value java-runtime
2024-11-23T14:25:04.054-0800 [DEBUG] [org.gradle.internal.component.model.LoggingAttributeMatchingExplanationBuilder] Candidate org.gradle.internal.component.model.DefaultComponentGraphResolveState$DefaultConfigurationGraphResolveState@5e83754e doesn't have attribute org.gradle.dependency.bundling
2024-11-23T14:25:04.054-0800 [DEBUG] [org.gradle.internal.component.model.LoggingAttributeMatchingExplanationBuilder] Candidate org.gradle.internal.component.model.DefaultComponentGraphResolveState$DefaultConfigurationGraphResolveState@5e83754e doesn't have attribute org.gradle.jvm.environment
2024-11-23T14:25:04.054-0800 [DEBUG] [org.gradle.internal.component.model.LoggingAttributeMatchingExplanationBuilder] Candidate org.gradle.internal.component.model.DefaultComponentGraphResolveState$DefaultConfigurationGraphResolveState@4db252e attribute org.gradle.category value {org.gradle.category=documentation, org.gradle.status=release} doesn't requested value library
2024-11-23T14:25:04.054-0800 [DEBUG] [org.gradle.internal.component.model.LoggingAttributeMatchingExplanationBuilder] Candidate org.gradle.internal.component.model.DefaultComponentGraphResolveState$DefaultConfigurationGraphResolveState@268db942 attribute org.gradle.category value {org.gradle.category=documentation, org.gradle.status=release} doesn't requested value library
2024-11-23T14:25:04.055-0800 [DEBUG] [org.gradle.internal.component.model.LoggingAttributeMatchingExplanationBuilder] Candidate org.gradle.internal.component.model.DefaultComponentGraphResolveState$DefaultConfigurationGraphResolveState@701f34db attribute org.gradle.category value {org.gradle.category=platform, org.gradle.status=release, org.gradle.usage=java-api} doesn't requested value library
2024-11-23T14:25:04.055-0800 [DEBUG] [org.gradle.internal.component.model.LoggingAttributeMatchingExplanationBuilder] Candidate org.gradle.internal.component.model.DefaultComponentGraphResolveState$DefaultConfigurationGraphResolveState@35730693 attribute org.gradle.category value {org.gradle.category=platform, org.gradle.status=release, org.gradle.usage=java-runtime} doesn't requested value library
2024-11-23T14:25:04.055-0800 [DEBUG] [org.gradle.internal.component.model.LoggingAttributeMatchingExplanationBuilder] Candidate org.gradle.internal.component.model.DefaultComponentGraphResolveState$DefaultConfigurationGraphResolveState@685cb746 attribute org.gradle.category value {org.gradle.category=enforced-platform, org.gradle.status=release, org.gradle.usage=java-api} doesn't requested value library
2024-11-23T14:25:04.055-0800 [DEBUG] [org.gradle.internal.component.model.LoggingAttributeMatchingExplanationBuilder] Candidate org.gradle.internal.component.model.DefaultComponentGraphResolveState$DefaultConfigurationGraphResolveState@235054a6 attribute org.gradle.category value {org.gradle.category=enforced-platform, org.gradle.status=release, org.gradle.usage=java-runtime} doesn't requested value library
2024-11-23T14:25:04.055-0800 [DEBUG] [org.gradle.internal.component.model.DefaultAttributeMatcher] Selected matches [1] from candidates [org.gradle.internal.component.model.DefaultComponentGraphResolveState$DefaultConfigurationGraphResolveState@1168e585, org.gradle.internal.component.model.DefaultComponentGraphResolveState$DefaultConfigurationGraphResolveState@5e83754e, org.gradle.internal.component.model.DefaultComponentGraphResolveState$DefaultConfigurationGraphResolveState@4db252e, org.gradle.internal.component.model.DefaultComponentGraphResolveState$DefaultConfigurationGraphResolveState@268db942, org.gradle.internal.component.model.DefaultComponentGraphResolveState$DefaultConfigurationGraphResolveState@701f34db, org.gradle.internal.component.model.DefaultComponentGraphResolveState$DefaultConfigurationGraphResolveState@35730693, org.gradle.internal.component.model.DefaultComponentGraphResolveState$DefaultConfigurationGraphResolveState@685cb746, org.gradle.internal.component.model.DefaultComponentGraphResolveState$DefaultConfigurationGraphResolveState@235054a6] for {org.gradle.category=library, org.gradle.dependency.bundling=external, org.gradle.jvm.environment=standard-jvm, org.gradle.libraryelements=jar, org.gradle.usage=java-runtime}
2024-11-23T14:25:04.055-0800 [DEBUG] [org.gradle.api.internal.artifacts.ivyservice.ivyresolve.RepositoryChainComponentMetaDataResolver] Attempting to resolve component for com.squareup:javapoet:1.13.0 using repositories [flatDir, MavenRepo, GitHubPackages]
2024-11-23T14:25:04.055-0800 [DEBUG] [org.gradle.api.internal.artifacts.repositories.resolver.DefaultExternalResourceArtifactResolver] Loading file:/Users/bclement/git/aerie-multimission-models-bb/third-party/javapoet-1.13.0.jar
2024-11-23T14:25:04.055-0800 [DEBUG] [org.gradle.api.internal.artifacts.repositories.resolver.DefaultExternalResourceArtifactResolver] Loading file:/Users/bclement/git/aerie-multimission-models-bb/third-party/javapoet.jar
2024-11-23T14:25:04.055-0800 [DEBUG] [org.gradle.api.internal.artifacts.repositories.resolver.ExternalResourceResolver] No meta-data file or artifact found for module 'com.squareup:javapoet:1.13.0' in repository 'flatDir'.
2024-11-23T14:25:04.056-0800 [DEBUG] [org.gradle.api.internal.artifacts.ivyservice.modulecache.PersistentModuleMetadataCache] Recording absence of module descriptor in cache: com.squareup:javapoet:1.13.0 [changing = false]
2024-11-23T14:25:04.056-0800 [DEBUG] [org.gradle.api.internal.artifacts.ivyservice.ivyresolve.CachingModuleComponentRepository] Using cached module metadata for module 'com.squareup:javapoet:1.13.0' in 'MavenRepo'
2024-11-23T14:25:04.056-0800 [DEBUG] [org.gradle.api.internal.artifacts.ivyservice.ivyresolve.RepositoryChainComponentMetaDataResolver] Using com.squareup:javapoet:1.13.0 from Maven repository 'MavenRepo'
2024-11-23T14:25:04.056-0800 [DEBUG] [org.gradle.api.internal.artifacts.ivyservice.resolveengine.graph.builder.DependencyGraphBuilder] Visiting configuration gov.nasa.jpl.aerie:merlin-sdk:2.16.0(runtimeElements).
2024-11-23T14:25:04.056-0800 [DEBUG] [org.gradle.api.internal.artifacts.ivyservice.resolveengine.graph.builder.DependencyGraphBuilder] Visiting configuration gov.nasa.jpl.aerie:merlin-framework:2.16.0(runtimeElements).
2024-11-23T14:25:04.057-0800 [DEBUG] [org.gradle.api.internal.artifacts.ivyservice.ivyresolve.RepositoryChainComponentMetaDataResolver] Attempting to resolve component for org.apache.commons:commons-math3:3.6.1 using repositories [flatDir, MavenRepo, GitHubPackages]
2024-11-23T14:25:04.057-0800 [DEBUG] [org.gradle.api.internal.artifacts.ivyservice.ivyresolve.CachingModuleComponentRepository] Detected non-existence of module 'org.apache.commons:commons-math3:3.6.1' in resolver cache 'flatDir'
2024-11-23T14:25:04.057-0800 [DEBUG] [org.gradle.api.internal.artifacts.ivyservice.ivyresolve.CachingModuleComponentRepository] Using cached module metadata for module 'org.apache.commons:commons-math3:3.6.1' in 'MavenRepo'
2024-11-23T14:25:04.057-0800 [DEBUG] [org.gradle.api.internal.artifacts.ivyservice.ivyresolve.RepositoryChainComponentMetaDataResolver] Using org.apache.commons:commons-math3:3.6.1 from Maven repository 'MavenRepo'
2024-11-23T14:25:04.057-0800 [DEBUG] [org.gradle.api.internal.artifacts.ivyservice.resolveengine.graph.builder.DependencyGraphBuilder] Visiting configuration gov.nasa.jpl.aerie:contrib:2.16.0(runtimeElements).
2024-11-23T14:25:04.057-0800 [DEBUG] [org.gradle.api.internal.artifacts.ivyservice.ivyresolve.RepositoryChainComponentMetaDataResolver] Attempting to resolve component for JNISpice:JNISpice:N0067 using repositories [flatDir, MavenRepo, GitHubPackages]
2024-11-23T14:25:04.058-0800 [DEBUG] [org.gradle.api.internal.artifacts.ivyservice.ivyresolve.CachingModuleComponentRepository] Using cached module metadata for module 'JNISpice:JNISpice:N0067' in 'flatDir'
2024-11-23T14:25:04.058-0800 [DEBUG] [org.gradle.api.internal.artifacts.ivyservice.ivyresolve.CachingModuleComponentRepository] Detected non-existence of module 'JNISpice:JNISpice:N0067' in resolver cache 'MavenRepo'
2024-11-23T14:25:04.058-0800 [DEBUG] [org.gradle.api.internal.artifacts.ivyservice.ivyresolve.CachingModuleComponentRepository] Detected non-existence of module 'JNISpice:JNISpice:N0067' in resolver cache 'GitHubPackages'
2024-11-23T14:25:04.058-0800 [DEBUG] [org.gradle.api.internal.artifacts.ivyservice.ivyresolve.RepositoryChainComponentMetaDataResolver] Using JNISpice:JNISpice:N0067 from Ivy repository 'flatDir'
2024-11-23T14:25:04.058-0800 [DEBUG] [org.gradle.api.internal.artifacts.ivyservice.resolveengine.graph.builder.DependencyGraphBuilder] Visiting configuration org.apache.commons:commons-lang3:3.13.0(runtime).
2024-11-23T14:25:04.058-0800 [DEBUG] [org.gradle.api.internal.artifacts.ivyservice.resolveengine.graph.builder.DependencyGraphBuilder] Visiting configuration com.squareup:javapoet:1.13.0(runtime).
2024-11-23T14:25:04.058-0800 [DEBUG] [org.gradle.api.internal.artifacts.ivyservice.resolveengine.graph.builder.DependencyGraphBuilder] Visiting configuration org.apache.commons:commons-math3:3.6.1(runtime).
2024-11-23T14:25:04.059-0800 [DEBUG] [org.gradle.api.internal.artifacts.ivyservice.resolveengine.graph.builder.DependencyGraphBuilder] Visiting configuration gov.nasa.jpl.aerie:merlin-framework:2.16.0(runtimeElements).
2024-11-23T14:25:04.059-0800 [DEBUG] [org.gradle.api.internal.artifacts.ivyservice.resolveengine.graph.builder.NodeState] Changed edges for gov.nasa.jpl.aerie:merlin-framework:2.16.0(runtimeElements) selects same versions as previous traversal. ignoring
2024-11-23T14:25:04.059-0800 [DEBUG] [org.gradle.api.internal.artifacts.ivyservice.resolveengine.graph.builder.DependencyGraphBuilder] Visiting configuration JNISpice:JNISpice:N0067(default).
2024-11-23T14:25:04.060-0800 [DEBUG] [org.gradle.api.internal.artifacts.ivyservice.resolveengine.oldresult.TransientConfigurationResultsBuilder] Flushing resolved configuration data in Binary store in /Users/bclement/.gradle/.tmp/gradle1587807970881211207.bin. Wrote root 124.
2024-11-23T14:25:04.060-0800 [DEBUG] [org.gradle.internal.operations.DefaultBuildOperationRunner] Build operation 'Resolve dependencies of :annotationProcessor' completed
2024-11-23T14:25:04.060-0800 [DEBUG] [org.gradle.internal.component.model.LoggingAttributeMatchingExplanationBuilder] Selected match gov.nasa.jpl.aerie:merlin-framework-processor:2.16.0 variant runtimeElements from candidates [gov.nasa.jpl.aerie:merlin-framework-processor:2.16.0 variant runtimeElements] for {org.gradle.category=library, org.gradle.dependency.bundling=external, org.gradle.jvm.environment=standard-jvm, org.gradle.libraryelements=jar, org.gradle.usage=java-runtime}
2024-11-23T14:25:04.061-0800 [DEBUG] [org.gradle.internal.component.model.LoggingAttributeMatchingExplanationBuilder] Selected match gov.nasa.jpl.aerie:merlin-sdk:2.16.0 variant runtimeElements from candidates [gov.nasa.jpl.aerie:merlin-sdk:2.16.0 variant runtimeElements] for {org.gradle.category=library, org.gradle.dependency.bundling=external, org.gradle.jvm.environment=standard-jvm, org.gradle.libraryelements=jar, org.gradle.usage=java-runtime}
2024-11-23T14:25:04.061-0800 [DEBUG] [org.gradle.internal.component.model.LoggingAttributeMatchingExplanationBuilder] Selected match gov.nasa.jpl.aerie:contrib:2.16.0 variant runtimeElements from candidates [gov.nasa.jpl.aerie:contrib:2.16.0 variant runtimeElements] for {org.gradle.category=library, org.gradle.dependency.bundling=external, org.gradle.jvm.environment=standard-jvm, org.gradle.libraryelements=jar, org.gradle.usage=java-runtime}
2024-11-23T14:25:04.061-0800 [DEBUG] [org.gradle.internal.component.model.LoggingAttributeMatchingExplanationBuilder] Selected match gov.nasa.jpl.aerie:merlin-framework:2.16.0 variant runtimeElements from candidates [gov.nasa.jpl.aerie:merlin-framework:2.16.0 variant runtimeElements] for {org.gradle.category=library, org.gradle.dependency.bundling=external, org.gradle.jvm.environment=standard-jvm, org.gradle.libraryelements=jar, org.gradle.usage=java-runtime}
2024-11-23T14:25:04.061-0800 [DEBUG] [org.gradle.internal.component.model.LoggingAttributeMatchingExplanationBuilder] Selected match org.apache.commons:commons-lang3:3.13.0 configuration runtime from candidates [org.apache.commons:commons-lang3:3.13.0 configuration runtime] for {org.gradle.category=library, org.gradle.dependency.bundling=external, org.gradle.jvm.environment=standard-jvm, org.gradle.libraryelements=jar, org.gradle.usage=java-runtime}
2024-11-23T14:25:04.061-0800 [DEBUG] [org.gradle.internal.component.model.LoggingAttributeMatchingExplanationBuilder] Selected match com.squareup:javapoet:1.13.0 configuration runtime from candidates [com.squareup:javapoet:1.13.0 configuration runtime] for {org.gradle.category=library, org.gradle.dependency.bundling=external, org.gradle.jvm.environment=standard-jvm, org.gradle.libraryelements=jar, org.gradle.usage=java-runtime}
2024-11-23T14:25:04.061-0800 [DEBUG] [org.gradle.internal.component.model.LoggingAttributeMatchingExplanationBuilder] Selected match org.apache.commons:commons-math3:3.6.1 configuration runtime from candidates [org.apache.commons:commons-math3:3.6.1 configuration runtime] for {org.gradle.category=library, org.gradle.dependency.bundling=external, org.gradle.jvm.environment=standard-jvm, org.gradle.libraryelements=jar, org.gradle.usage=java-runtime}
2024-11-23T14:25:04.061-0800 [DEBUG] [org.gradle.internal.component.model.LoggingAttributeMatchingExplanationBuilder] Selected match JNISpice:JNISpice:N0067 configuration default from candidates [JNISpice:JNISpice:N0067 configuration default] for {org.gradle.category=library, org.gradle.dependency.bundling=external, org.gradle.jvm.environment=standard-jvm, org.gradle.libraryelements=jar, org.gradle.usage=java-runtime}
2024-11-23T14:25:04.062-0800 [DEBUG] [org.gradle.api.internal.artifacts.ivyservice.ivyresolve.CachingModuleComponentRepository] Found artifact 'org.gradle.internal.component.external.model.UrlBackedArtifactMetadata@15b5d7c2' in resolver cache: /Users/bclement/.gradle/caches/modules-2/files-2.1/gov.nasa.jpl.aerie/merlin-framework-processor/2.16.0/b1b20d6ffcca766b31b5167f79a4f37e4a6678a8/merlin-framework-processor-2.16.0.jar
2024-11-23T14:25:04.063-0800 [DEBUG] [org.gradle.internal.operations.DefaultBuildOperationRunner] Build operation 'Resolve merlin-framework-processor-2.16.0.jar (gov.nasa.jpl.aerie:merlin-framework-processor:2.16.0)' completed
2024-11-23T14:25:04.063-0800 [DEBUG] [org.gradle.api.internal.artifacts.ivyservice.ivyresolve.CachingModuleComponentRepository] Found artifact 'javapoet-1.13.0.jar (com.squareup:javapoet:1.13.0)' in resolver cache: /Users/bclement/.gradle/caches/modules-2/files-2.1/com.squareup/javapoet/1.13.0/d6562d385049f35eb50403fa86bb11cce76b866a/javapoet-1.13.0.jar
2024-11-23T14:25:04.063-0800 [DEBUG] [org.gradle.internal.resources.AbstractTrackedResourceLock] Execution worker: released lock on state of build :
2024-11-23T14:25:04.063-0800 [DEBUG] [org.gradle.internal.resources.AbstractTrackedResourceLock] Execution worker: released lock on worker lease
2024-11-23T14:25:04.067-0800 [DEBUG] [org.gradle.internal.resources.AbstractTrackedResourceLock] Execution worker: acquired lock on state of build :
2024-11-23T14:25:04.067-0800 [DEBUG] [org.gradle.internal.resources.AbstractTrackedResourceLock] Execution worker: acquired lock on worker lease
2024-11-23T14:25:04.067-0800 [DEBUG] [org.gradle.internal.operations.DefaultBuildOperationRunner] Build operation 'Resolve files of configuration ':annotationProcessor'' completed
2024-11-23T14:25:04.068-0800 [DEBUG] [org.gradle.internal.operations.DefaultBuildOperationRunner] Build operation 'Snapshot inputs and outputs before executing task ':compileJava'' completed
2024-11-23T14:25:04.069-0800 [DEBUG] [org.gradle.internal.component.model.LoggingAttributeMatchingExplanationBuilder] Selected match jplTime-2022-08.jar from candidates [jplTime-2022-08.jar] for {org.gradle.category=library, org.gradle.dependency.bundling=external, org.gradle.jvm.environment=standard-jvm, org.gradle.jvm.version=21, org.gradle.libraryelements=classes, org.gradle.usage=java-api}
2024-11-23T14:25:04.069-0800 [DEBUG] [org.gradle.internal.operations.DefaultBuildOperationRunner] Build operation 'Resolve files of configuration ':compileClasspath'' completed
2024-11-23T14:25:04.069-0800 [DEBUG] [org.gradle.internal.operations.DefaultBuildOperationRunner] Build operation 'Resolve files of configuration ':annotationProcessor'' completed
2024-11-23T14:25:04.071-0800 [INFO] [org.gradle.internal.execution.steps.AbstractResolveCachingStateStep] Caching disabled for task ':compileJava' because:
  Build cache is disabled
2024-11-23T14:25:04.071-0800 [DEBUG] [org.gradle.internal.operations.DefaultBuildOperationRunner] Build operation 'Snapshot task inputs for :compileJava' completed
2024-11-23T14:25:04.071-0800 [DEBUG] [org.gradle.internal.execution.steps.SkipUpToDateStep] Determining if task ':compileJava' is up-to-date
2024-11-23T14:25:04.071-0800 [INFO] [org.gradle.internal.execution.steps.SkipUpToDateStep] Skipping task ':compileJava' as it is up-to-date.
2024-11-23T14:25:04.071-0800 [DEBUG] [org.gradle.api.internal.tasks.execution.ResolveTaskExecutionModeExecuter] Removed task artifact state for task ':compileJava' from context.
2024-11-23T14:25:04.072-0800 [DEBUG] [org.gradle.internal.operations.DefaultBuildOperationRunner] Completing Build operation 'Task :compileJava'
2024-11-23T14:25:04.072-0800 [DEBUG] [org.gradle.internal.operations.DefaultBuildOperationRunner] Build operation 'Task :compileJava' completed
2024-11-23T14:25:04.072-0800 [DEBUG] [org.gradle.execution.plan.DefaultFinalizedExecutionPlan] Node :compileJava completed, executed: true
2024-11-23T14:25:04.072-0800 [DEBUG] [org.gradle.execution.plan.DefaultFinalizedExecutionPlan] Node :compileJava finished executing
2024-11-23T14:25:04.072-0800 [DEBUG] [org.gradle.internal.resources.AbstractTrackedResourceLock] Execution worker: released lock on state of build :
2024-11-23T14:25:04.072-0800 [DEBUG] [org.gradle.internal.resources.AbstractTrackedResourceLock] Execution worker: released lock on task execution for build :
2024-11-23T14:25:04.072-0800 [DEBUG] [org.gradle.internal.resources.AbstractTrackedResourceLock] Execution worker: acquired lock on state of build :
2024-11-23T14:25:04.072-0800 [DEBUG] [org.gradle.internal.resources.AbstractTrackedResourceLock] Execution worker: acquired lock on task execution for build :
2024-11-23T14:25:04.072-0800 [INFO] [org.gradle.execution.plan.DefaultPlanExecutor] Resolve mutations for :processResources (Thread[#170,Execution worker,5,main]) started.
2024-11-23T14:25:04.073-0800 [DEBUG] [org.gradle.internal.operations.DefaultBuildOperationRunner] Build operation 'Resolve mutations for task :processResources' started
2024-11-23T14:25:04.072-0800 [DEBUG] [org.gradle.internal.resources.AbstractTrackedResourceLock] included builds: acquired lock on worker lease
2024-11-23T14:25:04.073-0800 [DEBUG] [org.gradle.execution.plan.DefaultFinalizedExecutionPlan] Cannot acquire project lock for node Resolve mutations for :processTestResources
2024-11-23T14:25:04.073-0800 [DEBUG] [org.gradle.internal.resources.AbstractTrackedResourceLock] included builds: released lock on worker lease
2024-11-23T14:25:04.073-0800 [DEBUG] [org.gradle.internal.resources.AbstractTrackedResourceLock] Execution worker Thread 14: acquired lock on worker lease
2024-11-23T14:25:04.073-0800 [DEBUG] [org.gradle.internal.resources.AbstractTrackedResourceLock] Execution worker Thread 14: released lock on worker lease
2024-11-23T14:25:04.073-0800 [DEBUG] [org.gradle.internal.operations.DefaultBuildOperationRunner] Completing Build operation 'Resolve mutations for task :processResources'
2024-11-23T14:25:04.073-0800 [DEBUG] [org.gradle.internal.operations.DefaultBuildOperationRunner] Build operation 'Resolve mutations for task :processResources' completed
2024-11-23T14:25:04.073-0800 [DEBUG] [org.gradle.internal.resources.AbstractTrackedResourceLock] Execution worker Thread 13: acquired lock on worker lease
2024-11-23T14:25:04.073-0800 [DEBUG] [org.gradle.internal.resources.AbstractTrackedResourceLock] Execution worker Thread 13: released lock on worker lease
2024-11-23T14:25:04.073-0800 [DEBUG] [org.gradle.internal.resources.AbstractTrackedResourceLock] Execution worker Thread 12: acquired lock on worker lease
2024-11-23T14:25:04.073-0800 [DEBUG] [org.gradle.internal.resources.AbstractTrackedResourceLock] Execution worker Thread 12: released lock on worker lease
2024-11-23T14:25:04.073-0800 [DEBUG] [org.gradle.internal.resources.AbstractTrackedResourceLock] Execution worker Thread 11: acquired lock on worker lease
2024-11-23T14:25:04.074-0800 [DEBUG] [org.gradle.internal.resources.AbstractTrackedResourceLock] Execution worker Thread 11: released lock on worker lease
2024-11-23T14:25:04.074-0800 [DEBUG] [org.gradle.internal.resources.AbstractTrackedResourceLock] Execution worker Thread 9: acquired lock on worker lease
2024-11-23T14:25:04.074-0800 [DEBUG] [org.gradle.internal.resources.AbstractTrackedResourceLock] Execution worker Thread 9: released lock on worker lease
2024-11-23T14:25:04.074-0800 [DEBUG] [org.gradle.internal.resources.AbstractTrackedResourceLock] Execution worker Thread 7: acquired lock on worker lease
2024-11-23T14:25:04.074-0800 [DEBUG] [org.gradle.internal.resources.AbstractTrackedResourceLock] Execution worker Thread 7: released lock on worker lease
2024-11-23T14:25:04.074-0800 [DEBUG] [org.gradle.internal.resources.AbstractTrackedResourceLock] Execution worker Thread 2: acquired lock on worker lease
2024-11-23T14:25:04.074-0800 [DEBUG] [org.gradle.internal.resources.AbstractTrackedResourceLock] Execution worker Thread 2: released lock on worker lease
2024-11-23T14:25:04.074-0800 [DEBUG] [org.gradle.internal.resources.AbstractTrackedResourceLock] Execution worker Thread 6: acquired lock on worker lease
2024-11-23T14:25:04.074-0800 [DEBUG] [org.gradle.internal.resources.AbstractTrackedResourceLock] Execution worker Thread 6: released lock on worker lease
2024-11-23T14:25:04.074-0800 [DEBUG] [org.gradle.internal.resources.AbstractTrackedResourceLock] Execution worker Thread 8: acquired lock on worker lease
2024-11-23T14:25:04.074-0800 [DEBUG] [org.gradle.internal.resources.AbstractTrackedResourceLock] Execution worker Thread 8: released lock on worker lease
2024-11-23T14:25:04.074-0800 [DEBUG] [org.gradle.internal.resources.AbstractTrackedResourceLock] Execution worker Thread 5: acquired lock on worker lease
2024-11-23T14:25:04.074-0800 [DEBUG] [org.gradle.internal.resources.AbstractTrackedResourceLock] Execution worker Thread 5: released lock on worker lease
2024-11-23T14:25:04.075-0800 [DEBUG] [org.gradle.internal.resources.AbstractTrackedResourceLock] Execution worker Thread 10: acquired lock on worker lease
2024-11-23T14:25:04.075-0800 [DEBUG] [org.gradle.internal.resources.AbstractTrackedResourceLock] Execution worker Thread 10: released lock on worker lease
2024-11-23T14:25:04.075-0800 [DEBUG] [org.gradle.internal.resources.AbstractTrackedResourceLock] Execution worker Thread 4: acquired lock on worker lease
2024-11-23T14:25:04.075-0800 [DEBUG] [org.gradle.internal.resources.AbstractTrackedResourceLock] Execution worker Thread 4: released lock on worker lease
2024-11-23T14:25:04.075-0800 [DEBUG] [org.gradle.internal.resources.AbstractTrackedResourceLock] Execution worker Thread 3: acquired lock on worker lease
2024-11-23T14:25:04.075-0800 [DEBUG] [org.gradle.internal.resources.AbstractTrackedResourceLock] Execution worker Thread 3: released lock on worker lease
2024-11-23T14:25:04.075-0800 [DEBUG] [org.gradle.internal.resources.AbstractTrackedResourceLock] Execution worker Thread 15: acquired lock on worker lease
2024-11-23T14:25:04.075-0800 [DEBUG] [org.gradle.internal.resources.AbstractTrackedResourceLock] Execution worker Thread 15: released lock on worker lease
2024-11-23T14:25:04.075-0800 [DEBUG] [org.gradle.execution.plan.DefaultFinalizedExecutionPlan] Node Resolve mutations for :processResources completed, executed: true
2024-11-23T14:25:04.075-0800 [DEBUG] [org.gradle.execution.plan.DefaultFinalizedExecutionPlan] Node Resolve mutations for :processResources finished executing
2024-11-23T14:25:04.075-0800 [DEBUG] [org.gradle.internal.resources.AbstractTrackedResourceLock] Execution worker: released lock on state of build :
2024-11-23T14:25:04.075-0800 [DEBUG] [org.gradle.internal.resources.AbstractTrackedResourceLock] Execution worker: released lock on task execution for build :
2024-11-23T14:25:04.075-0800 [DEBUG] [org.gradle.internal.resources.AbstractTrackedResourceLock] Execution worker: acquired lock on state of build :
2024-11-23T14:25:04.075-0800 [DEBUG] [org.gradle.internal.resources.AbstractTrackedResourceLock] Execution worker: acquired lock on task execution for build :
2024-11-23T14:25:04.076-0800 [INFO] [org.gradle.execution.plan.DefaultPlanExecutor] :processResources (Thread[#170,Execution worker,5,main]) started.
2024-11-23T14:25:04.076-0800 [DEBUG] [org.gradle.internal.operations.DefaultBuildOperationRunner] Build operation 'Task :processResources' started
2024-11-23T14:25:04.076-0800 [DEBUG] [org.gradle.internal.resources.AbstractTrackedResourceLock] included builds: acquired lock on worker lease
2024-11-23T14:25:04.076-0800 [DEBUG] [org.gradle.execution.plan.DefaultFinalizedExecutionPlan] Cannot acquire project lock for node Resolve mutations for :processTestResources
2024-11-23T14:25:04.076-0800 [DEBUG] [org.gradle.internal.resources.AbstractTrackedResourceLock] included builds: released lock on worker lease
2024-11-23T14:25:04.076-0800 [DEBUG] [org.gradle.internal.resources.AbstractTrackedResourceLock] Execution worker Thread 15: acquired lock on worker lease
2024-11-23T14:25:04.076-0800 [DEBUG] [org.gradle.internal.resources.AbstractTrackedResourceLock] Execution worker Thread 15: released lock on worker lease
2024-11-23T14:25:04.076-0800 [DEBUG] [org.gradle.internal.operations.DefaultBuildOperationRunner] Build operation 'Identifying work' started
2024-11-23T14:25:04.076-0800 [DEBUG] [org.gradle.internal.operations.DefaultBuildOperationRunner] Completing Build operation 'Identifying work'
2024-11-23T14:25:04.076-0800 [DEBUG] [org.gradle.internal.resources.AbstractTrackedResourceLock] Execution worker Thread 3: acquired lock on worker lease
2024-11-23T14:25:04.077-0800 [DEBUG] [org.gradle.internal.resources.AbstractTrackedResourceLock] Execution worker Thread 3: released lock on worker lease
2024-11-23T14:25:04.077-0800 [DEBUG] [org.gradle.internal.resources.AbstractTrackedResourceLock] Execution worker Thread 4: acquired lock on worker lease
2024-11-23T14:25:04.077-0800 [DEBUG] [org.gradle.internal.operations.DefaultBuildOperationRunner] Build operation 'Snapshot task inputs for :processResources' started
2024-11-23T14:25:04.077-0800 [DEBUG] [org.gradle.internal.resources.AbstractTrackedResourceLock] Execution worker Thread 4: released lock on worker lease
2024-11-23T14:25:04.077-0800 [DEBUG] [org.gradle.internal.resources.AbstractTrackedResourceLock] Execution worker Thread 10: acquired lock on worker lease
2024-11-23T14:25:04.077-0800 [DEBUG] [org.gradle.internal.resources.AbstractTrackedResourceLock] Execution worker Thread 10: released lock on worker lease
2024-11-23T14:25:04.077-0800 [DEBUG] [org.gradle.internal.resources.AbstractTrackedResourceLock] Execution worker Thread 5: acquired lock on worker lease
2024-11-23T14:25:04.077-0800 [DEBUG] [org.gradle.internal.resources.AbstractTrackedResourceLock] Execution worker Thread 5: released lock on worker lease
2024-11-23T14:25:04.077-0800 [DEBUG] [org.gradle.internal.resources.AbstractTrackedResourceLock] Execution worker Thread 8: acquired lock on worker lease
2024-11-23T14:25:04.077-0800 [DEBUG] [org.gradle.internal.resources.AbstractTrackedResourceLock] Execution worker Thread 8: released lock on worker lease
2024-11-23T14:25:04.077-0800 [DEBUG] [org.gradle.internal.resources.AbstractTrackedResourceLock] Execution worker Thread 6: acquired lock on worker lease
2024-11-23T14:25:04.077-0800 [DEBUG] [org.gradle.internal.resources.AbstractTrackedResourceLock] Execution worker Thread 6: released lock on worker lease
2024-11-23T14:25:04.077-0800 [DEBUG] [org.gradle.internal.resources.AbstractTrackedResourceLock] Execution worker Thread 2: acquired lock on worker lease
2024-11-23T14:25:04.078-0800 [DEBUG] [org.gradle.internal.resources.AbstractTrackedResourceLock] Execution worker Thread 2: released lock on worker lease
2024-11-23T14:25:04.078-0800 [DEBUG] [org.gradle.internal.resources.AbstractTrackedResourceLock] Execution worker Thread 7: acquired lock on worker lease
2024-11-23T14:25:04.078-0800 [DEBUG] [org.gradle.internal.resources.AbstractTrackedResourceLock] Execution worker Thread 7: released lock on worker lease
2024-11-23T14:25:04.078-0800 [DEBUG] [org.gradle.internal.resources.AbstractTrackedResourceLock] Execution worker Thread 9: acquired lock on worker lease
2024-11-23T14:25:04.078-0800 [DEBUG] [org.gradle.internal.operations.DefaultBuildOperationRunner] Build operation 'Snapshot inputs and outputs before executing task ':processResources'' started
2024-11-23T14:25:04.078-0800 [DEBUG] [org.gradle.internal.resources.AbstractTrackedResourceLock] Execution worker Thread 9: released lock on worker lease
2024-11-23T14:25:04.078-0800 [DEBUG] [org.gradle.internal.resources.AbstractTrackedResourceLock] Execution worker Thread 11: acquired lock on worker lease
2024-11-23T14:25:04.078-0800 [DEBUG] [org.gradle.internal.resources.AbstractTrackedResourceLock] Execution worker Thread 11: released lock on worker lease
2024-11-23T14:25:04.078-0800 [DEBUG] [org.gradle.internal.resources.AbstractTrackedResourceLock] Execution worker Thread 12: acquired lock on worker lease
2024-11-23T14:25:04.078-0800 [DEBUG] [org.gradle.internal.operations.DefaultBuildOperationRunner] Completing Build operation 'Snapshot inputs and outputs before executing task ':processResources''
2024-11-23T14:25:04.078-0800 [DEBUG] [org.gradle.internal.resources.AbstractTrackedResourceLock] Execution worker Thread 12: released lock on worker lease
2024-11-23T14:25:04.079-0800 [DEBUG] [org.gradle.internal.resources.AbstractTrackedResourceLock] Execution worker Thread 13: acquired lock on worker lease
2024-11-23T14:25:04.079-0800 [DEBUG] [org.gradle.internal.resources.AbstractTrackedResourceLock] Execution worker Thread 13: released lock on worker lease
2024-11-23T14:25:04.079-0800 [DEBUG] [org.gradle.internal.resources.AbstractTrackedResourceLock] Execution worker Thread 14: acquired lock on worker lease
2024-11-23T14:25:04.079-0800 [DEBUG] [org.gradle.internal.resources.AbstractTrackedResourceLock] Execution worker Thread 14: released lock on worker lease
2024-11-23T14:25:04.079-0800 [DEBUG] [org.gradle.internal.operations.DefaultBuildOperationRunner] Completing Build operation 'Snapshot task inputs for :processResources'
2024-11-23T14:25:04.076-0800 [LIFECYCLE] [class org.gradle.internal.buildevents.TaskExecutionLogger] 
2024-11-23T14:25:04.076-0800 [LIFECYCLE] [class org.gradle.internal.buildevents.TaskExecutionLogger] > Task :processResources UP-TO-DATE
2024-11-23T14:25:04.076-0800 [DEBUG] [org.gradle.api.internal.tasks.execution.ResolveTaskExecutionModeExecuter] Putting task artifact state for task ':processResources' into context took 0.0 secs.
2024-11-23T14:25:04.076-0800 [DEBUG] [org.gradle.internal.operations.DefaultBuildOperationRunner] Build operation 'Identifying work' completed
2024-11-23T14:25:04.078-0800 [DEBUG] [org.gradle.internal.execution.steps.AbstractCaptureStateBeforeExecutionStep] Implementation for task ':processResources': org.gradle.language.jvm.tasks.ProcessResources_Decorated@e534f1a0ba3028c73b140f32f8e326db
2024-11-23T14:25:04.078-0800 [DEBUG] [org.gradle.internal.execution.steps.AbstractCaptureStateBeforeExecutionStep] Additional implementations for task ':processResources': [org.gradle.language.jvm.tasks.ProcessResources_Decorated@69d719a3fb881f8d789e6fafbd49e2b2]
2024-11-23T14:25:04.079-0800 [DEBUG] [org.gradle.internal.operations.DefaultBuildOperationRunner] Build operation 'Snapshot inputs and outputs before executing task ':processResources'' completed
2024-11-23T14:25:04.079-0800 [INFO] [org.gradle.internal.execution.steps.AbstractResolveCachingStateStep] Caching disabled for task ':processResources' because:
  Build cache is disabled
  Not worth caching
2024-11-23T14:25:04.079-0800 [DEBUG] [org.gradle.internal.operations.DefaultBuildOperationRunner] Build operation 'Snapshot task inputs for :processResources' completed
2024-11-23T14:25:04.079-0800 [DEBUG] [org.gradle.internal.execution.steps.SkipUpToDateStep] Determining if task ':processResources' is up-to-date
2024-11-23T14:25:04.080-0800 [INFO] [org.gradle.internal.execution.steps.SkipUpToDateStep] Skipping task ':processResources' as it is up-to-date.
2024-11-23T14:25:04.080-0800 [DEBUG] [org.gradle.api.internal.tasks.execution.ResolveTaskExecutionModeExecuter] Removed task artifact state for task ':processResources' from context.
2024-11-23T14:25:04.080-0800 [DEBUG] [org.gradle.internal.operations.DefaultBuildOperationRunner] Completing Build operation 'Task :processResources'
2024-11-23T14:25:04.080-0800 [DEBUG] [org.gradle.internal.operations.DefaultBuildOperationRunner] Build operation 'Task :processResources' completed
2024-11-23T14:25:04.080-0800 [DEBUG] [org.gradle.execution.plan.DefaultFinalizedExecutionPlan] Node :processResources completed, executed: true
2024-11-23T14:25:04.080-0800 [DEBUG] [org.gradle.execution.plan.DefaultFinalizedExecutionPlan] Node :processResources finished executing
2024-11-23T14:25:04.080-0800 [DEBUG] [org.gradle.internal.resources.AbstractTrackedResourceLock] Execution worker: released lock on state of build :
2024-11-23T14:25:04.080-0800 [DEBUG] [org.gradle.internal.resources.AbstractTrackedResourceLock] Execution worker: released lock on task execution for build :
2024-11-23T14:25:04.080-0800 [DEBUG] [org.gradle.internal.resources.AbstractTrackedResourceLock] Execution worker: acquired lock on state of build :
2024-11-23T14:25:04.080-0800 [DEBUG] [org.gradle.internal.resources.AbstractTrackedResourceLock] Execution worker: acquired lock on task execution for build :
2024-11-23T14:25:04.080-0800 [INFO] [org.gradle.execution.plan.DefaultPlanExecutor] Resolve mutations for :classes (Thread[#170,Execution worker,5,main]) started.
2024-11-23T14:25:04.080-0800 [DEBUG] [org.gradle.internal.operations.DefaultBuildOperationRunner] Build operation 'Resolve mutations for task :classes' started
2024-11-23T14:25:04.080-0800 [DEBUG] [org.gradle.internal.resources.AbstractTrackedResourceLock] included builds: acquired lock on worker lease
2024-11-23T14:25:04.081-0800 [DEBUG] [org.gradle.execution.plan.DefaultFinalizedExecutionPlan] Cannot acquire project lock for node Resolve mutations for :processTestResources
2024-11-23T14:25:04.081-0800 [DEBUG] [org.gradle.internal.resources.AbstractTrackedResourceLock] included builds: released lock on worker lease
2024-11-23T14:25:04.081-0800 [DEBUG] [org.gradle.internal.operations.DefaultBuildOperationRunner] Completing Build operation 'Resolve mutations for task :classes'
2024-11-23T14:25:04.081-0800 [DEBUG] [org.gradle.internal.operations.DefaultBuildOperationRunner] Build operation 'Resolve mutations for task :classes' completed
2024-11-23T14:25:04.081-0800 [DEBUG] [org.gradle.internal.resources.AbstractTrackedResourceLock] Execution worker Thread 14: acquired lock on worker lease
2024-11-23T14:25:04.081-0800 [DEBUG] [org.gradle.internal.resources.AbstractTrackedResourceLock] Execution worker Thread 14: released lock on worker lease
2024-11-23T14:25:04.081-0800 [DEBUG] [org.gradle.internal.resources.AbstractTrackedResourceLock] Execution worker Thread 13: acquired lock on worker lease
2024-11-23T14:25:04.081-0800 [DEBUG] [org.gradle.internal.resources.AbstractTrackedResourceLock] Execution worker Thread 13: released lock on worker lease
2024-11-23T14:25:04.081-0800 [DEBUG] [org.gradle.internal.resources.AbstractTrackedResourceLock] Execution worker Thread 12: acquired lock on worker lease
2024-11-23T14:25:04.081-0800 [DEBUG] [org.gradle.internal.resources.AbstractTrackedResourceLock] Execution worker Thread 12: released lock on worker lease
2024-11-23T14:25:04.081-0800 [DEBUG] [org.gradle.internal.resources.AbstractTrackedResourceLock] Execution worker Thread 11: acquired lock on worker lease
2024-11-23T14:25:04.081-0800 [DEBUG] [org.gradle.internal.resources.AbstractTrackedResourceLock] Execution worker Thread 11: released lock on worker lease
2024-11-23T14:25:04.082-0800 [DEBUG] [org.gradle.internal.resources.AbstractTrackedResourceLock] Execution worker Thread 9: acquired lock on worker lease
2024-11-23T14:25:04.082-0800 [DEBUG] [org.gradle.internal.resources.AbstractTrackedResourceLock] Execution worker Thread 9: released lock on worker lease
2024-11-23T14:25:04.082-0800 [DEBUG] [org.gradle.internal.resources.AbstractTrackedResourceLock] Execution worker Thread 7: acquired lock on worker lease
2024-11-23T14:25:04.082-0800 [DEBUG] [org.gradle.internal.resources.AbstractTrackedResourceLock] Execution worker Thread 7: released lock on worker lease
2024-11-23T14:25:04.082-0800 [DEBUG] [org.gradle.internal.resources.AbstractTrackedResourceLock] Execution worker Thread 2: acquired lock on worker lease
2024-11-23T14:25:04.082-0800 [DEBUG] [org.gradle.internal.resources.AbstractTrackedResourceLock] Execution worker Thread 2: released lock on worker lease
2024-11-23T14:25:04.082-0800 [DEBUG] [org.gradle.internal.resources.AbstractTrackedResourceLock] Execution worker Thread 6: acquired lock on worker lease
2024-11-23T14:25:04.082-0800 [DEBUG] [org.gradle.internal.resources.AbstractTrackedResourceLock] Execution worker Thread 6: released lock on worker lease
2024-11-23T14:25:04.082-0800 [DEBUG] [org.gradle.internal.resources.AbstractTrackedResourceLock] Execution worker Thread 8: acquired lock on worker lease
2024-11-23T14:25:04.082-0800 [DEBUG] [org.gradle.internal.resources.AbstractTrackedResourceLock] Execution worker Thread 8: released lock on worker lease
2024-11-23T14:25:04.082-0800 [DEBUG] [org.gradle.internal.resources.AbstractTrackedResourceLock] Execution worker Thread 5: acquired lock on worker lease
2024-11-23T14:25:04.082-0800 [DEBUG] [org.gradle.internal.resources.AbstractTrackedResourceLock] Execution worker Thread 5: released lock on worker lease
2024-11-23T14:25:04.082-0800 [DEBUG] [org.gradle.internal.resources.AbstractTrackedResourceLock] Execution worker Thread 10: acquired lock on worker lease
2024-11-23T14:25:04.082-0800 [DEBUG] [org.gradle.internal.resources.AbstractTrackedResourceLock] Execution worker Thread 10: released lock on worker lease
2024-11-23T14:25:04.082-0800 [DEBUG] [org.gradle.internal.resources.AbstractTrackedResourceLock] Execution worker Thread 4: acquired lock on worker lease
2024-11-23T14:25:04.083-0800 [DEBUG] [org.gradle.internal.resources.AbstractTrackedResourceLock] Execution worker Thread 4: released lock on worker lease
2024-11-23T14:25:04.083-0800 [DEBUG] [org.gradle.internal.resources.AbstractTrackedResourceLock] Execution worker Thread 3: acquired lock on worker lease
2024-11-23T14:25:04.083-0800 [DEBUG] [org.gradle.internal.resources.AbstractTrackedResourceLock] Execution worker Thread 3: released lock on worker lease
2024-11-23T14:25:04.083-0800 [DEBUG] [org.gradle.internal.resources.AbstractTrackedResourceLock] Execution worker Thread 15: acquired lock on worker lease
2024-11-23T14:25:04.083-0800 [DEBUG] [org.gradle.internal.resources.AbstractTrackedResourceLock] Execution worker Thread 15: released lock on worker lease
2024-11-23T14:25:04.083-0800 [DEBUG] [org.gradle.execution.plan.DefaultFinalizedExecutionPlan] Node Resolve mutations for :classes completed, executed: true
2024-11-23T14:25:04.083-0800 [DEBUG] [org.gradle.execution.plan.DefaultFinalizedExecutionPlan] Node Resolve mutations for :classes finished executing
2024-11-23T14:25:04.083-0800 [DEBUG] [org.gradle.internal.resources.AbstractTrackedResourceLock] Execution worker: released lock on state of build :
2024-11-23T14:25:04.083-0800 [DEBUG] [org.gradle.internal.resources.AbstractTrackedResourceLock] Execution worker: released lock on task execution for build :
2024-11-23T14:25:04.083-0800 [DEBUG] [org.gradle.internal.resources.AbstractTrackedResourceLock] Execution worker: acquired lock on state of build :
2024-11-23T14:25:04.083-0800 [DEBUG] [org.gradle.internal.resources.AbstractTrackedResourceLock] Execution worker: acquired lock on task execution for build :
2024-11-23T14:25:04.083-0800 [INFO] [org.gradle.execution.plan.DefaultPlanExecutor] :classes (Thread[#170,Execution worker,5,main]) started.
2024-11-23T14:25:04.083-0800 [DEBUG] [org.gradle.internal.operations.DefaultBuildOperationRunner] Build operation 'Task :classes' started
2024-11-23T14:25:04.083-0800 [DEBUG] [org.gradle.internal.resources.AbstractTrackedResourceLock] included builds: acquired lock on worker lease
2024-11-23T14:25:04.084-0800 [DEBUG] [org.gradle.execution.plan.DefaultFinalizedExecutionPlan] Cannot acquire project lock for node Resolve mutations for :processTestResources
2024-11-23T14:25:04.083-0800 [LIFECYCLE] [class org.gradle.internal.buildevents.TaskExecutionLogger] 
2024-11-23T14:25:04.083-0800 [LIFECYCLE] [class org.gradle.internal.buildevents.TaskExecutionLogger] > Task :classes UP-TO-DATE
2024-11-23T14:25:04.084-0800 [INFO] [org.gradle.api.internal.tasks.execution.SkipTaskWithNoActionsExecuter] Skipping task ':classes' as it has no actions.
2024-11-23T14:25:04.084-0800 [DEBUG] [org.gradle.internal.resources.AbstractTrackedResourceLock] included builds: released lock on worker lease
2024-11-23T14:25:04.084-0800 [DEBUG] [org.gradle.internal.operations.DefaultBuildOperationRunner] Completing Build operation 'Task :classes'
2024-11-23T14:25:04.084-0800 [DEBUG] [org.gradle.internal.operations.DefaultBuildOperationRunner] Build operation 'Task :classes' completed
2024-11-23T14:25:04.084-0800 [DEBUG] [org.gradle.internal.resources.AbstractTrackedResourceLock] Execution worker Thread 15: acquired lock on worker lease
2024-11-23T14:25:04.084-0800 [DEBUG] [org.gradle.internal.resources.AbstractTrackedResourceLock] Execution worker Thread 15: released lock on worker lease
2024-11-23T14:25:04.084-0800 [DEBUG] [org.gradle.internal.resources.AbstractTrackedResourceLock] Execution worker Thread 3: acquired lock on worker lease
2024-11-23T14:25:04.084-0800 [DEBUG] [org.gradle.internal.resources.AbstractTrackedResourceLock] Execution worker Thread 3: released lock on worker lease
2024-11-23T14:25:04.084-0800 [DEBUG] [org.gradle.internal.resources.AbstractTrackedResourceLock] Execution worker Thread 4: acquired lock on worker lease
2024-11-23T14:25:04.084-0800 [DEBUG] [org.gradle.internal.resources.AbstractTrackedResourceLock] Execution worker Thread 4: released lock on worker lease
2024-11-23T14:25:04.084-0800 [DEBUG] [org.gradle.internal.resources.AbstractTrackedResourceLock] Execution worker Thread 10: acquired lock on worker lease
2024-11-23T14:25:04.084-0800 [DEBUG] [org.gradle.internal.resources.AbstractTrackedResourceLock] Execution worker Thread 10: released lock on worker lease
2024-11-23T14:25:04.085-0800 [DEBUG] [org.gradle.internal.resources.AbstractTrackedResourceLock] Execution worker Thread 5: acquired lock on worker lease
2024-11-23T14:25:04.085-0800 [DEBUG] [org.gradle.internal.resources.AbstractTrackedResourceLock] Execution worker Thread 5: released lock on worker lease
2024-11-23T14:25:04.085-0800 [DEBUG] [org.gradle.internal.resources.AbstractTrackedResourceLock] Execution worker Thread 8: acquired lock on worker lease
2024-11-23T14:25:04.085-0800 [DEBUG] [org.gradle.internal.resources.AbstractTrackedResourceLock] Execution worker Thread 8: released lock on worker lease
2024-11-23T14:25:04.085-0800 [DEBUG] [org.gradle.internal.resources.AbstractTrackedResourceLock] Execution worker Thread 6: acquired lock on worker lease
2024-11-23T14:25:04.085-0800 [DEBUG] [org.gradle.internal.resources.AbstractTrackedResourceLock] Execution worker Thread 6: released lock on worker lease
2024-11-23T14:25:04.085-0800 [DEBUG] [org.gradle.internal.resources.AbstractTrackedResourceLock] Execution worker Thread 2: acquired lock on worker lease
2024-11-23T14:25:04.085-0800 [DEBUG] [org.gradle.internal.resources.AbstractTrackedResourceLock] Execution worker Thread 2: released lock on worker lease
2024-11-23T14:25:04.085-0800 [DEBUG] [org.gradle.internal.resources.AbstractTrackedResourceLock] Execution worker Thread 7: acquired lock on worker lease
2024-11-23T14:25:04.085-0800 [DEBUG] [org.gradle.internal.resources.AbstractTrackedResourceLock] Execution worker Thread 7: released lock on worker lease
2024-11-23T14:25:04.085-0800 [DEBUG] [org.gradle.internal.resources.AbstractTrackedResourceLock] Execution worker Thread 9: acquired lock on worker lease
2024-11-23T14:25:04.085-0800 [DEBUG] [org.gradle.internal.resources.AbstractTrackedResourceLock] Execution worker Thread 9: released lock on worker lease
2024-11-23T14:25:04.085-0800 [DEBUG] [org.gradle.internal.resources.AbstractTrackedResourceLock] Execution worker Thread 11: acquired lock on worker lease
2024-11-23T14:25:04.085-0800 [DEBUG] [org.gradle.internal.resources.AbstractTrackedResourceLock] Execution worker Thread 11: released lock on worker lease
2024-11-23T14:25:04.085-0800 [DEBUG] [org.gradle.internal.resources.AbstractTrackedResourceLock] Execution worker Thread 12: acquired lock on worker lease
2024-11-23T14:25:04.086-0800 [DEBUG] [org.gradle.internal.resources.AbstractTrackedResourceLock] Execution worker Thread 12: released lock on worker lease
2024-11-23T14:25:04.086-0800 [DEBUG] [org.gradle.internal.resources.AbstractTrackedResourceLock] Execution worker Thread 13: acquired lock on worker lease
2024-11-23T14:25:04.086-0800 [DEBUG] [org.gradle.internal.resources.AbstractTrackedResourceLock] Execution worker Thread 13: released lock on worker lease
2024-11-23T14:25:04.086-0800 [DEBUG] [org.gradle.internal.resources.AbstractTrackedResourceLock] Execution worker Thread 14: acquired lock on worker lease
2024-11-23T14:25:04.086-0800 [DEBUG] [org.gradle.internal.resources.AbstractTrackedResourceLock] Execution worker Thread 14: released lock on worker lease
2024-11-23T14:25:04.086-0800 [DEBUG] [org.gradle.execution.plan.DefaultFinalizedExecutionPlan] Node :classes completed, executed: true
2024-11-23T14:25:04.086-0800 [DEBUG] [org.gradle.execution.plan.DefaultFinalizedExecutionPlan] Node :classes finished executing
2024-11-23T14:25:04.086-0800 [DEBUG] [org.gradle.internal.resources.AbstractTrackedResourceLock] Execution worker: released lock on state of build :
2024-11-23T14:25:04.086-0800 [DEBUG] [org.gradle.internal.resources.AbstractTrackedResourceLock] Execution worker: released lock on task execution for build :
2024-11-23T14:25:04.086-0800 [DEBUG] [org.gradle.internal.resources.AbstractTrackedResourceLock] included builds: acquired lock on worker lease
2024-11-23T14:25:04.086-0800 [DEBUG] [org.gradle.internal.resources.AbstractTrackedResourceLock] included builds: acquired lock on state of build :
2024-11-23T14:25:04.086-0800 [DEBUG] [org.gradle.internal.resources.AbstractTrackedResourceLock] included builds: acquired lock on task execution for build :
2024-11-23T14:25:04.086-0800 [INFO] [org.gradle.execution.plan.DefaultPlanExecutor] Resolve mutations for :compileTestJava (Thread[#169,included builds,5,main]) started.
2024-11-23T14:25:04.086-0800 [DEBUG] [org.gradle.execution.plan.DefaultFinalizedExecutionPlan] Cannot acquire project lock for node Resolve mutations for :processTestResources
2024-11-23T14:25:04.087-0800 [DEBUG] [org.gradle.internal.operations.DefaultBuildOperationRunner] Build operation 'Resolve mutations for task :compileTestJava' started
2024-11-23T14:25:04.087-0800 [DEBUG] [org.gradle.internal.resources.AbstractTrackedResourceLock] Execution worker: released lock on worker lease
2024-11-23T14:25:04.087-0800 [DEBUG] [org.gradle.internal.resources.AbstractTrackedResourceLock] Execution worker Thread 14: acquired lock on worker lease
2024-11-23T14:25:04.087-0800 [DEBUG] [org.gradle.internal.resources.AbstractTrackedResourceLock] Execution worker Thread 14: released lock on worker lease
2024-11-23T14:25:04.087-0800 [DEBUG] [org.gradle.internal.resources.AbstractTrackedResourceLock] Execution worker Thread 13: acquired lock on worker lease
2024-11-23T14:25:04.087-0800 [DEBUG] [org.gradle.internal.resources.AbstractTrackedResourceLock] Execution worker Thread 13: released lock on worker lease
2024-11-23T14:25:04.087-0800 [DEBUG] [org.gradle.internal.resources.AbstractTrackedResourceLock] Execution worker Thread 12: acquired lock on worker lease
2024-11-23T14:25:04.087-0800 [DEBUG] [org.gradle.internal.resources.AbstractTrackedResourceLock] Execution worker Thread 12: released lock on worker lease
2024-11-23T14:25:04.087-0800 [DEBUG] [org.gradle.internal.resources.AbstractTrackedResourceLock] Execution worker Thread 11: acquired lock on worker lease
2024-11-23T14:25:04.087-0800 [DEBUG] [org.gradle.internal.resources.AbstractTrackedResourceLock] Execution worker Thread 11: released lock on worker lease
2024-11-23T14:25:04.087-0800 [DEBUG] [org.gradle.internal.resources.AbstractTrackedResourceLock] Execution worker Thread 9: acquired lock on worker lease
2024-11-23T14:25:04.087-0800 [DEBUG] [org.gradle.internal.resources.AbstractTrackedResourceLock] Execution worker Thread 9: released lock on worker lease
2024-11-23T14:25:04.088-0800 [DEBUG] [org.gradle.internal.resources.AbstractTrackedResourceLock] Execution worker Thread 7: acquired lock on worker lease
2024-11-23T14:25:04.088-0800 [DEBUG] [org.gradle.internal.resources.AbstractTrackedResourceLock] Execution worker Thread 7: released lock on worker lease
2024-11-23T14:25:04.088-0800 [DEBUG] [org.gradle.internal.operations.DefaultBuildOperationRunner] Completing Build operation 'Resolve mutations for task :compileTestJava'
2024-11-23T14:25:04.088-0800 [DEBUG] [org.gradle.internal.operations.DefaultBuildOperationRunner] Build operation 'Resolve mutations for task :compileTestJava' completed
2024-11-23T14:25:04.088-0800 [DEBUG] [org.gradle.internal.resources.AbstractTrackedResourceLock] Execution worker Thread 2: acquired lock on worker lease
2024-11-23T14:25:04.088-0800 [DEBUG] [org.gradle.internal.resources.AbstractTrackedResourceLock] Execution worker Thread 2: released lock on worker lease
2024-11-23T14:25:04.088-0800 [DEBUG] [org.gradle.internal.resources.AbstractTrackedResourceLock] Execution worker Thread 6: acquired lock on worker lease
2024-11-23T14:25:04.088-0800 [DEBUG] [org.gradle.internal.resources.AbstractTrackedResourceLock] Execution worker Thread 6: released lock on worker lease
2024-11-23T14:25:04.088-0800 [DEBUG] [org.gradle.internal.resources.AbstractTrackedResourceLock] Execution worker Thread 8: acquired lock on worker lease
2024-11-23T14:25:04.088-0800 [DEBUG] [org.gradle.internal.resources.AbstractTrackedResourceLock] Execution worker Thread 8: released lock on worker lease
2024-11-23T14:25:04.088-0800 [DEBUG] [org.gradle.internal.resources.AbstractTrackedResourceLock] Execution worker Thread 5: acquired lock on worker lease
2024-11-23T14:25:04.088-0800 [DEBUG] [org.gradle.internal.resources.AbstractTrackedResourceLock] Execution worker Thread 5: released lock on worker lease
2024-11-23T14:25:04.088-0800 [DEBUG] [org.gradle.internal.resources.AbstractTrackedResourceLock] Execution worker Thread 10: acquired lock on worker lease
2024-11-23T14:25:04.088-0800 [DEBUG] [org.gradle.internal.resources.AbstractTrackedResourceLock] Execution worker Thread 10: released lock on worker lease
2024-11-23T14:25:04.088-0800 [DEBUG] [org.gradle.internal.resources.AbstractTrackedResourceLock] Execution worker Thread 4: acquired lock on worker lease
2024-11-23T14:25:04.089-0800 [DEBUG] [org.gradle.internal.resources.AbstractTrackedResourceLock] Execution worker Thread 4: released lock on worker lease
2024-11-23T14:25:04.089-0800 [DEBUG] [org.gradle.internal.resources.AbstractTrackedResourceLock] Execution worker Thread 3: acquired lock on worker lease
2024-11-23T14:25:04.089-0800 [DEBUG] [org.gradle.internal.resources.AbstractTrackedResourceLock] Execution worker Thread 3: released lock on worker lease
2024-11-23T14:25:04.089-0800 [DEBUG] [org.gradle.internal.resources.AbstractTrackedResourceLock] Execution worker Thread 15: acquired lock on worker lease
2024-11-23T14:25:04.089-0800 [DEBUG] [org.gradle.internal.resources.AbstractTrackedResourceLock] Execution worker Thread 15: released lock on worker lease
2024-11-23T14:25:04.089-0800 [DEBUG] [org.gradle.execution.plan.DefaultFinalizedExecutionPlan] Node Resolve mutations for :compileTestJava completed, executed: true
2024-11-23T14:25:04.089-0800 [DEBUG] [org.gradle.execution.plan.DefaultFinalizedExecutionPlan] Node Resolve mutations for :compileTestJava finished executing
2024-11-23T14:25:04.089-0800 [DEBUG] [org.gradle.internal.resources.AbstractTrackedResourceLock] included builds: released lock on state of build :
2024-11-23T14:25:04.089-0800 [DEBUG] [org.gradle.internal.resources.AbstractTrackedResourceLock] included builds: released lock on task execution for build :
2024-11-23T14:25:04.089-0800 [DEBUG] [org.gradle.internal.resources.AbstractTrackedResourceLock] included builds: acquired lock on state of build :
2024-11-23T14:25:04.089-0800 [DEBUG] [org.gradle.internal.resources.AbstractTrackedResourceLock] included builds: acquired lock on task execution for build :
2024-11-23T14:25:04.089-0800 [INFO] [org.gradle.execution.plan.DefaultPlanExecutor] :compileTestJava (Thread[#169,included builds,5,main]) started.
2024-11-23T14:25:04.089-0800 [DEBUG] [org.gradle.internal.resources.AbstractTrackedResourceLock] Execution worker: acquired lock on worker lease
2024-11-23T14:25:04.090-0800 [DEBUG] [org.gradle.execution.plan.DefaultFinalizedExecutionPlan] Cannot acquire project lock for node Resolve mutations for :processTestResources
2024-11-23T14:25:04.090-0800 [DEBUG] [org.gradle.internal.resources.AbstractTrackedResourceLock] Execution worker: released lock on worker lease
2024-11-23T14:25:04.090-0800 [DEBUG] [org.gradle.internal.operations.DefaultBuildOperationRunner] Build operation 'Task :compileTestJava' started
2024-11-23T14:25:04.090-0800 [DEBUG] [org.gradle.internal.resources.AbstractTrackedResourceLock] Execution worker Thread 15: acquired lock on worker lease
2024-11-23T14:25:04.090-0800 [DEBUG] [org.gradle.internal.resources.AbstractTrackedResourceLock] Execution worker Thread 15: released lock on worker lease
2024-11-23T14:25:04.090-0800 [DEBUG] [org.gradle.internal.resources.AbstractTrackedResourceLock] Execution worker Thread 3: acquired lock on worker lease
2024-11-23T14:25:04.090-0800 [DEBUG] [org.gradle.internal.resources.AbstractTrackedResourceLock] Execution worker Thread 3: released lock on worker lease
2024-11-23T14:25:04.090-0800 [DEBUG] [org.gradle.internal.operations.DefaultBuildOperationRunner] Build operation 'Identifying work' started
2024-11-23T14:25:04.090-0800 [DEBUG] [org.gradle.internal.operations.DefaultBuildOperationRunner] Completing Build operation 'Identifying work'
2024-11-23T14:25:04.090-0800 [DEBUG] [org.gradle.internal.resources.AbstractTrackedResourceLock] Execution worker Thread 4: acquired lock on worker lease
2024-11-23T14:25:04.091-0800 [DEBUG] [org.gradle.internal.resources.AbstractTrackedResourceLock] Execution worker Thread 4: released lock on worker lease
2024-11-23T14:25:04.091-0800 [DEBUG] [org.gradle.internal.operations.DefaultBuildOperationRunner] Build operation 'Snapshot task inputs for :compileTestJava' started
2024-11-23T14:25:04.091-0800 [DEBUG] [org.gradle.internal.resources.AbstractTrackedResourceLock] Execution worker Thread 10: acquired lock on worker lease
2024-11-23T14:25:04.091-0800 [DEBUG] [org.gradle.internal.resources.AbstractTrackedResourceLock] Execution worker Thread 10: released lock on worker lease
2024-11-23T14:25:04.091-0800 [DEBUG] [org.gradle.internal.resources.AbstractTrackedResourceLock] Execution worker Thread 5: acquired lock on worker lease
2024-11-23T14:25:04.091-0800 [DEBUG] [org.gradle.internal.resources.AbstractTrackedResourceLock] Execution worker Thread 5: released lock on worker lease
2024-11-23T14:25:04.091-0800 [DEBUG] [org.gradle.internal.resources.AbstractTrackedResourceLock] Execution worker Thread 8: acquired lock on worker lease
2024-11-23T14:25:04.091-0800 [DEBUG] [org.gradle.internal.resources.AbstractTrackedResourceLock] Execution worker Thread 8: released lock on worker lease
2024-11-23T14:25:04.091-0800 [DEBUG] [org.gradle.internal.resources.AbstractTrackedResourceLock] Execution worker Thread 6: acquired lock on worker lease
2024-11-23T14:25:04.091-0800 [DEBUG] [org.gradle.internal.resources.AbstractTrackedResourceLock] Execution worker Thread 6: released lock on worker lease
2024-11-23T14:25:04.091-0800 [DEBUG] [org.gradle.internal.operations.DefaultBuildOperationRunner] Build operation 'Snapshot inputs and outputs before executing task ':compileTestJava'' started
2024-11-23T14:25:04.091-0800 [DEBUG] [org.gradle.internal.resources.AbstractTrackedResourceLock] Execution worker Thread 2: acquired lock on worker lease
2024-11-23T14:25:04.092-0800 [DEBUG] [org.gradle.internal.resources.AbstractTrackedResourceLock] Execution worker Thread 2: released lock on worker lease
2024-11-23T14:25:04.092-0800 [DEBUG] [org.gradle.internal.resources.AbstractTrackedResourceLock] Execution worker Thread 7: acquired lock on worker lease
2024-11-23T14:25:04.092-0800 [DEBUG] [org.gradle.internal.resources.AbstractTrackedResourceLock] Execution worker Thread 7: released lock on worker lease
2024-11-23T14:25:04.092-0800 [DEBUG] [org.gradle.internal.resources.AbstractTrackedResourceLock] Execution worker Thread 9: acquired lock on worker lease
2024-11-23T14:25:04.092-0800 [DEBUG] [org.gradle.internal.resources.AbstractTrackedResourceLock] Execution worker Thread 9: released lock on worker lease
2024-11-23T14:25:04.092-0800 [DEBUG] [org.gradle.internal.resources.AbstractTrackedResourceLock] Execution worker Thread 11: acquired lock on worker lease
2024-11-23T14:25:04.092-0800 [DEBUG] [org.gradle.internal.resources.AbstractTrackedResourceLock] Execution worker Thread 11: released lock on worker lease
2024-11-23T14:25:04.092-0800 [DEBUG] [org.gradle.internal.resources.AbstractTrackedResourceLock] Execution worker Thread 12: acquired lock on worker lease
2024-11-23T14:25:04.092-0800 [DEBUG] [org.gradle.internal.resources.AbstractTrackedResourceLock] Execution worker Thread 12: released lock on worker lease
2024-11-23T14:25:04.092-0800 [DEBUG] [org.gradle.internal.resources.AbstractTrackedResourceLock] Execution worker Thread 13: acquired lock on worker lease
2024-11-23T14:25:04.093-0800 [DEBUG] [org.gradle.internal.resources.AbstractTrackedResourceLock] Execution worker Thread 13: released lock on worker lease
2024-11-23T14:25:04.093-0800 [DEBUG] [org.gradle.internal.resources.AbstractTrackedResourceLock] Execution worker Thread 14: acquired lock on worker lease
2024-11-23T14:25:04.093-0800 [DEBUG] [org.gradle.internal.resources.AbstractTrackedResourceLock] Execution worker Thread 14: released lock on worker lease
2024-11-23T14:25:04.093-0800 [DEBUG] [org.gradle.internal.operations.DefaultBuildOperationRunner] Build operation 'Resolve dependencies of :testCompileClasspath' started
2024-11-23T14:25:04.129-0800 [DEBUG] [org.gradle.internal.operations.DefaultBuildOperationRunner] Completing Build operation 'Resolve dependencies of :testCompileClasspath'
2024-11-23T14:25:04.132-0800 [DEBUG] [org.gradle.internal.operations.DefaultBuildOperationRunner] Build operation 'Resolve files of configuration ':testCompileClasspath'' started
2024-11-23T14:25:04.134-0800 [DEBUG] [org.gradle.internal.operations.DefaultBuildOperationRunner] Build operation 'Resolve merlin-framework-junit-2.16.0.jar (gov.nasa.jpl.aerie:merlin-framework-junit:2.16.0)' started
2024-11-23T14:25:04.134-0800 [DEBUG] [org.gradle.internal.resources.AbstractTrackedResourceLock] Unconstrained build operations Thread 14: acquired lock on worker lease
2024-11-23T14:25:04.134-0800 [DEBUG] [org.gradle.internal.operations.DefaultBuildOperationRunner] Build operation 'Resolve junit-jupiter-params-5.11.3.jar (org.junit.jupiter:junit-jupiter-params:5.11.3)' started
2024-11-23T14:25:04.134-0800 [DEBUG] [org.gradle.internal.resources.AbstractTrackedResourceLock] Unconstrained build operations Thread 18: acquired lock on worker lease
2024-11-23T14:25:04.135-0800 [DEBUG] [org.gradle.internal.operations.DefaultBuildOperationRunner] Completing Build operation 'Resolve junit-jupiter-params-5.11.3.jar (org.junit.jupiter:junit-jupiter-params:5.11.3)'
2024-11-23T14:25:04.135-0800 [DEBUG] [org.gradle.internal.operations.DefaultBuildOperationRunner] Build operation 'Resolve junit-jupiter-params-5.11.3.jar (org.junit.jupiter:junit-jupiter-params:5.11.3)' completed
2024-11-23T14:25:04.135-0800 [DEBUG] [org.gradle.internal.resources.AbstractTrackedResourceLock] Unconstrained build operations Thread 17: acquired lock on worker lease
2024-11-23T14:25:04.135-0800 [DEBUG] [org.gradle.internal.operations.DefaultBuildOperationRunner] Build operation 'Resolve opentest4j-1.3.0.jar (org.opentest4j:opentest4j:1.3.0)' started
2024-11-23T14:25:04.135-0800 [DEBUG] [org.gradle.internal.resources.AbstractTrackedResourceLock] Unconstrained build operations Thread 20: acquired lock on worker lease
2024-11-23T14:25:04.135-0800 [DEBUG] [org.gradle.internal.operations.DefaultBuildOperationRunner] Build operation 'Resolve apiguardian-api-1.1.2.jar (org.apiguardian:apiguardian-api:1.1.2)' started
2024-11-23T14:25:04.135-0800 [DEBUG] [org.gradle.internal.operations.DefaultBuildOperationRunner] Build operation 'Resolve junit-jupiter-5.11.3.jar (org.junit.jupiter:junit-jupiter:5.11.3)' started
2024-11-23T14:25:04.135-0800 [DEBUG] [org.gradle.internal.operations.DefaultBuildOperationRunner] Completing Build operation 'Resolve apiguardian-api-1.1.2.jar (org.apiguardian:apiguardian-api:1.1.2)'
2024-11-23T14:25:04.136-0800 [DEBUG] [org.gradle.internal.operations.DefaultBuildOperationRunner] Build operation 'Resolve apiguardian-api-1.1.2.jar (org.apiguardian:apiguardian-api:1.1.2)' completed
2024-11-23T14:25:04.135-0800 [DEBUG] [org.gradle.internal.operations.DefaultBuildOperationRunner] Completing Build operation 'Resolve merlin-framework-junit-2.16.0.jar (gov.nasa.jpl.aerie:merlin-framework-junit:2.16.0)'
2024-11-23T14:25:04.135-0800 [DEBUG] [org.gradle.internal.resources.AbstractTrackedResourceLock] Unconstrained build operations Thread 16: acquired lock on worker lease
2024-11-23T14:25:04.136-0800 [DEBUG] [org.gradle.internal.operations.DefaultBuildOperationRunner] Completing Build operation 'Resolve opentest4j-1.3.0.jar (org.opentest4j:opentest4j:1.3.0)'
2024-11-23T14:25:04.136-0800 [DEBUG] [org.gradle.internal.operations.DefaultBuildOperationRunner] Build operation 'Resolve opentest4j-1.3.0.jar (org.opentest4j:opentest4j:1.3.0)' completed
2024-11-23T14:25:04.136-0800 [DEBUG] [org.gradle.internal.operations.DefaultBuildOperationRunner] Build operation 'Resolve junit-platform-commons-1.11.3.jar (org.junit.platform:junit-platform-commons:1.11.3)' started
2024-11-23T14:25:04.136-0800 [DEBUG] [org.gradle.internal.operations.DefaultBuildOperationRunner] Completing Build operation 'Resolve junit-jupiter-5.11.3.jar (org.junit.jupiter:junit-jupiter:5.11.3)'
2024-11-23T14:25:04.136-0800 [DEBUG] [org.gradle.internal.resources.AbstractTrackedResourceLock] Unconstrained build operations Thread 18: released lock on worker lease
2024-11-23T14:25:04.137-0800 [DEBUG] [org.gradle.internal.operations.DefaultBuildOperationRunner] Build operation 'Resolve junit-jupiter-5.11.3.jar (org.junit.jupiter:junit-jupiter:5.11.3)' completed
2024-11-23T14:25:04.137-0800 [DEBUG] [org.gradle.internal.operations.DefaultBuildOperationRunner] Completing Build operation 'Resolve junit-platform-commons-1.11.3.jar (org.junit.platform:junit-platform-commons:1.11.3)'
2024-11-23T14:25:04.137-0800 [DEBUG] [org.gradle.internal.resources.AbstractTrackedResourceLock] Unconstrained build operations Thread 15: acquired lock on worker lease
2024-11-23T14:25:04.137-0800 [DEBUG] [org.gradle.internal.operations.DefaultBuildOperationRunner] Build operation 'Resolve junit-jupiter-api-5.11.3.jar (org.junit.jupiter:junit-jupiter-api:5.11.3)' started
2024-11-23T14:25:04.137-0800 [DEBUG] [org.gradle.internal.operations.DefaultBuildOperationRunner] Build operation 'Resolve junit-platform-commons-1.11.3.jar (org.junit.platform:junit-platform-commons:1.11.3)' completed
2024-11-23T14:25:04.137-0800 [DEBUG] [org.gradle.internal.resources.AbstractTrackedResourceLock] Unconstrained build operations Thread 14: released lock on worker lease
2024-11-23T14:25:04.137-0800 [DEBUG] [org.gradle.internal.operations.DefaultBuildOperationRunner] Completing Build operation 'Resolve junit-jupiter-api-5.11.3.jar (org.junit.jupiter:junit-jupiter-api:5.11.3)'
2024-11-23T14:25:04.137-0800 [DEBUG] [org.gradle.internal.resources.AbstractTrackedResourceLock] Unconstrained build operations Thread 16: released lock on worker lease
2024-11-23T14:25:04.137-0800 [DEBUG] [org.gradle.internal.operations.DefaultBuildOperationRunner] Build operation 'Resolve junit-jupiter-api-5.11.3.jar (org.junit.jupiter:junit-jupiter-api:5.11.3)' completed
2024-11-23T14:25:04.137-0800 [DEBUG] [org.gradle.internal.resources.AbstractTrackedResourceLock] Unconstrained build operations Thread 20: released lock on worker lease
2024-11-23T14:25:04.138-0800 [DEBUG] [org.gradle.internal.resources.AbstractTrackedResourceLock] Execution worker Thread 14: acquired lock on worker lease
2024-11-23T14:25:04.138-0800 [DEBUG] [org.gradle.execution.plan.DefaultFinalizedExecutionPlan] Cannot acquire project lock for node Resolve mutations for :processTestResources
2024-11-23T14:25:04.138-0800 [DEBUG] [org.gradle.internal.resources.AbstractTrackedResourceLock] Execution worker Thread 14: released lock on worker lease
2024-11-23T14:25:04.138-0800 [DEBUG] [org.gradle.internal.resources.AbstractTrackedResourceLock] Execution worker Thread 13: acquired lock on worker lease
2024-11-23T14:25:04.138-0800 [DEBUG] [org.gradle.internal.resources.AbstractTrackedResourceLock] Execution worker Thread 13: released lock on worker lease
2024-11-23T14:25:04.138-0800 [DEBUG] [org.gradle.internal.resources.AbstractTrackedResourceLock] Execution worker Thread 12: acquired lock on worker lease
2024-11-23T14:25:04.138-0800 [DEBUG] [org.gradle.internal.resources.AbstractTrackedResourceLock] Execution worker Thread 12: released lock on worker lease
2024-11-23T14:25:04.138-0800 [DEBUG] [org.gradle.internal.resources.AbstractTrackedResourceLock] Execution worker Thread 11: acquired lock on worker lease
2024-11-23T14:25:04.138-0800 [DEBUG] [org.gradle.internal.resources.AbstractTrackedResourceLock] Execution worker Thread 11: released lock on worker lease
2024-11-23T14:25:04.138-0800 [DEBUG] [org.gradle.internal.resources.AbstractTrackedResourceLock] Execution worker Thread 9: acquired lock on worker lease
2024-11-23T14:25:04.138-0800 [DEBUG] [org.gradle.internal.resources.AbstractTrackedResourceLock] Execution worker Thread 9: released lock on worker lease
2024-11-23T14:25:04.138-0800 [DEBUG] [org.gradle.internal.resources.AbstractTrackedResourceLock] Execution worker Thread 7: acquired lock on worker lease
2024-11-23T14:25:04.138-0800 [DEBUG] [org.gradle.internal.resources.AbstractTrackedResourceLock] Execution worker Thread 7: released lock on worker lease
2024-11-23T14:25:04.138-0800 [DEBUG] [org.gradle.internal.resources.AbstractTrackedResourceLock] Execution worker Thread 2: acquired lock on worker lease
2024-11-23T14:25:04.139-0800 [DEBUG] [org.gradle.internal.resources.AbstractTrackedResourceLock] Execution worker Thread 2: released lock on worker lease
2024-11-23T14:25:04.139-0800 [DEBUG] [org.gradle.internal.resources.AbstractTrackedResourceLock] Execution worker Thread 6: acquired lock on worker lease
2024-11-23T14:25:04.139-0800 [DEBUG] [org.gradle.internal.resources.AbstractTrackedResourceLock] Execution worker Thread 6: released lock on worker lease
2024-11-23T14:25:04.139-0800 [DEBUG] [org.gradle.internal.resources.AbstractTrackedResourceLock] Execution worker Thread 8: acquired lock on worker lease
2024-11-23T14:25:04.139-0800 [DEBUG] [org.gradle.internal.resources.AbstractTrackedResourceLock] Execution worker Thread 8: released lock on worker lease
2024-11-23T14:25:04.139-0800 [DEBUG] [org.gradle.internal.resources.AbstractTrackedResourceLock] Execution worker Thread 5: acquired lock on worker lease
2024-11-23T14:25:04.139-0800 [DEBUG] [org.gradle.internal.resources.AbstractTrackedResourceLock] Execution worker Thread 5: released lock on worker lease
2024-11-23T14:25:04.139-0800 [DEBUG] [org.gradle.internal.resources.AbstractTrackedResourceLock] Execution worker Thread 10: acquired lock on worker lease
2024-11-23T14:25:04.139-0800 [DEBUG] [org.gradle.internal.resources.AbstractTrackedResourceLock] Execution worker Thread 10: released lock on worker lease
2024-11-23T14:25:04.139-0800 [DEBUG] [org.gradle.internal.resources.AbstractTrackedResourceLock] Execution worker Thread 4: acquired lock on worker lease
2024-11-23T14:25:04.139-0800 [DEBUG] [org.gradle.internal.resources.AbstractTrackedResourceLock] Execution worker Thread 4: released lock on worker lease
2024-11-23T14:25:04.139-0800 [DEBUG] [org.gradle.internal.resources.AbstractTrackedResourceLock] Execution worker Thread 3: acquired lock on worker lease
2024-11-23T14:25:04.139-0800 [DEBUG] [org.gradle.internal.resources.AbstractTrackedResourceLock] Execution worker Thread 3: released lock on worker lease
2024-11-23T14:25:04.139-0800 [DEBUG] [org.gradle.internal.resources.AbstractTrackedResourceLock] Execution worker Thread 15: acquired lock on worker lease
2024-11-23T14:25:04.140-0800 [DEBUG] [org.gradle.internal.resources.AbstractTrackedResourceLock] Execution worker Thread 15: released lock on worker lease
2024-11-23T14:25:04.140-0800 [DEBUG] [org.gradle.internal.resources.AbstractTrackedResourceLock] Execution worker: acquired lock on worker lease
2024-11-23T14:25:04.140-0800 [DEBUG] [org.gradle.internal.resources.AbstractTrackedResourceLock] Execution worker: released lock on worker lease
2024-11-23T14:25:04.140-0800 [DEBUG] [org.gradle.internal.resources.AbstractTrackedResourceLock] Unconstrained build operations Thread 17: released lock on worker lease
2024-11-23T14:25:04.140-0800 [DEBUG] [org.gradle.internal.resources.AbstractTrackedResourceLock] Execution worker Thread 14: acquired lock on worker lease
2024-11-23T14:25:04.140-0800 [DEBUG] [org.gradle.internal.resources.AbstractTrackedResourceLock] Execution worker Thread 14: released lock on worker lease
2024-11-23T14:25:04.140-0800 [DEBUG] [org.gradle.internal.resources.AbstractTrackedResourceLock] Execution worker: acquired lock on worker lease
2024-11-23T14:25:04.140-0800 [DEBUG] [org.gradle.internal.resources.AbstractTrackedResourceLock] Execution worker: released lock on worker lease
2024-11-23T14:25:04.140-0800 [DEBUG] [org.gradle.internal.resources.AbstractTrackedResourceLock] Execution worker Thread 15: acquired lock on worker lease
2024-11-23T14:25:04.140-0800 [DEBUG] [org.gradle.internal.resources.AbstractTrackedResourceLock] Execution worker Thread 15: released lock on worker lease
2024-11-23T14:25:04.140-0800 [DEBUG] [org.gradle.internal.resources.AbstractTrackedResourceLock] Execution worker Thread 3: acquired lock on worker lease
2024-11-23T14:25:04.140-0800 [DEBUG] [org.gradle.internal.resources.AbstractTrackedResourceLock] Execution worker Thread 3: released lock on worker lease
2024-11-23T14:25:04.140-0800 [DEBUG] [org.gradle.internal.resources.AbstractTrackedResourceLock] Execution worker Thread 4: acquired lock on worker lease
2024-11-23T14:25:04.141-0800 [DEBUG] [org.gradle.internal.resources.AbstractTrackedResourceLock] Execution worker Thread 4: released lock on worker lease
2024-11-23T14:25:04.141-0800 [DEBUG] [org.gradle.internal.resources.AbstractTrackedResourceLock] Execution worker Thread 10: acquired lock on worker lease
2024-11-23T14:25:04.141-0800 [DEBUG] [org.gradle.internal.resources.AbstractTrackedResourceLock] Execution worker Thread 10: released lock on worker lease
2024-11-23T14:25:04.141-0800 [DEBUG] [org.gradle.internal.resources.AbstractTrackedResourceLock] Execution worker Thread 5: acquired lock on worker lease
2024-11-23T14:25:04.141-0800 [DEBUG] [org.gradle.internal.resources.AbstractTrackedResourceLock] Execution worker Thread 5: released lock on worker lease
2024-11-23T14:25:04.141-0800 [DEBUG] [org.gradle.internal.resources.AbstractTrackedResourceLock] Execution worker Thread 8: acquired lock on worker lease
2024-11-23T14:25:04.141-0800 [DEBUG] [org.gradle.internal.resources.AbstractTrackedResourceLock] Execution worker Thread 8: released lock on worker lease
2024-11-23T14:25:04.141-0800 [DEBUG] [org.gradle.internal.resources.AbstractTrackedResourceLock] Execution worker Thread 6: acquired lock on worker lease
2024-11-23T14:25:04.141-0800 [DEBUG] [org.gradle.internal.resources.AbstractTrackedResourceLock] Execution worker Thread 6: released lock on worker lease
2024-11-23T14:25:04.141-0800 [DEBUG] [org.gradle.internal.resources.AbstractTrackedResourceLock] Execution worker Thread 2: acquired lock on worker lease
2024-11-23T14:25:04.141-0800 [DEBUG] [org.gradle.internal.resources.AbstractTrackedResourceLock] Execution worker Thread 2: released lock on worker lease
2024-11-23T14:25:04.141-0800 [DEBUG] [org.gradle.internal.resources.AbstractTrackedResourceLock] Execution worker Thread 7: acquired lock on worker lease
2024-11-23T14:25:04.142-0800 [DEBUG] [org.gradle.internal.resources.AbstractTrackedResourceLock] Execution worker Thread 7: released lock on worker lease
2024-11-23T14:25:04.142-0800 [DEBUG] [org.gradle.internal.resources.AbstractTrackedResourceLock] Execution worker Thread 9: acquired lock on worker lease
2024-11-23T14:25:04.142-0800 [DEBUG] [org.gradle.internal.resources.AbstractTrackedResourceLock] Execution worker Thread 9: released lock on worker lease
2024-11-23T14:25:04.142-0800 [DEBUG] [org.gradle.internal.resources.AbstractTrackedResourceLock] Execution worker Thread 11: acquired lock on worker lease
2024-11-23T14:25:04.142-0800 [DEBUG] [org.gradle.internal.resources.AbstractTrackedResourceLock] Execution worker Thread 11: released lock on worker lease
2024-11-23T14:25:04.142-0800 [DEBUG] [org.gradle.internal.resources.AbstractTrackedResourceLock] Execution worker Thread 12: acquired lock on worker lease
2024-11-23T14:25:04.142-0800 [DEBUG] [org.gradle.internal.resources.AbstractTrackedResourceLock] Execution worker Thread 12: released lock on worker lease
2024-11-23T14:25:04.142-0800 [DEBUG] [org.gradle.internal.resources.AbstractTrackedResourceLock] Execution worker Thread 13: acquired lock on worker lease
2024-11-23T14:25:04.142-0800 [DEBUG] [org.gradle.internal.resources.AbstractTrackedResourceLock] Execution worker Thread 13: released lock on worker lease
2024-11-23T14:25:04.142-0800 [DEBUG] [org.gradle.internal.resources.AbstractTrackedResourceLock] Unconstrained build operations Thread 15: released lock on worker lease
2024-11-23T14:25:04.143-0800 [DEBUG] [org.gradle.internal.resources.AbstractTrackedResourceLock] Execution worker Thread 14: acquired lock on worker lease
2024-11-23T14:25:04.143-0800 [DEBUG] [org.gradle.internal.resources.AbstractTrackedResourceLock] Execution worker Thread 14: released lock on worker lease
2024-11-23T14:25:04.143-0800 [DEBUG] [org.gradle.internal.resources.AbstractTrackedResourceLock] Execution worker Thread 13: acquired lock on worker lease
2024-11-23T14:25:04.143-0800 [DEBUG] [org.gradle.internal.resources.AbstractTrackedResourceLock] Execution worker Thread 13: released lock on worker lease
2024-11-23T14:25:04.143-0800 [DEBUG] [org.gradle.internal.resources.AbstractTrackedResourceLock] Execution worker Thread 12: acquired lock on worker lease
2024-11-23T14:25:04.143-0800 [DEBUG] [org.gradle.internal.resources.AbstractTrackedResourceLock] Execution worker Thread 12: released lock on worker lease
2024-11-23T14:25:04.143-0800 [DEBUG] [org.gradle.internal.operations.DefaultBuildOperationRunner] Completing Build operation 'Resolve files of configuration ':testCompileClasspath''
2024-11-23T14:25:04.143-0800 [DEBUG] [org.gradle.internal.resources.AbstractTrackedResourceLock] Execution worker Thread 11: acquired lock on worker lease
2024-11-23T14:25:04.144-0800 [DEBUG] [org.gradle.internal.resources.AbstractTrackedResourceLock] Execution worker Thread 11: released lock on worker lease
2024-11-23T14:25:04.144-0800 [DEBUG] [org.gradle.internal.resources.AbstractTrackedResourceLock] Execution worker Thread 9: acquired lock on worker lease
2024-11-23T14:25:04.144-0800 [DEBUG] [org.gradle.internal.resources.AbstractTrackedResourceLock] Execution worker Thread 9: released lock on worker lease
2024-11-23T14:25:04.144-0800 [DEBUG] [org.gradle.internal.operations.DefaultBuildOperationRunner] Build operation 'Resolve dependencies of :testAnnotationProcessor' started
2024-11-23T14:25:04.144-0800 [DEBUG] [org.gradle.internal.resources.AbstractTrackedResourceLock] Execution worker Thread 7: acquired lock on worker lease
2024-11-23T14:25:04.144-0800 [DEBUG] [org.gradle.internal.resources.AbstractTrackedResourceLock] Execution worker Thread 7: released lock on worker lease
2024-11-23T14:25:04.144-0800 [DEBUG] [org.gradle.internal.resources.AbstractTrackedResourceLock] Execution worker Thread 2: acquired lock on worker lease
2024-11-23T14:25:04.145-0800 [DEBUG] [org.gradle.internal.resources.AbstractTrackedResourceLock] Execution worker Thread 2: released lock on worker lease
2024-11-23T14:25:04.145-0800 [DEBUG] [org.gradle.internal.resources.AbstractTrackedResourceLock] Execution worker Thread 6: acquired lock on worker lease
2024-11-23T14:25:04.145-0800 [DEBUG] [org.gradle.internal.resources.AbstractTrackedResourceLock] Execution worker Thread 6: released lock on worker lease
2024-11-23T14:25:04.145-0800 [DEBUG] [org.gradle.internal.resources.AbstractTrackedResourceLock] Execution worker Thread 8: acquired lock on worker lease
2024-11-23T14:25:04.145-0800 [DEBUG] [org.gradle.internal.resources.AbstractTrackedResourceLock] Execution worker Thread 8: released lock on worker lease
2024-11-23T14:25:04.145-0800 [DEBUG] [org.gradle.internal.resources.AbstractTrackedResourceLock] Execution worker Thread 5: acquired lock on worker lease
2024-11-23T14:25:04.145-0800 [DEBUG] [org.gradle.internal.resources.AbstractTrackedResourceLock] Execution worker Thread 5: released lock on worker lease
2024-11-23T14:25:04.146-0800 [DEBUG] [org.gradle.internal.resources.AbstractTrackedResourceLock] Execution worker Thread 10: acquired lock on worker lease
2024-11-23T14:25:04.146-0800 [DEBUG] [org.gradle.internal.resources.AbstractTrackedResourceLock] Execution worker Thread 10: released lock on worker lease
2024-11-23T14:25:04.146-0800 [DEBUG] [org.gradle.internal.resources.AbstractTrackedResourceLock] Execution worker Thread 4: acquired lock on worker lease
2024-11-23T14:25:04.146-0800 [DEBUG] [org.gradle.internal.resources.AbstractTrackedResourceLock] Execution worker Thread 4: released lock on worker lease
2024-11-23T14:25:04.146-0800 [DEBUG] [org.gradle.internal.resources.AbstractTrackedResourceLock] Execution worker Thread 3: acquired lock on worker lease
2024-11-23T14:25:04.147-0800 [DEBUG] [org.gradle.internal.resources.AbstractTrackedResourceLock] Execution worker Thread 3: released lock on worker lease
2024-11-23T14:25:04.147-0800 [DEBUG] [org.gradle.internal.resources.AbstractTrackedResourceLock] Execution worker Thread 15: acquired lock on worker lease
2024-11-23T14:25:04.147-0800 [DEBUG] [org.gradle.internal.resources.AbstractTrackedResourceLock] Execution worker Thread 15: released lock on worker lease
2024-11-23T14:25:04.147-0800 [DEBUG] [org.gradle.internal.operations.DefaultBuildOperationRunner] Completing Build operation 'Resolve dependencies of :testAnnotationProcessor'
2024-11-23T14:25:04.147-0800 [DEBUG] [org.gradle.internal.resources.AbstractTrackedResourceLock] Execution worker: acquired lock on worker lease
2024-11-23T14:25:04.148-0800 [DEBUG] [org.gradle.internal.operations.DefaultBuildOperationRunner] Build operation 'Resolve files of configuration ':testAnnotationProcessor'' started
2024-11-23T14:25:04.148-0800 [DEBUG] [org.gradle.internal.resources.AbstractTrackedResourceLock] Execution worker: released lock on worker lease
2024-11-23T14:25:04.148-0800 [DEBUG] [org.gradle.internal.operations.DefaultBuildOperationRunner] Completing Build operation 'Resolve files of configuration ':testAnnotationProcessor''
2024-11-23T14:25:04.148-0800 [DEBUG] [org.gradle.internal.operations.DefaultBuildOperationRunner] Completing Build operation 'Snapshot inputs and outputs before executing task ':compileTestJava''
2024-11-23T14:25:04.149-0800 [DEBUG] [org.gradle.internal.operations.DefaultBuildOperationRunner] Build operation 'Resolve files of configuration ':testCompileClasspath'' started
2024-11-23T14:25:04.150-0800 [DEBUG] [org.gradle.internal.operations.DefaultBuildOperationRunner] Completing Build operation 'Resolve files of configuration ':testCompileClasspath''
2024-11-23T14:25:04.150-0800 [DEBUG] [org.gradle.internal.operations.DefaultBuildOperationRunner] Build operation 'Resolve files of configuration ':testAnnotationProcessor'' started
2024-11-23T14:25:04.150-0800 [DEBUG] [org.gradle.internal.operations.DefaultBuildOperationRunner] Completing Build operation 'Resolve files of configuration ':testAnnotationProcessor''
2024-11-23T14:25:04.152-0800 [DEBUG] [org.gradle.internal.operations.DefaultBuildOperationRunner] Completing Build operation 'Snapshot task inputs for :compileTestJava'
2024-11-23T14:25:04.090-0800 [LIFECYCLE] [class org.gradle.internal.buildevents.TaskExecutionLogger] 
2024-11-23T14:25:04.090-0800 [LIFECYCLE] [class org.gradle.internal.buildevents.TaskExecutionLogger] > Task :compileTestJava UP-TO-DATE
2024-11-23T14:25:04.090-0800 [DEBUG] [org.gradle.api.internal.tasks.execution.ResolveTaskExecutionModeExecuter] Putting task artifact state for task ':compileTestJava' into context took 0.0 secs.
2024-11-23T14:25:04.090-0800 [DEBUG] [org.gradle.internal.operations.DefaultBuildOperationRunner] Build operation 'Identifying work' completed
2024-11-23T14:25:04.092-0800 [DEBUG] [org.gradle.internal.execution.steps.AbstractCaptureStateBeforeExecutionStep] Implementation for task ':compileTestJava': org.gradle.api.tasks.compile.JavaCompile_Decorated@e534f1a0ba3028c73b140f32f8e326db
2024-11-23T14:25:04.092-0800 [DEBUG] [org.gradle.internal.execution.steps.AbstractCaptureStateBeforeExecutionStep] Additional implementations for task ':compileTestJava': [org.gradle.api.tasks.compile.JavaCompile_Decorated@e534f1a0ba3028c73b140f32f8e326db]
2024-11-23T14:25:04.095-0800 [DEBUG] [org.gradle.api.internal.artifacts.ivyservice.modulecache.ResolvedArtifactCaches] Reusing in-memory cache for repo 'flatDir' [293c51f80f60354c6f6e30142b5236fe].
2024-11-23T14:25:04.096-0800 [DEBUG] [org.gradle.api.internal.artifacts.ivyservice.modulecache.ResolvedArtifactCaches] Reusing in-memory cache for repo 'MavenRepo' [26c913274550a0b2221f47a0fe2d2358].
2024-11-23T14:25:04.096-0800 [DEBUG] [org.gradle.api.internal.artifacts.ivyservice.modulecache.ResolvedArtifactCaches] Reusing in-memory cache for repo 'GitHubPackages' [a471df98be70e5e83f5aa7faf15e1b33].
2024-11-23T14:25:04.096-0800 [DEBUG] [org.gradle.api.internal.artifacts.ivyservice.resolveengine.graph.builder.DependencyGraphBuilder] Visiting configuration :missionmodel:unspecified(testCompileClasspath).
2024-11-23T14:25:04.096-0800 [DEBUG] [org.gradle.api.internal.artifacts.ivyservice.ivyresolve.DynamicVersionResolver] Attempting to resolve version for com.google.code.gson:gson:+ using repositories [flatDir, MavenRepo, GitHubPackages]
2024-11-23T14:25:04.097-0800 [DEBUG] [org.gradle.api.internal.artifacts.ivyservice.ivyresolve.CachingModuleComponentRepository] Using cached module metadata for module 'com.google.code.gson:gson:2.11.0' in 'MavenRepo'
2024-11-23T14:25:04.097-0800 [DEBUG] [org.gradle.api.internal.artifacts.ivyservice.ivyresolve.DynamicVersionResolver] Using com.google.code.gson:gson:2.11.0 from Maven repository 'MavenRepo'
2024-11-23T14:25:04.097-0800 [DEBUG] [org.gradle.api.internal.artifacts.ivyservice.ivyresolve.DynamicVersionResolver] Attempting to resolve version for org.junit.jupiter:junit-jupiter:+ using repositories [flatDir, MavenRepo, GitHubPackages]
2024-11-23T14:25:04.098-0800 [DEBUG] [org.gradle.api.internal.artifacts.repositories.resolver.ResourceVersionLister] Listing all in file:/Users/bclement/git/aerie-multimission-models-bb/third-party/junit-jupiter-%5Brevision%5D.jar
2024-11-23T14:25:04.098-0800 [DEBUG] [org.gradle.api.internal.artifacts.repositories.resolver.ResourceVersionLister] using org.gradle.internal.resource.local.FileResourceConnector@51c0114c to list all in /Users/bclement/git/aerie-multimission-models-bb/third-party/ 
2024-11-23T14:25:04.098-0800 [DEBUG] [org.gradle.api.internal.artifacts.repositories.resolver.ResourceVersionLister] found 1 urls
2024-11-23T14:25:04.098-0800 [DEBUG] [org.gradle.api.internal.artifacts.repositories.resolver.ResourceVersionLister] 0 matched /Users/bclement/git/aerie-multimission-models-bb/third-party/junit-jupiter-[revision].jar
2024-11-23T14:25:04.098-0800 [DEBUG] [org.gradle.api.internal.artifacts.repositories.resolver.ResourceVersionLister] Listing all in file:/Users/bclement/git/aerie-multimission-models-bb/third-party/junit-jupiter.jar
2024-11-23T14:25:04.098-0800 [DEBUG] [org.gradle.api.internal.artifacts.repositories.resolver.ResourceVersionLister] revision token not defined in pattern /Users/bclement/git/aerie-multimission-models-bb/third-party/junit-jupiter.jar.
2024-11-23T14:25:04.098-0800 [DEBUG] [org.gradle.api.internal.artifacts.ivyservice.modulecache.dynamicversions.DefaultModuleVersionsCache] Caching version list in module versions cache: Using '[]' for 'org.junit.jupiter:junit-jupiter'
2024-11-23T14:25:04.100-0800 [DEBUG] [org.gradle.api.internal.artifacts.ivyservice.ivyresolve.CachingModuleComponentRepository] Using cached module metadata for module 'org.junit.jupiter:junit-jupiter:5.11.3' in 'MavenRepo'
2024-11-23T14:25:04.100-0800 [DEBUG] [org.gradle.api.internal.artifacts.ivyservice.ivyresolve.DynamicVersionResolver] Using org.junit.jupiter:junit-jupiter:5.11.3 from Maven repository 'MavenRepo'
2024-11-23T14:25:04.101-0800 [DEBUG] [org.gradle.api.internal.artifacts.ivyservice.ivyresolve.RepositoryChainComponentMetaDataResolver] Attempting to resolve component for gov.nasa.jpl.aerie:contrib:2.16.0 using repositories [flatDir, MavenRepo, GitHubPackages]
2024-11-23T14:25:04.101-0800 [DEBUG] [org.gradle.api.internal.artifacts.ivyservice.ivyresolve.CachingModuleComponentRepository] Detected non-existence of module 'gov.nasa.jpl.aerie:contrib:2.16.0' in resolver cache 'flatDir'
2024-11-23T14:25:04.101-0800 [DEBUG] [org.gradle.api.internal.artifacts.ivyservice.ivyresolve.CachingModuleComponentRepository] Detected non-existence of module 'gov.nasa.jpl.aerie:contrib:2.16.0' in resolver cache 'MavenRepo'
2024-11-23T14:25:04.101-0800 [DEBUG] [org.gradle.api.internal.artifacts.ivyservice.ivyresolve.CachingModuleComponentRepository] Using cached module metadata for module 'gov.nasa.jpl.aerie:contrib:2.16.0' in 'GitHubPackages'
2024-11-23T14:25:04.101-0800 [DEBUG] [org.gradle.api.internal.artifacts.ivyservice.ivyresolve.RepositoryChainComponentMetaDataResolver] Using gov.nasa.jpl.aerie:contrib:2.16.0 from Maven repository 'GitHubPackages'
2024-11-23T14:25:04.102-0800 [DEBUG] [org.gradle.api.internal.artifacts.ivyservice.ivyresolve.RepositoryChainComponentMetaDataResolver] Attempting to resolve component for gov.nasa.jpl.aerie:merlin-framework:2.16.0 using repositories [flatDir, MavenRepo, GitHubPackages]
2024-11-23T14:25:04.102-0800 [DEBUG] [org.gradle.api.internal.artifacts.ivyservice.ivyresolve.CachingModuleComponentRepository] Detected non-existence of module 'gov.nasa.jpl.aerie:merlin-framework:2.16.0' in resolver cache 'flatDir'
2024-11-23T14:25:04.102-0800 [DEBUG] [org.gradle.api.internal.artifacts.ivyservice.ivyresolve.CachingModuleComponentRepository] Detected non-existence of module 'gov.nasa.jpl.aerie:merlin-framework:2.16.0' in resolver cache 'MavenRepo'
2024-11-23T14:25:04.102-0800 [DEBUG] [org.gradle.api.internal.artifacts.ivyservice.ivyresolve.CachingModuleComponentRepository] Using cached module metadata for module 'gov.nasa.jpl.aerie:merlin-framework:2.16.0' in 'GitHubPackages'
2024-11-23T14:25:04.102-0800 [DEBUG] [org.gradle.api.internal.artifacts.ivyservice.ivyresolve.RepositoryChainComponentMetaDataResolver] Using gov.nasa.jpl.aerie:merlin-framework:2.16.0 from Maven repository 'GitHubPackages'
2024-11-23T14:25:04.102-0800 [DEBUG] [org.gradle.api.internal.artifacts.ivyservice.ivyresolve.RepositoryChainComponentMetaDataResolver] Attempting to resolve component for gov.nasa.jpl.aerie:merlin-sdk:2.16.0 using repositories [flatDir, MavenRepo, GitHubPackages]
2024-11-23T14:25:04.102-0800 [DEBUG] [org.gradle.api.internal.artifacts.ivyservice.ivyresolve.CachingModuleComponentRepository] Detected non-existence of module 'gov.nasa.jpl.aerie:merlin-sdk:2.16.0' in resolver cache 'flatDir'
2024-11-23T14:25:04.102-0800 [DEBUG] [org.gradle.api.internal.artifacts.ivyservice.ivyresolve.CachingModuleComponentRepository] Detected non-existence of module 'gov.nasa.jpl.aerie:merlin-sdk:2.16.0' in resolver cache 'MavenRepo'
2024-11-23T14:25:04.102-0800 [DEBUG] [org.gradle.api.internal.artifacts.ivyservice.ivyresolve.CachingModuleComponentRepository] Using cached module metadata for module 'gov.nasa.jpl.aerie:merlin-sdk:2.16.0' in 'GitHubPackages'
2024-11-23T14:25:04.102-0800 [DEBUG] [org.gradle.api.internal.artifacts.ivyservice.ivyresolve.RepositoryChainComponentMetaDataResolver] Using gov.nasa.jpl.aerie:merlin-sdk:2.16.0 from Maven repository 'GitHubPackages'
2024-11-23T14:25:04.103-0800 [DEBUG] [org.gradle.api.internal.artifacts.ivyservice.ivyresolve.RepositoryChainComponentMetaDataResolver] Attempting to resolve component for gov.nasa.jpl.aerie:merlin-driver:2.16.0 using repositories [flatDir, MavenRepo, GitHubPackages]
2024-11-23T14:25:04.103-0800 [DEBUG] [org.gradle.api.internal.artifacts.ivyservice.ivyresolve.CachingModuleComponentRepository] Detected non-existence of module 'gov.nasa.jpl.aerie:merlin-driver:2.16.0' in resolver cache 'flatDir'
2024-11-23T14:25:04.103-0800 [DEBUG] [org.gradle.api.internal.artifacts.ivyservice.ivyresolve.CachingModuleComponentRepository] Detected non-existence of module 'gov.nasa.jpl.aerie:merlin-driver:2.16.0' in resolver cache 'MavenRepo'
2024-11-23T14:25:04.103-0800 [DEBUG] [org.gradle.api.internal.artifacts.ivyservice.ivyresolve.CachingModuleComponentRepository] Using cached module metadata for module 'gov.nasa.jpl.aerie:merlin-driver:2.16.0' in 'GitHubPackages'
2024-11-23T14:25:04.103-0800 [DEBUG] [org.gradle.api.internal.artifacts.ivyservice.ivyresolve.RepositoryChainComponentMetaDataResolver] Using gov.nasa.jpl.aerie:merlin-driver:2.16.0 from Maven repository 'GitHubPackages'
2024-11-23T14:25:04.103-0800 [DEBUG] [org.gradle.api.internal.artifacts.ivyservice.ivyresolve.RepositoryChainComponentMetaDataResolver] Attempting to resolve component for gov.nasa.jpl.aerie:parsing-utilities:2.16.0 using repositories [flatDir, MavenRepo, GitHubPackages]
2024-11-23T14:25:04.103-0800 [DEBUG] [org.gradle.api.internal.artifacts.ivyservice.ivyresolve.CachingModuleComponentRepository] Detected non-existence of module 'gov.nasa.jpl.aerie:parsing-utilities:2.16.0' in resolver cache 'flatDir'
2024-11-23T14:25:04.103-0800 [DEBUG] [org.gradle.api.internal.artifacts.ivyservice.ivyresolve.CachingModuleComponentRepository] Detected non-existence of module 'gov.nasa.jpl.aerie:parsing-utilities:2.16.0' in resolver cache 'MavenRepo'
2024-11-23T14:25:04.103-0800 [DEBUG] [org.gradle.api.internal.artifacts.ivyservice.ivyresolve.CachingModuleComponentRepository] Using cached module metadata for module 'gov.nasa.jpl.aerie:parsing-utilities:2.16.0' in 'GitHubPackages'
2024-11-23T14:25:04.103-0800 [DEBUG] [org.gradle.api.internal.artifacts.ivyservice.ivyresolve.RepositoryChainComponentMetaDataResolver] Using gov.nasa.jpl.aerie:parsing-utilities:2.16.0 from Maven repository 'GitHubPackages'
2024-11-23T14:25:04.103-0800 [DEBUG] [org.gradle.api.internal.artifacts.ivyservice.ivyresolve.RepositoryChainComponentMetaDataResolver] Attempting to resolve component for gov.nasa.jpl.aerie:merlin-framework-junit:2.16.0 using repositories [flatDir, MavenRepo, GitHubPackages]
2024-11-23T14:25:04.104-0800 [DEBUG] [org.gradle.api.internal.artifacts.repositories.resolver.DefaultExternalResourceArtifactResolver] Loading file:/Users/bclement/git/aerie-multimission-models-bb/third-party/merlin-framework-junit-2.16.0.jar
2024-11-23T14:25:04.104-0800 [DEBUG] [org.gradle.api.internal.artifacts.repositories.resolver.DefaultExternalResourceArtifactResolver] Loading file:/Users/bclement/git/aerie-multimission-models-bb/third-party/merlin-framework-junit.jar
2024-11-23T14:25:04.104-0800 [DEBUG] [org.gradle.api.internal.artifacts.repositories.resolver.ExternalResourceResolver] No meta-data file or artifact found for module 'gov.nasa.jpl.aerie:merlin-framework-junit:2.16.0' in repository 'flatDir'.
2024-11-23T14:25:04.104-0800 [DEBUG] [org.gradle.api.internal.artifacts.ivyservice.modulecache.PersistentModuleMetadataCache] Recording absence of module descriptor in cache: gov.nasa.jpl.aerie:merlin-framework-junit:2.16.0 [changing = false]
2024-11-23T14:25:04.104-0800 [DEBUG] [org.gradle.api.internal.artifacts.ivyservice.ivyresolve.CachingModuleComponentRepository] Detected non-existence of module 'gov.nasa.jpl.aerie:merlin-framework-junit:2.16.0' in resolver cache 'MavenRepo'
2024-11-23T14:25:04.104-0800 [DEBUG] [org.gradle.api.internal.artifacts.ivyservice.ivyresolve.CachingModuleComponentRepository] Using cached module metadata for module 'gov.nasa.jpl.aerie:merlin-framework-junit:2.16.0' in 'GitHubPackages'
2024-11-23T14:25:04.104-0800 [DEBUG] [org.gradle.api.internal.artifacts.ivyservice.ivyresolve.RepositoryChainComponentMetaDataResolver] Using gov.nasa.jpl.aerie:merlin-framework-junit:2.16.0 from Maven repository 'GitHubPackages'
2024-11-23T14:25:04.104-0800 [DEBUG] [org.gradle.internal.component.model.LoggingAttributeMatchingExplanationBuilder] Candidate org.gradle.internal.component.model.DefaultComponentGraphResolveState$DefaultConfigurationGraphResolveState@16c4054f doesn't have attribute org.gradle.jvm.environment
2024-11-23T14:25:04.105-0800 [DEBUG] [org.gradle.internal.component.model.LoggingAttributeMatchingExplanationBuilder] Candidate org.gradle.internal.component.model.DefaultComponentGraphResolveState$DefaultConfigurationGraphResolveState@5abdfb7 doesn't have attribute org.gradle.jvm.environment
2024-11-23T14:25:04.105-0800 [DEBUG] [org.gradle.internal.component.model.LoggingAttributeMatchingExplanationBuilder] Candidate org.gradle.internal.component.model.DefaultComponentGraphResolveState$DefaultConfigurationGraphResolveState@5ffec77b attribute org.gradle.category value {org.gradle.category=documentation} doesn't requested value library
2024-11-23T14:25:04.105-0800 [DEBUG] [org.gradle.internal.component.model.LoggingAttributeMatchingExplanationBuilder] Candidate org.gradle.internal.component.model.DefaultComponentGraphResolveState$DefaultConfigurationGraphResolveState@77e376f attribute org.gradle.category value {org.gradle.category=documentation} doesn't requested value library
2024-11-23T14:25:04.105-0800 [DEBUG] [org.gradle.internal.component.model.DefaultAttributeMatcher] Selected matches [0] from candidates [org.gradle.internal.component.model.DefaultComponentGraphResolveState$DefaultConfigurationGraphResolveState@16c4054f, org.gradle.internal.component.model.DefaultComponentGraphResolveState$DefaultConfigurationGraphResolveState@5abdfb7, org.gradle.internal.component.model.DefaultComponentGraphResolveState$DefaultConfigurationGraphResolveState@5ffec77b, org.gradle.internal.component.model.DefaultComponentGraphResolveState$DefaultConfigurationGraphResolveState@77e376f] for {org.gradle.category=library, org.gradle.dependency.bundling=external, org.gradle.jvm.environment=standard-jvm, org.gradle.jvm.version=21, org.gradle.libraryelements=classes, org.gradle.usage=java-api}
2024-11-23T14:25:04.105-0800 [DEBUG] [org.gradle.api.internal.artifacts.ivyservice.resolveengine.graph.builder.DependencyGraphBuilder] Visiting configuration gov.nasa.jpl.aerie:contrib:2.16.0(apiElements).
2024-11-23T14:25:04.105-0800 [DEBUG] [org.gradle.api.internal.artifacts.ivyservice.ivyresolve.RepositoryChainComponentMetaDataResolver] Attempting to resolve component for JNISpice:JNISpice:N0067 using repositories [flatDir, MavenRepo, GitHubPackages]
2024-11-23T14:25:04.106-0800 [DEBUG] [org.gradle.api.internal.artifacts.ivyservice.ivyresolve.CachingModuleComponentRepository] Using cached module metadata for module 'JNISpice:JNISpice:N0067' in 'flatDir'
2024-11-23T14:25:04.106-0800 [DEBUG] [org.gradle.api.internal.artifacts.ivyservice.ivyresolve.CachingModuleComponentRepository] Detected non-existence of module 'JNISpice:JNISpice:N0067' in resolver cache 'MavenRepo'
2024-11-23T14:25:04.106-0800 [DEBUG] [org.gradle.api.internal.artifacts.ivyservice.ivyresolve.CachingModuleComponentRepository] Detected non-existence of module 'JNISpice:JNISpice:N0067' in resolver cache 'GitHubPackages'
2024-11-23T14:25:04.106-0800 [DEBUG] [org.gradle.api.internal.artifacts.ivyservice.ivyresolve.RepositoryChainComponentMetaDataResolver] Using JNISpice:JNISpice:N0067 from Ivy repository 'flatDir'
2024-11-23T14:25:04.106-0800 [DEBUG] [org.gradle.api.internal.artifacts.ivyservice.ivyresolve.RepositoryChainComponentMetaDataResolver] Attempting to resolve component for org.apache.commons:commons-math3:3.6.1 using repositories [flatDir, MavenRepo, GitHubPackages]
2024-11-23T14:25:04.106-0800 [DEBUG] [org.gradle.api.internal.artifacts.ivyservice.ivyresolve.CachingModuleComponentRepository] Detected non-existence of module 'org.apache.commons:commons-math3:3.6.1' in resolver cache 'flatDir'
2024-11-23T14:25:04.106-0800 [DEBUG] [org.gradle.api.internal.artifacts.ivyservice.ivyresolve.CachingModuleComponentRepository] Using cached module metadata for module 'org.apache.commons:commons-math3:3.6.1' in 'MavenRepo'
2024-11-23T14:25:04.106-0800 [DEBUG] [org.gradle.api.internal.artifacts.ivyservice.ivyresolve.RepositoryChainComponentMetaDataResolver] Using org.apache.commons:commons-math3:3.6.1 from Maven repository 'MavenRepo'
2024-11-23T14:25:04.106-0800 [DEBUG] [org.gradle.api.internal.artifacts.ivyservice.ivyresolve.RepositoryChainComponentMetaDataResolver] Attempting to resolve component for org.apache.commons:commons-lang3:3.13.0 using repositories [flatDir, MavenRepo, GitHubPackages]
2024-11-23T14:25:04.106-0800 [DEBUG] [org.gradle.api.internal.artifacts.ivyservice.ivyresolve.CachingModuleComponentRepository] Detected non-existence of module 'org.apache.commons:commons-lang3:3.13.0' in resolver cache 'flatDir'
2024-11-23T14:25:04.106-0800 [DEBUG] [org.gradle.api.internal.artifacts.ivyservice.ivyresolve.CachingModuleComponentRepository] Using cached module metadata for module 'org.apache.commons:commons-lang3:3.13.0' in 'MavenRepo'
2024-11-23T14:25:04.106-0800 [DEBUG] [org.gradle.api.internal.artifacts.ivyservice.ivyresolve.RepositoryChainComponentMetaDataResolver] Using org.apache.commons:commons-lang3:3.13.0 from Maven repository 'MavenRepo'
2024-11-23T14:25:04.107-0800 [DEBUG] [org.gradle.api.internal.artifacts.ivyservice.resolveengine.graph.builder.DependencyGraphBuilder] Visiting configuration gov.nasa.jpl.aerie:merlin-framework:2.16.0(apiElements).
2024-11-23T14:25:04.107-0800 [DEBUG] [org.gradle.api.internal.artifacts.ivyservice.resolveengine.graph.builder.DependencyGraphBuilder] Visiting configuration gov.nasa.jpl.aerie:merlin-sdk:2.16.0(apiElements).
2024-11-23T14:25:04.107-0800 [DEBUG] [org.gradle.api.internal.artifacts.ivyservice.resolveengine.graph.builder.DependencyGraphBuilder] Visiting configuration gov.nasa.jpl.aerie:merlin-driver:2.16.0(apiElements).
2024-11-23T14:25:04.107-0800 [DEBUG] [org.gradle.api.internal.artifacts.ivyservice.ivyresolve.RepositoryChainComponentMetaDataResolver] Attempting to resolve component for org.glassfish:javax.json:1.1.4 using repositories [flatDir, MavenRepo, GitHubPackages]
2024-11-23T14:25:04.107-0800 [DEBUG] [org.gradle.api.internal.artifacts.ivyservice.ivyresolve.CachingModuleComponentRepository] Detected non-existence of module 'org.glassfish:javax.json:1.1.4' in resolver cache 'flatDir'
2024-11-23T14:25:04.107-0800 [DEBUG] [org.gradle.api.internal.artifacts.ivyservice.ivyresolve.CachingModuleComponentRepository] Using cached module metadata for module 'org.glassfish:javax.json:1.1.4' in 'MavenRepo'
2024-11-23T14:25:04.107-0800 [DEBUG] [org.gradle.api.internal.artifacts.ivyservice.ivyresolve.RepositoryChainComponentMetaDataResolver] Using org.glassfish:javax.json:1.1.4 from Maven repository 'MavenRepo'
2024-11-23T14:25:04.107-0800 [DEBUG] [org.gradle.api.internal.artifacts.ivyservice.resolveengine.graph.builder.DependencyGraphBuilder] Visiting configuration gov.nasa.jpl.aerie:parsing-utilities:2.16.0(apiElements).
2024-11-23T14:25:04.108-0800 [DEBUG] [org.gradle.api.internal.artifacts.ivyservice.resolveengine.graph.builder.DependencyGraphBuilder] Visiting configuration com.google.code.gson:gson:2.11.0(compile).
2024-11-23T14:25:04.108-0800 [DEBUG] [org.gradle.api.internal.artifacts.ivyservice.ivyresolve.RepositoryChainComponentMetaDataResolver] Attempting to resolve component for com.google.errorprone:error_prone_annotations:2.27.0 using repositories [flatDir, MavenRepo, GitHubPackages]
2024-11-23T14:25:04.108-0800 [DEBUG] [org.gradle.api.internal.artifacts.ivyservice.ivyresolve.CachingModuleComponentRepository] Detected non-existence of module 'com.google.errorprone:error_prone_annotations:2.27.0' in resolver cache 'flatDir'
2024-11-23T14:25:04.108-0800 [DEBUG] [org.gradle.api.internal.artifacts.ivyservice.ivyresolve.CachingModuleComponentRepository] Using cached module metadata for module 'com.google.errorprone:error_prone_annotations:2.27.0' in 'MavenRepo'
2024-11-23T14:25:04.108-0800 [DEBUG] [org.gradle.api.internal.artifacts.ivyservice.ivyresolve.RepositoryChainComponentMetaDataResolver] Using com.google.errorprone:error_prone_annotations:2.27.0 from Maven repository 'MavenRepo'
2024-11-23T14:25:04.108-0800 [DEBUG] [org.gradle.api.internal.artifacts.ivyservice.resolveengine.graph.builder.DependencyGraphBuilder] Visiting configuration gov.nasa.jpl.aerie:merlin-framework-junit:2.16.0(apiElements).
2024-11-23T14:25:04.110-0800 [DEBUG] [org.gradle.api.internal.artifacts.ivyservice.ivyresolve.RepositoryChainComponentMetaDataResolver] Attempting to resolve component for org.junit.jupiter:junit-jupiter-api:5.10.0 using repositories [flatDir, MavenRepo, GitHubPackages]
2024-11-23T14:25:04.110-0800 [DEBUG] [org.gradle.api.internal.artifacts.repositories.resolver.DefaultExternalResourceArtifactResolver] Loading file:/Users/bclement/git/aerie-multimission-models-bb/third-party/junit-jupiter-api-5.10.0.jar
2024-11-23T14:25:04.110-0800 [DEBUG] [org.gradle.api.internal.artifacts.repositories.resolver.DefaultExternalResourceArtifactResolver] Loading file:/Users/bclement/git/aerie-multimission-models-bb/third-party/junit-jupiter-api.jar
2024-11-23T14:25:04.110-0800 [DEBUG] [org.gradle.api.internal.artifacts.repositories.resolver.ExternalResourceResolver] No meta-data file or artifact found for module 'org.junit.jupiter:junit-jupiter-api:5.10.0' in repository 'flatDir'.
2024-11-23T14:25:04.110-0800 [DEBUG] [org.gradle.api.internal.artifacts.ivyservice.modulecache.PersistentModuleMetadataCache] Recording absence of module descriptor in cache: org.junit.jupiter:junit-jupiter-api:5.10.0 [changing = false]
2024-11-23T14:25:04.110-0800 [DEBUG] [org.gradle.api.internal.artifacts.ivyservice.ivyresolve.CachingModuleComponentRepository] Using cached module metadata for module 'org.junit.jupiter:junit-jupiter-api:5.10.0' in 'MavenRepo'
2024-11-23T14:25:04.110-0800 [DEBUG] [org.gradle.api.internal.artifacts.ivyservice.ivyresolve.RepositoryChainComponentMetaDataResolver] Using org.junit.jupiter:junit-jupiter-api:5.10.0 from Maven repository 'MavenRepo'
2024-11-23T14:25:04.111-0800 [DEBUG] [org.gradle.internal.component.model.LoggingAttributeMatchingExplanationBuilder] Candidate org.gradle.internal.component.model.DefaultComponentGraphResolveState$DefaultConfigurationGraphResolveState@69fa8cd8 attribute org.gradle.category value {org.gradle.category=documentation} doesn't requested value library
2024-11-23T14:25:04.111-0800 [DEBUG] [org.gradle.internal.component.model.LoggingAttributeMatchingExplanationBuilder] Candidate org.gradle.internal.component.model.DefaultComponentGraphResolveState$DefaultConfigurationGraphResolveState@2ef3fe80 attribute org.gradle.category value {org.gradle.category=documentation} doesn't requested value library
2024-11-23T14:25:04.111-0800 [DEBUG] [org.gradle.internal.component.model.DefaultAttributeMatcher] Selected matches [0] from candidates [org.gradle.internal.component.model.DefaultComponentGraphResolveState$DefaultConfigurationGraphResolveState@1378e889, org.gradle.internal.component.model.DefaultComponentGraphResolveState$DefaultConfigurationGraphResolveState@2312e5eb, org.gradle.internal.component.model.DefaultComponentGraphResolveState$DefaultConfigurationGraphResolveState@69fa8cd8, org.gradle.internal.component.model.DefaultComponentGraphResolveState$DefaultConfigurationGraphResolveState@2ef3fe80] for {org.gradle.category=library, org.gradle.dependency.bundling=external, org.gradle.jvm.environment=standard-jvm, org.gradle.jvm.version=21, org.gradle.libraryelements=classes, org.gradle.usage=java-api}
2024-11-23T14:25:04.111-0800 [DEBUG] [org.gradle.api.internal.artifacts.ivyservice.resolveengine.graph.builder.DependencyGraphBuilder] Visiting configuration org.junit.jupiter:junit-jupiter:5.11.3(apiElements).
2024-11-23T14:25:04.112-0800 [DEBUG] [org.gradle.api.internal.artifacts.ivyservice.ivyresolve.RepositoryChainComponentMetaDataResolver] Attempting to resolve component for org.junit:junit-bom:5.11.3 using repositories [flatDir, MavenRepo, GitHubPackages]
2024-11-23T14:25:04.112-0800 [DEBUG] [org.gradle.api.internal.artifacts.repositories.resolver.DefaultExternalResourceArtifactResolver] Loading file:/Users/bclement/git/aerie-multimission-models-bb/third-party/junit-bom-5.11.3.jar
2024-11-23T14:25:04.113-0800 [DEBUG] [org.gradle.api.internal.artifacts.repositories.resolver.DefaultExternalResourceArtifactResolver] Loading file:/Users/bclement/git/aerie-multimission-models-bb/third-party/junit-bom.jar
2024-11-23T14:25:04.113-0800 [DEBUG] [org.gradle.api.internal.artifacts.repositories.resolver.ExternalResourceResolver] No meta-data file or artifact found for module 'org.junit:junit-bom:5.11.3' in repository 'flatDir'.
2024-11-23T14:25:04.113-0800 [DEBUG] [org.gradle.api.internal.artifacts.ivyservice.modulecache.PersistentModuleMetadataCache] Recording absence of module descriptor in cache: org.junit:junit-bom:5.11.3 [changing = false]
2024-11-23T14:25:04.113-0800 [DEBUG] [org.gradle.api.internal.artifacts.ivyservice.ivyresolve.CachingModuleComponentRepository] Using cached module metadata for module 'org.junit:junit-bom:5.11.3' in 'MavenRepo'
2024-11-23T14:25:04.113-0800 [DEBUG] [org.gradle.api.internal.artifacts.ivyservice.ivyresolve.RepositoryChainComponentMetaDataResolver] Using org.junit:junit-bom:5.11.3 from Maven repository 'MavenRepo'
2024-11-23T14:25:04.113-0800 [DEBUG] [org.gradle.internal.component.model.LoggingAttributeMatchingExplanationBuilder] Candidate org.gradle.internal.component.model.DefaultComponentGraphResolveState$DefaultConfigurationGraphResolveState@432ed171 doesn't have attribute org.gradle.dependency.bundling
2024-11-23T14:25:04.113-0800 [DEBUG] [org.gradle.internal.component.model.LoggingAttributeMatchingExplanationBuilder] Candidate org.gradle.internal.component.model.DefaultComponentGraphResolveState$DefaultConfigurationGraphResolveState@432ed171 doesn't have attribute org.gradle.jvm.environment
2024-11-23T14:25:04.113-0800 [DEBUG] [org.gradle.internal.component.model.LoggingAttributeMatchingExplanationBuilder] Candidate org.gradle.internal.component.model.DefaultComponentGraphResolveState$DefaultConfigurationGraphResolveState@432ed171 doesn't have attribute org.gradle.libraryelements
2024-11-23T14:25:04.113-0800 [DEBUG] [org.gradle.internal.component.model.LoggingAttributeMatchingExplanationBuilder] Candidate org.gradle.internal.component.model.DefaultComponentGraphResolveState$DefaultConfigurationGraphResolveState@432ed171 doesn't have attribute org.gradle.jvm.version
2024-11-23T14:25:04.113-0800 [DEBUG] [org.gradle.internal.component.model.LoggingAttributeMatchingExplanationBuilder] Candidate org.gradle.internal.component.model.DefaultComponentGraphResolveState$DefaultConfigurationGraphResolveState@13e20e5b doesn't have attribute org.gradle.dependency.bundling
2024-11-23T14:25:04.113-0800 [DEBUG] [org.gradle.internal.component.model.LoggingAttributeMatchingExplanationBuilder] Candidate org.gradle.internal.component.model.DefaultComponentGraphResolveState$DefaultConfigurationGraphResolveState@13e20e5b doesn't have attribute org.gradle.jvm.environment
2024-11-23T14:25:04.113-0800 [DEBUG] [org.gradle.internal.component.model.LoggingAttributeMatchingExplanationBuilder] Candidate org.gradle.internal.component.model.DefaultComponentGraphResolveState$DefaultConfigurationGraphResolveState@13e20e5b doesn't have attribute org.gradle.libraryelements
2024-11-23T14:25:04.114-0800 [DEBUG] [org.gradle.internal.component.model.LoggingAttributeMatchingExplanationBuilder] Candidate org.gradle.internal.component.model.DefaultComponentGraphResolveState$DefaultConfigurationGraphResolveState@13e20e5b doesn't have attribute org.gradle.jvm.version
2024-11-23T14:25:04.114-0800 [DEBUG] [org.gradle.internal.component.model.LoggingAttributeMatchingExplanationBuilder] Candidate org.gradle.internal.component.model.DefaultComponentGraphResolveState$DefaultConfigurationGraphResolveState@6e503dff attribute org.gradle.category value {org.gradle.category=enforced-platform} doesn't requested value platform
2024-11-23T14:25:04.114-0800 [DEBUG] [org.gradle.internal.component.model.LoggingAttributeMatchingExplanationBuilder] Candidate org.gradle.internal.component.model.DefaultComponentGraphResolveState$DefaultConfigurationGraphResolveState@34613660 attribute org.gradle.category value {org.gradle.category=enforced-platform} doesn't requested value platform
2024-11-23T14:25:04.114-0800 [DEBUG] [org.gradle.internal.component.model.DefaultAttributeMatcher] Selected matches [0] from candidates [org.gradle.internal.component.model.DefaultComponentGraphResolveState$DefaultConfigurationGraphResolveState@432ed171, org.gradle.internal.component.model.DefaultComponentGraphResolveState$DefaultConfigurationGraphResolveState@13e20e5b, org.gradle.internal.component.model.DefaultComponentGraphResolveState$DefaultConfigurationGraphResolveState@6e503dff, org.gradle.internal.component.model.DefaultComponentGraphResolveState$DefaultConfigurationGraphResolveState@34613660] for {org.gradle.category=platform, org.gradle.dependency.bundling=external, org.gradle.jvm.environment=standard-jvm, org.gradle.jvm.version=21, org.gradle.libraryelements=classes, org.gradle.usage=java-api}
2024-11-23T14:25:04.114-0800 [DEBUG] [org.gradle.api.internal.artifacts.ivyservice.ivyresolve.RepositoryChainComponentMetaDataResolver] Attempting to resolve component for org.junit.jupiter:junit-jupiter-api:5.11.3 using repositories [flatDir, MavenRepo, GitHubPackages]
2024-11-23T14:25:04.114-0800 [DEBUG] [org.gradle.api.internal.artifacts.repositories.resolver.DefaultExternalResourceArtifactResolver] Loading file:/Users/bclement/git/aerie-multimission-models-bb/third-party/junit-jupiter-api-5.11.3.jar
2024-11-23T14:25:04.114-0800 [DEBUG] [org.gradle.api.internal.artifacts.repositories.resolver.DefaultExternalResourceArtifactResolver] Loading file:/Users/bclement/git/aerie-multimission-models-bb/third-party/junit-jupiter-api.jar
2024-11-23T14:25:04.114-0800 [DEBUG] [org.gradle.api.internal.artifacts.repositories.resolver.ExternalResourceResolver] No meta-data file or artifact found for module 'org.junit.jupiter:junit-jupiter-api:5.11.3' in repository 'flatDir'.
2024-11-23T14:25:04.114-0800 [DEBUG] [org.gradle.api.internal.artifacts.ivyservice.modulecache.PersistentModuleMetadataCache] Recording absence of module descriptor in cache: org.junit.jupiter:junit-jupiter-api:5.11.3 [changing = false]
2024-11-23T14:25:04.115-0800 [DEBUG] [org.gradle.api.internal.artifacts.ivyservice.ivyresolve.CachingModuleComponentRepository] Using cached module metadata for module 'org.junit.jupiter:junit-jupiter-api:5.11.3' in 'MavenRepo'
2024-11-23T14:25:04.116-0800 [DEBUG] [org.gradle.api.internal.artifacts.ivyservice.ivyresolve.RepositoryChainComponentMetaDataResolver] Using org.junit.jupiter:junit-jupiter-api:5.11.3 from Maven repository 'MavenRepo'
2024-11-23T14:25:04.117-0800 [DEBUG] [org.gradle.api.internal.artifacts.ivyservice.ivyresolve.RepositoryChainComponentMetaDataResolver] Attempting to resolve component for org.junit.jupiter:junit-jupiter-params:5.11.3 using repositories [flatDir, MavenRepo, GitHubPackages]
2024-11-23T14:25:04.117-0800 [DEBUG] [org.gradle.api.internal.artifacts.repositories.resolver.DefaultExternalResourceArtifactResolver] Loading file:/Users/bclement/git/aerie-multimission-models-bb/third-party/junit-jupiter-params-5.11.3.jar
2024-11-23T14:25:04.117-0800 [DEBUG] [org.gradle.api.internal.artifacts.repositories.resolver.DefaultExternalResourceArtifactResolver] Loading file:/Users/bclement/git/aerie-multimission-models-bb/third-party/junit-jupiter-params.jar
2024-11-23T14:25:04.117-0800 [DEBUG] [org.gradle.api.internal.artifacts.repositories.resolver.ExternalResourceResolver] No meta-data file or artifact found for module 'org.junit.jupiter:junit-jupiter-params:5.11.3' in repository 'flatDir'.
2024-11-23T14:25:04.117-0800 [DEBUG] [org.gradle.api.internal.artifacts.ivyservice.modulecache.PersistentModuleMetadataCache] Recording absence of module descriptor in cache: org.junit.jupiter:junit-jupiter-params:5.11.3 [changing = false]
2024-11-23T14:25:04.117-0800 [DEBUG] [org.gradle.api.internal.artifacts.ivyservice.ivyresolve.CachingModuleComponentRepository] Using cached module metadata for module 'org.junit.jupiter:junit-jupiter-params:5.11.3' in 'MavenRepo'
2024-11-23T14:25:04.117-0800 [DEBUG] [org.gradle.api.internal.artifacts.ivyservice.ivyresolve.RepositoryChainComponentMetaDataResolver] Using org.junit.jupiter:junit-jupiter-params:5.11.3 from Maven repository 'MavenRepo'
2024-11-23T14:25:04.117-0800 [DEBUG] [org.gradle.internal.component.model.LoggingAttributeMatchingExplanationBuilder] Candidate org.gradle.internal.component.model.DefaultComponentGraphResolveState$DefaultConfigurationGraphResolveState@44c95a00 attribute org.gradle.category value {org.gradle.category=documentation} doesn't requested value library
2024-11-23T14:25:04.118-0800 [DEBUG] [org.gradle.internal.component.model.LoggingAttributeMatchingExplanationBuilder] Candidate org.gradle.internal.component.model.DefaultComponentGraphResolveState$DefaultConfigurationGraphResolveState@197ed1fe attribute org.gradle.category value {org.gradle.category=documentation} doesn't requested value library
2024-11-23T14:25:04.118-0800 [DEBUG] [org.gradle.internal.component.model.LoggingAttributeMatchingExplanationBuilder] Candidate org.gradle.internal.component.model.DefaultComponentGraphResolveState$DefaultConfigurationGraphResolveState@2a1bacc2 doesn't have attribute org.gradle.jvm.environment
2024-11-23T14:25:04.118-0800 [DEBUG] [org.gradle.internal.component.model.LoggingAttributeMatchingExplanationBuilder] Candidate org.gradle.internal.component.model.DefaultComponentGraphResolveState$DefaultConfigurationGraphResolveState@2a1bacc2 doesn't have attribute org.gradle.jvm.version
2024-11-23T14:25:04.118-0800 [DEBUG] [org.gradle.internal.component.model.DefaultAttributeMatcher] Selected matches [0] from candidates [org.gradle.internal.component.model.DefaultComponentGraphResolveState$DefaultConfigurationGraphResolveState@27ba9d0e, org.gradle.internal.component.model.DefaultComponentGraphResolveState$DefaultConfigurationGraphResolveState@292dcaa3, org.gradle.internal.component.model.DefaultComponentGraphResolveState$DefaultConfigurationGraphResolveState@44c95a00, org.gradle.internal.component.model.DefaultComponentGraphResolveState$DefaultConfigurationGraphResolveState@197ed1fe, org.gradle.internal.component.model.DefaultComponentGraphResolveState$DefaultConfigurationGraphResolveState@2a1bacc2] for {org.gradle.category=library, org.gradle.dependency.bundling=external, org.gradle.jvm.environment=standard-jvm, org.gradle.jvm.version=21, org.gradle.libraryelements=classes, org.gradle.usage=java-api}
2024-11-23T14:25:04.118-0800 [DEBUG] [org.gradle.api.internal.artifacts.ivyservice.resolveengine.graph.builder.DependencyGraphBuilder] Visiting configuration JNISpice:JNISpice:N0067(default).
2024-11-23T14:25:04.118-0800 [DEBUG] [org.gradle.api.internal.artifacts.ivyservice.resolveengine.graph.builder.DependencyGraphBuilder] Visiting configuration org.apache.commons:commons-math3:3.6.1(compile).
2024-11-23T14:25:04.118-0800 [DEBUG] [org.gradle.api.internal.artifacts.ivyservice.resolveengine.graph.builder.DependencyGraphBuilder] Visiting configuration org.apache.commons:commons-lang3:3.13.0(compile).
2024-11-23T14:25:04.118-0800 [DEBUG] [org.gradle.api.internal.artifacts.ivyservice.resolveengine.graph.builder.DependencyGraphBuilder] Visiting configuration gov.nasa.jpl.aerie:merlin-sdk:2.16.0(apiElements).
2024-11-23T14:25:04.118-0800 [DEBUG] [org.gradle.api.internal.artifacts.ivyservice.resolveengine.graph.builder.NodeState] Changed edges for gov.nasa.jpl.aerie:merlin-sdk:2.16.0(apiElements) selects same versions as previous traversal. ignoring
2024-11-23T14:25:04.118-0800 [DEBUG] [org.gradle.api.internal.artifacts.ivyservice.resolveengine.graph.builder.DependencyGraphBuilder] Visiting configuration org.glassfish:javax.json:1.1.4(compile).
2024-11-23T14:25:04.119-0800 [DEBUG] [org.gradle.api.internal.artifacts.ivyservice.resolveengine.graph.builder.DependencyGraphBuilder] Visiting configuration com.google.errorprone:error_prone_annotations:2.27.0(compile).
2024-11-23T14:25:04.119-0800 [DEBUG] [org.gradle.api.internal.artifacts.ivyservice.resolveengine.graph.builder.DependencyGraphBuilder] Visiting configuration gov.nasa.jpl.aerie:merlin-driver:2.16.0(apiElements).
2024-11-23T14:25:04.119-0800 [DEBUG] [org.gradle.api.internal.artifacts.ivyservice.resolveengine.graph.builder.NodeState] Changed edges for gov.nasa.jpl.aerie:merlin-driver:2.16.0(apiElements) selects same versions as previous traversal. ignoring
2024-11-23T14:25:04.119-0800 [DEBUG] [org.gradle.api.internal.artifacts.ivyservice.resolveengine.graph.builder.DependencyGraphBuilder] Visiting configuration gov.nasa.jpl.aerie:merlin-framework:2.16.0(apiElements).
2024-11-23T14:25:04.119-0800 [DEBUG] [org.gradle.api.internal.artifacts.ivyservice.resolveengine.graph.builder.NodeState] Changed edges for gov.nasa.jpl.aerie:merlin-framework:2.16.0(apiElements) selects same versions as previous traversal. ignoring
2024-11-23T14:25:04.119-0800 [DEBUG] [org.gradle.api.internal.artifacts.ivyservice.resolveengine.graph.builder.DependencyGraphBuilder] Visiting configuration org.junit.jupiter:junit-jupiter-api:5.10.0(apiElements).
2024-11-23T14:25:04.119-0800 [DEBUG] [org.gradle.api.internal.artifacts.ivyservice.resolveengine.graph.builder.NodeState] version for org.junit.jupiter:junit-jupiter-api:5.10.0(apiElements) is not selected. ignoring.
2024-11-23T14:25:04.119-0800 [DEBUG] [org.gradle.api.internal.artifacts.ivyservice.resolveengine.graph.builder.DependencyGraphBuilder] Visiting configuration org.junit:junit-bom:5.11.3(apiElements).
2024-11-23T14:25:04.119-0800 [DEBUG] [org.gradle.api.internal.artifacts.ivyservice.resolveengine.graph.builder.DependencyGraphBuilder] Visiting configuration org.junit.jupiter:junit-jupiter-api:5.11.3(apiElements).
2024-11-23T14:25:04.121-0800 [DEBUG] [org.gradle.api.internal.artifacts.ivyservice.ivyresolve.RepositoryChainComponentMetaDataResolver] Attempting to resolve component for org.opentest4j:opentest4j:1.3.0 using repositories [flatDir, MavenRepo, GitHubPackages]
2024-11-23T14:25:04.121-0800 [DEBUG] [org.gradle.api.internal.artifacts.repositories.resolver.DefaultExternalResourceArtifactResolver] Loading file:/Users/bclement/git/aerie-multimission-models-bb/third-party/opentest4j-1.3.0.jar
2024-11-23T14:25:04.122-0800 [DEBUG] [org.gradle.api.internal.artifacts.repositories.resolver.DefaultExternalResourceArtifactResolver] Loading file:/Users/bclement/git/aerie-multimission-models-bb/third-party/opentest4j.jar
2024-11-23T14:25:04.122-0800 [DEBUG] [org.gradle.api.internal.artifacts.repositories.resolver.ExternalResourceResolver] No meta-data file or artifact found for module 'org.opentest4j:opentest4j:1.3.0' in repository 'flatDir'.
2024-11-23T14:25:04.122-0800 [DEBUG] [org.gradle.api.internal.artifacts.ivyservice.modulecache.PersistentModuleMetadataCache] Recording absence of module descriptor in cache: org.opentest4j:opentest4j:1.3.0 [changing = false]
2024-11-23T14:25:04.122-0800 [DEBUG] [org.gradle.api.internal.artifacts.ivyservice.ivyresolve.CachingModuleComponentRepository] Using cached module metadata for module 'org.opentest4j:opentest4j:1.3.0' in 'MavenRepo'
2024-11-23T14:25:04.122-0800 [DEBUG] [org.gradle.api.internal.artifacts.ivyservice.ivyresolve.RepositoryChainComponentMetaDataResolver] Using org.opentest4j:opentest4j:1.3.0 from Maven repository 'MavenRepo'
2024-11-23T14:25:04.122-0800 [DEBUG] [org.gradle.internal.component.model.LoggingAttributeMatchingExplanationBuilder] Candidate org.gradle.internal.component.model.DefaultComponentGraphResolveState$DefaultConfigurationGraphResolveState@1af598ec doesn't have attribute org.gradle.jvm.environment
2024-11-23T14:25:04.122-0800 [DEBUG] [org.gradle.internal.component.model.LoggingAttributeMatchingExplanationBuilder] Candidate org.gradle.internal.component.model.DefaultComponentGraphResolveState$DefaultConfigurationGraphResolveState@2cd15a5d doesn't have attribute org.gradle.jvm.environment
2024-11-23T14:25:04.122-0800 [DEBUG] [org.gradle.internal.component.model.LoggingAttributeMatchingExplanationBuilder] Candidate org.gradle.internal.component.model.DefaultComponentGraphResolveState$DefaultConfigurationGraphResolveState@5ffc5817 attribute org.gradle.category value {org.gradle.category=documentation} doesn't requested value library
2024-11-23T14:25:04.122-0800 [DEBUG] [org.gradle.internal.component.model.LoggingAttributeMatchingExplanationBuilder] Candidate org.gradle.internal.component.model.DefaultComponentGraphResolveState$DefaultConfigurationGraphResolveState@3374e1c1 attribute org.gradle.category value {org.gradle.category=documentation} doesn't requested value library
2024-11-23T14:25:04.123-0800 [DEBUG] [org.gradle.internal.component.model.DefaultAttributeMatcher] Selected matches [0] from candidates [org.gradle.internal.component.model.DefaultComponentGraphResolveState$DefaultConfigurationGraphResolveState@1af598ec, org.gradle.internal.component.model.DefaultComponentGraphResolveState$DefaultConfigurationGraphResolveState@2cd15a5d, org.gradle.internal.component.model.DefaultComponentGraphResolveState$DefaultConfigurationGraphResolveState@5ffc5817, org.gradle.internal.component.model.DefaultComponentGraphResolveState$DefaultConfigurationGraphResolveState@3374e1c1] for {org.gradle.category=library, org.gradle.dependency.bundling=external, org.gradle.jvm.environment=standard-jvm, org.gradle.jvm.version=21, org.gradle.libraryelements=classes, org.gradle.usage=java-api}
2024-11-23T14:25:04.123-0800 [DEBUG] [org.gradle.api.internal.artifacts.ivyservice.ivyresolve.RepositoryChainComponentMetaDataResolver] Attempting to resolve component for org.apiguardian:apiguardian-api:1.1.2 using repositories [flatDir, MavenRepo, GitHubPackages]
2024-11-23T14:25:04.123-0800 [DEBUG] [org.gradle.api.internal.artifacts.repositories.resolver.DefaultExternalResourceArtifactResolver] Loading file:/Users/bclement/git/aerie-multimission-models-bb/third-party/apiguardian-api-1.1.2.jar
2024-11-23T14:25:04.123-0800 [DEBUG] [org.gradle.api.internal.artifacts.repositories.resolver.DefaultExternalResourceArtifactResolver] Loading file:/Users/bclement/git/aerie-multimission-models-bb/third-party/apiguardian-api.jar
2024-11-23T14:25:04.123-0800 [DEBUG] [org.gradle.api.internal.artifacts.repositories.resolver.ExternalResourceResolver] No meta-data file or artifact found for module 'org.apiguardian:apiguardian-api:1.1.2' in repository 'flatDir'.
2024-11-23T14:25:04.123-0800 [DEBUG] [org.gradle.api.internal.artifacts.ivyservice.modulecache.PersistentModuleMetadataCache] Recording absence of module descriptor in cache: org.apiguardian:apiguardian-api:1.1.2 [changing = false]
2024-11-23T14:25:04.123-0800 [DEBUG] [org.gradle.api.internal.artifacts.ivyservice.ivyresolve.CachingModuleComponentRepository] Using cached module metadata for module 'org.apiguardian:apiguardian-api:1.1.2' in 'MavenRepo'
2024-11-23T14:25:04.123-0800 [DEBUG] [org.gradle.api.internal.artifacts.ivyservice.ivyresolve.RepositoryChainComponentMetaDataResolver] Using org.apiguardian:apiguardian-api:1.1.2 from Maven repository 'MavenRepo'
2024-11-23T14:25:04.124-0800 [DEBUG] [org.gradle.api.internal.artifacts.ivyservice.resolveengine.graph.builder.DependencyGraphBuilder] Visiting configuration org.junit:junit-bom:5.11.3(apiElements).
2024-11-23T14:25:04.125-0800 [DEBUG] [org.gradle.api.internal.artifacts.ivyservice.ivyresolve.RepositoryChainComponentMetaDataResolver] Attempting to resolve component for org.junit.platform:junit-platform-commons:1.11.3 using repositories [flatDir, MavenRepo, GitHubPackages]
2024-11-23T14:25:04.125-0800 [DEBUG] [org.gradle.api.internal.artifacts.repositories.resolver.DefaultExternalResourceArtifactResolver] Loading file:/Users/bclement/git/aerie-multimission-models-bb/third-party/junit-platform-commons-1.11.3.jar
2024-11-23T14:25:04.125-0800 [DEBUG] [org.gradle.api.internal.artifacts.repositories.resolver.DefaultExternalResourceArtifactResolver] Loading file:/Users/bclement/git/aerie-multimission-models-bb/third-party/junit-platform-commons.jar
2024-11-23T14:25:04.125-0800 [DEBUG] [org.gradle.api.internal.artifacts.repositories.resolver.ExternalResourceResolver] No meta-data file or artifact found for module 'org.junit.platform:junit-platform-commons:1.11.3' in repository 'flatDir'.
2024-11-23T14:25:04.125-0800 [DEBUG] [org.gradle.api.internal.artifacts.ivyservice.modulecache.PersistentModuleMetadataCache] Recording absence of module descriptor in cache: org.junit.platform:junit-platform-commons:1.11.3 [changing = false]
2024-11-23T14:25:04.125-0800 [DEBUG] [org.gradle.api.internal.artifacts.ivyservice.ivyresolve.CachingModuleComponentRepository] Using cached module metadata for module 'org.junit.platform:junit-platform-commons:1.11.3' in 'MavenRepo'
2024-11-23T14:25:04.125-0800 [DEBUG] [org.gradle.api.internal.artifacts.ivyservice.ivyresolve.RepositoryChainComponentMetaDataResolver] Using org.junit.platform:junit-platform-commons:1.11.3 from Maven repository 'MavenRepo'
2024-11-23T14:25:04.125-0800 [DEBUG] [org.gradle.api.internal.artifacts.ivyservice.resolveengine.graph.builder.DependencyGraphBuilder] Visiting configuration org.junit.jupiter:junit-jupiter-params:5.11.3(apiElements).
2024-11-23T14:25:04.126-0800 [DEBUG] [org.gradle.api.internal.artifacts.ivyservice.resolveengine.graph.builder.DependencyGraphBuilder] Visiting configuration org.junit.jupiter:junit-jupiter:5.11.3(apiElements).
2024-11-23T14:25:04.126-0800 [DEBUG] [org.gradle.api.internal.artifacts.ivyservice.resolveengine.graph.builder.NodeState] Changed edges for org.junit.jupiter:junit-jupiter:5.11.3(apiElements) selects same versions as previous traversal. ignoring
2024-11-23T14:25:04.126-0800 [DEBUG] [org.gradle.api.internal.artifacts.ivyservice.resolveengine.graph.builder.DependencyGraphBuilder] Visiting configuration org.opentest4j:opentest4j:1.3.0(apiElements).
2024-11-23T14:25:04.126-0800 [DEBUG] [org.gradle.api.internal.artifacts.ivyservice.resolveengine.graph.builder.DependencyGraphBuilder] Visiting configuration org.apiguardian:apiguardian-api:1.1.2(apiElements).
2024-11-23T14:25:04.126-0800 [DEBUG] [org.gradle.api.internal.artifacts.ivyservice.resolveengine.graph.builder.DependencyGraphBuilder] Visiting configuration org.junit.platform:junit-platform-commons:1.11.3(apiElements).
2024-11-23T14:25:04.126-0800 [DEBUG] [org.gradle.api.internal.artifacts.ivyservice.resolveengine.graph.builder.DependencyGraphBuilder] Visiting configuration org.junit:junit-bom:5.11.3(apiElements).
2024-11-23T14:25:04.126-0800 [DEBUG] [org.gradle.api.internal.artifacts.ivyservice.resolveengine.graph.builder.NodeState] Changed edges for org.junit:junit-bom:5.11.3(apiElements) selects same versions as previous traversal. ignoring
2024-11-23T14:25:04.127-0800 [DEBUG] [org.gradle.api.internal.artifacts.ivyservice.resolveengine.graph.builder.DependencyGraphBuilder] Visiting configuration org.junit.jupiter:junit-jupiter-api:5.11.3(apiElements).
2024-11-23T14:25:04.127-0800 [DEBUG] [org.gradle.api.internal.artifacts.ivyservice.resolveengine.graph.builder.NodeState] Changed edges for org.junit.jupiter:junit-jupiter-api:5.11.3(apiElements) selects same versions as previous traversal. ignoring
2024-11-23T14:25:04.127-0800 [DEBUG] [org.gradle.api.internal.artifacts.ivyservice.resolveengine.graph.builder.DependencyGraphBuilder] Visiting configuration org.apiguardian:apiguardian-api:1.1.2(apiElements).
2024-11-23T14:25:04.127-0800 [DEBUG] [org.gradle.api.internal.artifacts.ivyservice.resolveengine.graph.builder.NodeState] Changed edges for org.apiguardian:apiguardian-api:1.1.2(apiElements) selects same versions as previous traversal. ignoring
2024-11-23T14:25:04.128-0800 [DEBUG] [org.gradle.api.internal.artifacts.ivyservice.resolveengine.oldresult.TransientConfigurationResultsBuilder] Flushing resolved configuration data in Binary store in /Users/bclement/.gradle/.tmp/gradle5239940577360234248.bin. Wrote root 162.
2024-11-23T14:25:04.129-0800 [DEBUG] [org.gradle.internal.operations.DefaultBuildOperationRunner] Build operation 'Resolve dependencies of :testCompileClasspath' completed
2024-11-23T14:25:04.129-0800 [DEBUG] [org.gradle.internal.component.model.LoggingAttributeMatchingExplanationBuilder] Selected match gov.nasa.jpl.aerie:contrib:2.16.0 variant apiElements from candidates [gov.nasa.jpl.aerie:contrib:2.16.0 variant apiElements] for {org.gradle.category=library, org.gradle.dependency.bundling=external, org.gradle.jvm.environment=standard-jvm, org.gradle.jvm.version=21, org.gradle.libraryelements=classes, org.gradle.usage=java-api}
2024-11-23T14:25:04.129-0800 [DEBUG] [org.gradle.internal.component.model.LoggingAttributeMatchingExplanationBuilder] Selected match gov.nasa.jpl.aerie:merlin-framework-junit:2.16.0 variant apiElements from candidates [gov.nasa.jpl.aerie:merlin-framework-junit:2.16.0 variant apiElements] for {org.gradle.category=library, org.gradle.dependency.bundling=external, org.gradle.jvm.environment=standard-jvm, org.gradle.jvm.version=21, org.gradle.libraryelements=classes, org.gradle.usage=java-api}
2024-11-23T14:25:04.129-0800 [DEBUG] [org.gradle.internal.component.model.LoggingAttributeMatchingExplanationBuilder] Selected match gov.nasa.jpl.aerie:merlin-framework:2.16.0 variant apiElements from candidates [gov.nasa.jpl.aerie:merlin-framework:2.16.0 variant apiElements] for {org.gradle.category=library, org.gradle.dependency.bundling=external, org.gradle.jvm.environment=standard-jvm, org.gradle.jvm.version=21, org.gradle.libraryelements=classes, org.gradle.usage=java-api}
2024-11-23T14:25:04.130-0800 [DEBUG] [org.gradle.internal.component.model.LoggingAttributeMatchingExplanationBuilder] Selected match gov.nasa.jpl.aerie:merlin-driver:2.16.0 variant apiElements from candidates [gov.nasa.jpl.aerie:merlin-driver:2.16.0 variant apiElements] for {org.gradle.category=library, org.gradle.dependency.bundling=external, org.gradle.jvm.environment=standard-jvm, org.gradle.jvm.version=21, org.gradle.libraryelements=classes, org.gradle.usage=java-api}
2024-11-23T14:25:04.130-0800 [DEBUG] [org.gradle.internal.component.model.LoggingAttributeMatchingExplanationBuilder] Selected match gov.nasa.jpl.aerie:merlin-sdk:2.16.0 variant apiElements from candidates [gov.nasa.jpl.aerie:merlin-sdk:2.16.0 variant apiElements] for {org.gradle.category=library, org.gradle.dependency.bundling=external, org.gradle.jvm.environment=standard-jvm, org.gradle.jvm.version=21, org.gradle.libraryelements=classes, org.gradle.usage=java-api}
2024-11-23T14:25:04.130-0800 [DEBUG] [org.gradle.internal.component.model.LoggingAttributeMatchingExplanationBuilder] Selected match gov.nasa.jpl.aerie:parsing-utilities:2.16.0 variant apiElements from candidates [gov.nasa.jpl.aerie:parsing-utilities:2.16.0 variant apiElements] for {org.gradle.category=library, org.gradle.dependency.bundling=external, org.gradle.jvm.environment=standard-jvm, org.gradle.jvm.version=21, org.gradle.libraryelements=classes, org.gradle.usage=java-api}
2024-11-23T14:25:04.130-0800 [DEBUG] [org.gradle.internal.component.model.LoggingAttributeMatchingExplanationBuilder] Selected match com.google.code.gson:gson:2.11.0 configuration compile from candidates [com.google.code.gson:gson:2.11.0 configuration compile] for {org.gradle.category=library, org.gradle.dependency.bundling=external, org.gradle.jvm.environment=standard-jvm, org.gradle.jvm.version=21, org.gradle.libraryelements=classes, org.gradle.usage=java-api}
2024-11-23T14:25:04.130-0800 [DEBUG] [org.gradle.internal.component.model.LoggingAttributeMatchingExplanationBuilder] Selected match org.junit.jupiter:junit-jupiter-params:5.11.3 variant apiElements from candidates [org.junit.jupiter:junit-jupiter-params:5.11.3 variant apiElements] for {org.gradle.category=library, org.gradle.dependency.bundling=external, org.gradle.jvm.environment=standard-jvm, org.gradle.jvm.version=21, org.gradle.libraryelements=classes, org.gradle.usage=java-api}
2024-11-23T14:25:04.130-0800 [DEBUG] [org.gradle.internal.component.model.LoggingAttributeMatchingExplanationBuilder] Selected match org.junit.jupiter:junit-jupiter-api:5.11.3 variant apiElements from candidates [org.junit.jupiter:junit-jupiter-api:5.11.3 variant apiElements] for {org.gradle.category=library, org.gradle.dependency.bundling=external, org.gradle.jvm.environment=standard-jvm, org.gradle.jvm.version=21, org.gradle.libraryelements=classes, org.gradle.usage=java-api}
2024-11-23T14:25:04.130-0800 [DEBUG] [org.gradle.internal.component.model.LoggingAttributeMatchingExplanationBuilder] Selected match org.junit.platform:junit-platform-commons:1.11.3 variant apiElements from candidates [org.junit.platform:junit-platform-commons:1.11.3 variant apiElements] for {org.gradle.category=library, org.gradle.dependency.bundling=external, org.gradle.jvm.environment=standard-jvm, org.gradle.jvm.version=21, org.gradle.libraryelements=classes, org.gradle.usage=java-api}
2024-11-23T14:25:04.131-0800 [DEBUG] [org.gradle.internal.component.model.LoggingAttributeMatchingExplanationBuilder] Selected match org.junit:junit-bom:5.11.3 variant apiElements from candidates [org.junit:junit-bom:5.11.3 variant apiElements] for {org.gradle.category=platform, org.gradle.dependency.bundling=external, org.gradle.jvm.environment=standard-jvm, org.gradle.jvm.version=21, org.gradle.libraryelements=classes, org.gradle.usage=java-api}
2024-11-23T14:25:04.131-0800 [DEBUG] [org.gradle.internal.component.model.LoggingAttributeMatchingExplanationBuilder] Selected match org.junit:junit-bom:5.11.3 variant apiElements from candidates [org.junit:junit-bom:5.11.3 variant apiElements] for {org.gradle.category=platform, org.gradle.dependency.bundling=external, org.gradle.jvm.environment=standard-jvm, org.gradle.jvm.version=21, org.gradle.libraryelements=classes, org.gradle.usage=java-api}
2024-11-23T14:25:04.131-0800 [DEBUG] [org.gradle.internal.component.model.LoggingAttributeMatchingExplanationBuilder] Selected match org.junit:junit-bom:5.11.3 variant apiElements from candidates [org.junit:junit-bom:5.11.3 variant apiElements] for {org.gradle.category=platform, org.gradle.dependency.bundling=external, org.gradle.jvm.environment=standard-jvm, org.gradle.jvm.version=21, org.gradle.libraryelements=classes, org.gradle.usage=java-api}
2024-11-23T14:25:04.131-0800 [DEBUG] [org.gradle.internal.component.model.LoggingAttributeMatchingExplanationBuilder] Selected match org.junit:junit-bom:5.11.3 variant apiElements from candidates [org.junit:junit-bom:5.11.3 variant apiElements] for {org.gradle.category=platform, org.gradle.dependency.bundling=external, org.gradle.jvm.environment=standard-jvm, org.gradle.jvm.version=21, org.gradle.libraryelements=classes, org.gradle.usage=java-api}
2024-11-23T14:25:04.131-0800 [DEBUG] [org.gradle.internal.component.model.LoggingAttributeMatchingExplanationBuilder] Selected match org.junit.jupiter:junit-jupiter:5.11.3 variant apiElements from candidates [org.junit.jupiter:junit-jupiter:5.11.3 variant apiElements] for {org.gradle.category=library, org.gradle.dependency.bundling=external, org.gradle.jvm.environment=standard-jvm, org.gradle.jvm.version=21, org.gradle.libraryelements=classes, org.gradle.usage=java-api}
2024-11-23T14:25:04.131-0800 [DEBUG] [org.gradle.internal.component.model.LoggingAttributeMatchingExplanationBuilder] Selected match JNISpice:JNISpice:N0067 configuration default from candidates [JNISpice:JNISpice:N0067 configuration default] for {org.gradle.category=library, org.gradle.dependency.bundling=external, org.gradle.jvm.environment=standard-jvm, org.gradle.jvm.version=21, org.gradle.libraryelements=classes, org.gradle.usage=java-api}
2024-11-23T14:25:04.131-0800 [DEBUG] [org.gradle.internal.component.model.LoggingAttributeMatchingExplanationBuilder] Selected match org.apache.commons:commons-math3:3.6.1 configuration compile from candidates [org.apache.commons:commons-math3:3.6.1 configuration compile] for {org.gradle.category=library, org.gradle.dependency.bundling=external, org.gradle.jvm.environment=standard-jvm, org.gradle.jvm.version=21, org.gradle.libraryelements=classes, org.gradle.usage=java-api}
2024-11-23T14:25:04.131-0800 [DEBUG] [org.gradle.internal.component.model.LoggingAttributeMatchingExplanationBuilder] Selected match org.apache.commons:commons-lang3:3.13.0 configuration compile from candidates [org.apache.commons:commons-lang3:3.13.0 configuration compile] for {org.gradle.category=library, org.gradle.dependency.bundling=external, org.gradle.jvm.environment=standard-jvm, org.gradle.jvm.version=21, org.gradle.libraryelements=classes, org.gradle.usage=java-api}
2024-11-23T14:25:04.132-0800 [DEBUG] [org.gradle.internal.component.model.LoggingAttributeMatchingExplanationBuilder] Selected match org.glassfish:javax.json:1.1.4 configuration compile from candidates [org.glassfish:javax.json:1.1.4 configuration compile] for {org.gradle.category=library, org.gradle.dependency.bundling=external, org.gradle.jvm.environment=standard-jvm, org.gradle.jvm.version=21, org.gradle.libraryelements=classes, org.gradle.usage=java-api}
2024-11-23T14:25:04.132-0800 [DEBUG] [org.gradle.internal.component.model.LoggingAttributeMatchingExplanationBuilder] Selected match com.google.errorprone:error_prone_annotations:2.27.0 configuration compile from candidates [com.google.errorprone:error_prone_annotations:2.27.0 configuration compile] for {org.gradle.category=library, org.gradle.dependency.bundling=external, org.gradle.jvm.environment=standard-jvm, org.gradle.jvm.version=21, org.gradle.libraryelements=classes, org.gradle.usage=java-api}
2024-11-23T14:25:04.132-0800 [DEBUG] [org.gradle.internal.component.model.LoggingAttributeMatchingExplanationBuilder] Selected match org.opentest4j:opentest4j:1.3.0 variant apiElements from candidates [org.opentest4j:opentest4j:1.3.0 variant apiElements] for {org.gradle.category=library, org.gradle.dependency.bundling=external, org.gradle.jvm.environment=standard-jvm, org.gradle.jvm.version=21, org.gradle.libraryelements=classes, org.gradle.usage=java-api}
2024-11-23T14:25:04.132-0800 [DEBUG] [org.gradle.internal.component.model.LoggingAttributeMatchingExplanationBuilder] Selected match org.apiguardian:apiguardian-api:1.1.2 variant apiElements from candidates [org.apiguardian:apiguardian-api:1.1.2 variant apiElements] for {org.gradle.category=library, org.gradle.dependency.bundling=external, org.gradle.jvm.environment=standard-jvm, org.gradle.jvm.version=21, org.gradle.libraryelements=classes, org.gradle.usage=java-api}
2024-11-23T14:25:04.133-0800 [DEBUG] [org.gradle.internal.component.model.LoggingAttributeMatchingExplanationBuilder] Selected match jplTime-2022-08.jar from candidates [jplTime-2022-08.jar] for {org.gradle.category=library, org.gradle.dependency.bundling=external, org.gradle.jvm.environment=standard-jvm, org.gradle.jvm.version=21, org.gradle.libraryelements=classes, org.gradle.usage=java-api}
2024-11-23T14:25:04.133-0800 [DEBUG] [org.gradle.internal.component.model.LoggingAttributeMatchingExplanationBuilder] Selected match jplTime-2022-08.jar from candidates [jplTime-2022-08.jar] for {org.gradle.category=library, org.gradle.dependency.bundling=external, org.gradle.jvm.environment=standard-jvm, org.gradle.jvm.version=21, org.gradle.libraryelements=classes, org.gradle.usage=java-api}
2024-11-23T14:25:04.135-0800 [DEBUG] [org.gradle.api.internal.artifacts.ivyservice.ivyresolve.CachingModuleComponentRepository] Found artifact 'org.gradle.internal.component.external.model.UrlBackedArtifactMetadata@79bf89d3' in resolver cache: /Users/bclement/.gradle/caches/modules-2/files-2.1/gov.nasa.jpl.aerie/merlin-framework-junit/2.16.0/530c01e57a3085717246c7456b26ac932b29061e/merlin-framework-junit-2.16.0.jar
2024-11-23T14:25:04.135-0800 [DEBUG] [org.gradle.api.internal.artifacts.ivyservice.ivyresolve.CachingModuleComponentRepository] Found artifact 'org.gradle.internal.component.external.model.UrlBackedArtifactMetadata@e05c8a4' in resolver cache: /Users/bclement/.gradle/caches/modules-2/files-2.1/org.junit.jupiter/junit-jupiter-params/5.11.3/a54ff747e4ad98b1d49ee1e73f502def701516b5/junit-jupiter-params-5.11.3.jar
2024-11-23T14:25:04.135-0800 [DEBUG] [org.gradle.api.internal.artifacts.ivyservice.ivyresolve.CachingModuleComponentRepository] Found artifact 'org.gradle.internal.component.external.model.UrlBackedArtifactMetadata@3d024c29' in resolver cache: /Users/bclement/.gradle/caches/modules-2/files-2.1/org.apiguardian/apiguardian-api/1.1.2/a231e0d844d2721b0fa1b238006d15c6ded6842a/apiguardian-api-1.1.2.jar
2024-11-23T14:25:04.136-0800 [DEBUG] [org.gradle.internal.operations.DefaultBuildOperationRunner] Build operation 'Resolve merlin-framework-junit-2.16.0.jar (gov.nasa.jpl.aerie:merlin-framework-junit:2.16.0)' completed
2024-11-23T14:25:04.136-0800 [DEBUG] [org.gradle.api.internal.artifacts.ivyservice.ivyresolve.CachingModuleComponentRepository] Found artifact 'org.gradle.internal.component.external.model.UrlBackedArtifactMetadata@52ba061' in resolver cache: /Users/bclement/.gradle/caches/modules-2/files-2.1/org.junit.jupiter/junit-jupiter/5.11.3/992ed024f7cef51ef8dfb3f6828c2f8917cc9640/junit-jupiter-5.11.3.jar
2024-11-23T14:25:04.135-0800 [DEBUG] [org.gradle.api.internal.artifacts.ivyservice.ivyresolve.CachingModuleComponentRepository] Found artifact 'org.gradle.internal.component.external.model.UrlBackedArtifactMetadata@34f9412f' in resolver cache: /Users/bclement/.gradle/caches/modules-2/files-2.1/org.opentest4j/opentest4j/1.3.0/152ea56b3a72f655d4fd677fc0ef2596c3dd5e6e/opentest4j-1.3.0.jar
2024-11-23T14:25:04.136-0800 [DEBUG] [org.gradle.internal.resources.AbstractTrackedResourceLock] included builds: released lock on state of build :
2024-11-23T14:25:04.136-0800 [DEBUG] [org.gradle.internal.resources.AbstractTrackedResourceLock] included builds: released lock on worker lease
2024-11-23T14:25:04.137-0800 [DEBUG] [org.gradle.api.internal.artifacts.ivyservice.ivyresolve.CachingModuleComponentRepository] Found artifact 'org.gradle.internal.component.external.model.UrlBackedArtifactMetadata@599babe5' in resolver cache: /Users/bclement/.gradle/caches/modules-2/files-2.1/org.junit.platform/junit-platform-commons/1.11.3/71eaa12ce1322069c712d1d557a5e95324a8a84c/junit-platform-commons-1.11.3.jar
2024-11-23T14:25:04.137-0800 [DEBUG] [org.gradle.api.internal.artifacts.ivyservice.ivyresolve.CachingModuleComponentRepository] Found artifact 'org.gradle.internal.component.external.model.UrlBackedArtifactMetadata@1ed32c53' in resolver cache: /Users/bclement/.gradle/caches/modules-2/files-2.1/org.junit.jupiter/junit-jupiter-api/5.11.3/89b1b4f707e19ed1c594c2d782987a6954226aec/junit-jupiter-api-5.11.3.jar
2024-11-23T14:25:04.143-0800 [DEBUG] [org.gradle.internal.resources.AbstractTrackedResourceLock] included builds: acquired lock on state of build :
2024-11-23T14:25:04.143-0800 [DEBUG] [org.gradle.internal.resources.AbstractTrackedResourceLock] included builds: acquired lock on worker lease
2024-11-23T14:25:04.144-0800 [DEBUG] [org.gradle.internal.operations.DefaultBuildOperationRunner] Build operation 'Resolve files of configuration ':testCompileClasspath'' completed
2024-11-23T14:25:04.145-0800 [DEBUG] [org.gradle.api.internal.artifacts.ivyservice.modulecache.ResolvedArtifactCaches] Reusing in-memory cache for repo 'flatDir' [293c51f80f60354c6f6e30142b5236fe].
2024-11-23T14:25:04.145-0800 [DEBUG] [org.gradle.api.internal.artifacts.ivyservice.modulecache.ResolvedArtifactCaches] Reusing in-memory cache for repo 'MavenRepo' [26c913274550a0b2221f47a0fe2d2358].
2024-11-23T14:25:04.146-0800 [DEBUG] [org.gradle.api.internal.artifacts.ivyservice.modulecache.ResolvedArtifactCaches] Reusing in-memory cache for repo 'GitHubPackages' [a471df98be70e5e83f5aa7faf15e1b33].
2024-11-23T14:25:04.147-0800 [DEBUG] [org.gradle.api.internal.artifacts.ivyservice.resolveengine.graph.builder.DependencyGraphBuilder] Visiting configuration :missionmodel:unspecified(testAnnotationProcessor).
2024-11-23T14:25:04.147-0800 [DEBUG] [org.gradle.api.internal.artifacts.ivyservice.resolveengine.oldresult.TransientConfigurationResultsBuilder] Flushing resolved configuration data in Binary store in /Users/bclement/.gradle/.tmp/gradle5239940577360234248.bin. Wrote root 272.
2024-11-23T14:25:04.147-0800 [DEBUG] [org.gradle.internal.operations.DefaultBuildOperationRunner] Build operation 'Resolve dependencies of :testAnnotationProcessor' completed
2024-11-23T14:25:04.148-0800 [DEBUG] [org.gradle.internal.operations.DefaultBuildOperationRunner] Build operation 'Resolve files of configuration ':testAnnotationProcessor'' completed
2024-11-23T14:25:04.148-0800 [DEBUG] [org.gradle.internal.operations.DefaultBuildOperationRunner] Build operation 'Snapshot inputs and outputs before executing task ':compileTestJava'' completed
2024-11-23T14:25:04.149-0800 [DEBUG] [org.gradle.internal.component.model.LoggingAttributeMatchingExplanationBuilder] Selected match jplTime-2022-08.jar from candidates [jplTime-2022-08.jar] for {org.gradle.category=library, org.gradle.dependency.bundling=external, org.gradle.jvm.environment=standard-jvm, org.gradle.jvm.version=21, org.gradle.libraryelements=classes, org.gradle.usage=java-api}
2024-11-23T14:25:04.149-0800 [DEBUG] [org.gradle.internal.component.model.LoggingAttributeMatchingExplanationBuilder] Selected match jplTime-2022-08.jar from candidates [jplTime-2022-08.jar] for {org.gradle.category=library, org.gradle.dependency.bundling=external, org.gradle.jvm.environment=standard-jvm, org.gradle.jvm.version=21, org.gradle.libraryelements=classes, org.gradle.usage=java-api}
2024-11-23T14:25:04.150-0800 [DEBUG] [org.gradle.internal.operations.DefaultBuildOperationRunner] Build operation 'Resolve files of configuration ':testCompileClasspath'' completed
2024-11-23T14:25:04.150-0800 [DEBUG] [org.gradle.internal.operations.DefaultBuildOperationRunner] Build operation 'Resolve files of configuration ':testAnnotationProcessor'' completed
2024-11-23T14:25:04.152-0800 [INFO] [org.gradle.internal.execution.steps.AbstractResolveCachingStateStep] Caching disabled for task ':compileTestJava' because:
  Build cache is disabled
2024-11-23T14:25:04.152-0800 [DEBUG] [org.gradle.internal.operations.DefaultBuildOperationRunner] Build operation 'Snapshot task inputs for :compileTestJava' completed
2024-11-23T14:25:04.152-0800 [DEBUG] [org.gradle.internal.execution.steps.SkipUpToDateStep] Determining if task ':compileTestJava' is up-to-date
2024-11-23T14:25:04.152-0800 [INFO] [org.gradle.internal.execution.steps.SkipUpToDateStep] Skipping task ':compileTestJava' as it is up-to-date.
2024-11-23T14:25:04.152-0800 [DEBUG] [org.gradle.api.internal.tasks.execution.ResolveTaskExecutionModeExecuter] Removed task artifact state for task ':compileTestJava' from context.
2024-11-23T14:25:04.153-0800 [DEBUG] [org.gradle.internal.operations.DefaultBuildOperationRunner] Completing Build operation 'Task :compileTestJava'
2024-11-23T14:25:04.153-0800 [DEBUG] [org.gradle.internal.operations.DefaultBuildOperationRunner] Build operation 'Task :compileTestJava' completed
2024-11-23T14:25:04.153-0800 [DEBUG] [org.gradle.execution.plan.DefaultFinalizedExecutionPlan] Node :compileTestJava completed, executed: true
2024-11-23T14:25:04.153-0800 [DEBUG] [org.gradle.execution.plan.DefaultFinalizedExecutionPlan] Node :compileTestJava finished executing
2024-11-23T14:25:04.153-0800 [DEBUG] [org.gradle.internal.resources.AbstractTrackedResourceLock] included builds: released lock on state of build :
2024-11-23T14:25:04.153-0800 [DEBUG] [org.gradle.internal.resources.AbstractTrackedResourceLock] included builds: released lock on task execution for build :
2024-11-23T14:25:04.153-0800 [DEBUG] [org.gradle.internal.resources.AbstractTrackedResourceLock] included builds: acquired lock on state of build :
2024-11-23T14:25:04.153-0800 [DEBUG] [org.gradle.internal.resources.AbstractTrackedResourceLock] included builds: acquired lock on task execution for build :
2024-11-23T14:25:04.153-0800 [DEBUG] [org.gradle.internal.resources.AbstractTrackedResourceLock] Execution worker Thread 14: acquired lock on worker lease
2024-11-23T14:25:04.153-0800 [INFO] [org.gradle.execution.plan.DefaultPlanExecutor] Resolve mutations for :processTestResources (Thread[#169,included builds,5,main]) started.
2024-11-23T14:25:04.154-0800 [DEBUG] [org.gradle.internal.resources.AbstractTrackedResourceLock] Execution worker Thread 14: released lock on worker lease
2024-11-23T14:25:04.154-0800 [DEBUG] [org.gradle.internal.operations.DefaultBuildOperationRunner] Build operation 'Resolve mutations for task :processTestResources' started
2024-11-23T14:25:04.154-0800 [DEBUG] [org.gradle.internal.resources.AbstractTrackedResourceLock] Execution worker: acquired lock on worker lease
2024-11-23T14:25:04.154-0800 [DEBUG] [org.gradle.internal.resources.AbstractTrackedResourceLock] Execution worker: released lock on worker lease
2024-11-23T14:25:04.154-0800 [DEBUG] [org.gradle.internal.resources.AbstractTrackedResourceLock] Execution worker Thread 15: acquired lock on worker lease
2024-11-23T14:25:04.154-0800 [DEBUG] [org.gradle.internal.resources.AbstractTrackedResourceLock] Execution worker Thread 15: released lock on worker lease
2024-11-23T14:25:04.154-0800 [DEBUG] [org.gradle.internal.operations.DefaultBuildOperationRunner] Completing Build operation 'Resolve mutations for task :processTestResources'
2024-11-23T14:25:04.155-0800 [DEBUG] [org.gradle.internal.operations.DefaultBuildOperationRunner] Build operation 'Resolve mutations for task :processTestResources' completed
2024-11-23T14:25:04.154-0800 [DEBUG] [org.gradle.internal.resources.AbstractTrackedResourceLock] Execution worker Thread 3: acquired lock on worker lease
2024-11-23T14:25:04.155-0800 [DEBUG] [org.gradle.internal.resources.AbstractTrackedResourceLock] Execution worker Thread 3: released lock on worker lease
2024-11-23T14:25:04.155-0800 [DEBUG] [org.gradle.internal.resources.AbstractTrackedResourceLock] Execution worker Thread 4: acquired lock on worker lease
2024-11-23T14:25:04.155-0800 [DEBUG] [org.gradle.internal.resources.AbstractTrackedResourceLock] Execution worker Thread 4: released lock on worker lease
2024-11-23T14:25:04.155-0800 [DEBUG] [org.gradle.internal.resources.AbstractTrackedResourceLock] Execution worker Thread 10: acquired lock on worker lease
2024-11-23T14:25:04.155-0800 [DEBUG] [org.gradle.internal.resources.AbstractTrackedResourceLock] Execution worker Thread 10: released lock on worker lease
2024-11-23T14:25:04.155-0800 [DEBUG] [org.gradle.internal.resources.AbstractTrackedResourceLock] Execution worker Thread 5: acquired lock on worker lease
2024-11-23T14:25:04.155-0800 [DEBUG] [org.gradle.internal.resources.AbstractTrackedResourceLock] Execution worker Thread 5: released lock on worker lease
2024-11-23T14:25:04.155-0800 [DEBUG] [org.gradle.internal.resources.AbstractTrackedResourceLock] Execution worker Thread 8: acquired lock on worker lease
2024-11-23T14:25:04.155-0800 [DEBUG] [org.gradle.internal.resources.AbstractTrackedResourceLock] Execution worker Thread 8: released lock on worker lease
2024-11-23T14:25:04.156-0800 [DEBUG] [org.gradle.internal.resources.AbstractTrackedResourceLock] Execution worker Thread 6: acquired lock on worker lease
2024-11-23T14:25:04.156-0800 [DEBUG] [org.gradle.internal.resources.AbstractTrackedResourceLock] Execution worker Thread 6: released lock on worker lease
2024-11-23T14:25:04.156-0800 [DEBUG] [org.gradle.internal.resources.AbstractTrackedResourceLock] Execution worker Thread 2: acquired lock on worker lease
2024-11-23T14:25:04.156-0800 [DEBUG] [org.gradle.internal.resources.AbstractTrackedResourceLock] Execution worker Thread 2: released lock on worker lease
2024-11-23T14:25:04.156-0800 [DEBUG] [org.gradle.internal.resources.AbstractTrackedResourceLock] Execution worker Thread 7: acquired lock on worker lease
2024-11-23T14:25:04.156-0800 [DEBUG] [org.gradle.internal.resources.AbstractTrackedResourceLock] Execution worker Thread 7: released lock on worker lease
2024-11-23T14:25:04.156-0800 [DEBUG] [org.gradle.internal.resources.AbstractTrackedResourceLock] Execution worker Thread 9: acquired lock on worker lease
2024-11-23T14:25:04.156-0800 [DEBUG] [org.gradle.internal.resources.AbstractTrackedResourceLock] Execution worker Thread 9: released lock on worker lease
2024-11-23T14:25:04.156-0800 [DEBUG] [org.gradle.internal.resources.AbstractTrackedResourceLock] Execution worker Thread 11: acquired lock on worker lease
2024-11-23T14:25:04.156-0800 [DEBUG] [org.gradle.internal.resources.AbstractTrackedResourceLock] Execution worker Thread 11: released lock on worker lease
2024-11-23T14:25:04.156-0800 [DEBUG] [org.gradle.internal.resources.AbstractTrackedResourceLock] Execution worker Thread 12: acquired lock on worker lease
2024-11-23T14:25:04.156-0800 [DEBUG] [org.gradle.internal.resources.AbstractTrackedResourceLock] Execution worker Thread 12: released lock on worker lease
2024-11-23T14:25:04.157-0800 [DEBUG] [org.gradle.internal.resources.AbstractTrackedResourceLock] Execution worker Thread 13: acquired lock on worker lease
2024-11-23T14:25:04.157-0800 [DEBUG] [org.gradle.internal.resources.AbstractTrackedResourceLock] Execution worker Thread 13: released lock on worker lease
2024-11-23T14:25:04.157-0800 [DEBUG] [org.gradle.execution.plan.DefaultFinalizedExecutionPlan] Node Resolve mutations for :processTestResources completed, executed: true
2024-11-23T14:25:04.157-0800 [DEBUG] [org.gradle.execution.plan.DefaultFinalizedExecutionPlan] Node Resolve mutations for :processTestResources finished executing
2024-11-23T14:25:04.157-0800 [DEBUG] [org.gradle.internal.resources.AbstractTrackedResourceLock] included builds: released lock on state of build :
2024-11-23T14:25:04.157-0800 [DEBUG] [org.gradle.internal.resources.AbstractTrackedResourceLock] included builds: released lock on task execution for build :
2024-11-23T14:25:04.157-0800 [DEBUG] [org.gradle.internal.resources.AbstractTrackedResourceLock] included builds: acquired lock on state of build :
2024-11-23T14:25:04.157-0800 [DEBUG] [org.gradle.internal.resources.AbstractTrackedResourceLock] included builds: acquired lock on task execution for build :
2024-11-23T14:25:04.158-0800 [INFO] [org.gradle.execution.plan.DefaultPlanExecutor] :processTestResources (Thread[#169,included builds,5,main]) started.
2024-11-23T14:25:04.158-0800 [DEBUG] [org.gradle.internal.resources.AbstractTrackedResourceLock] Execution worker Thread 14: acquired lock on worker lease
2024-11-23T14:25:04.158-0800 [DEBUG] [org.gradle.internal.resources.AbstractTrackedResourceLock] Execution worker Thread 14: released lock on worker lease
2024-11-23T14:25:04.158-0800 [DEBUG] [org.gradle.internal.operations.DefaultBuildOperationRunner] Build operation 'Task :processTestResources' started
2024-11-23T14:25:04.158-0800 [DEBUG] [org.gradle.internal.resources.AbstractTrackedResourceLock] Execution worker Thread 13: acquired lock on worker lease
2024-11-23T14:25:04.158-0800 [DEBUG] [org.gradle.internal.resources.AbstractTrackedResourceLock] Execution worker Thread 13: released lock on worker lease
2024-11-23T14:25:04.158-0800 [DEBUG] [org.gradle.internal.resources.AbstractTrackedResourceLock] Execution worker Thread 12: acquired lock on worker lease
2024-11-23T14:25:04.159-0800 [DEBUG] [org.gradle.internal.resources.AbstractTrackedResourceLock] Execution worker Thread 12: released lock on worker lease
2024-11-23T14:25:04.159-0800 [DEBUG] [org.gradle.internal.operations.DefaultBuildOperationRunner] Build operation 'Identifying work' started
2024-11-23T14:25:04.159-0800 [DEBUG] [org.gradle.internal.resources.AbstractTrackedResourceLock] Execution worker Thread 11: acquired lock on worker lease
2024-11-23T14:25:04.159-0800 [DEBUG] [org.gradle.internal.operations.DefaultBuildOperationRunner] Completing Build operation 'Identifying work'
2024-11-23T14:25:04.159-0800 [DEBUG] [org.gradle.internal.resources.AbstractTrackedResourceLock] Execution worker Thread 11: released lock on worker lease
2024-11-23T14:25:04.159-0800 [DEBUG] [org.gradle.internal.resources.AbstractTrackedResourceLock] Execution worker Thread 9: acquired lock on worker lease
2024-11-23T14:25:04.159-0800 [DEBUG] [org.gradle.internal.operations.DefaultBuildOperationRunner] Build operation 'Snapshot task inputs for :processTestResources' started
2024-11-23T14:25:04.160-0800 [DEBUG] [org.gradle.internal.resources.AbstractTrackedResourceLock] Execution worker Thread 9: released lock on worker lease
2024-11-23T14:25:04.160-0800 [DEBUG] [org.gradle.internal.resources.AbstractTrackedResourceLock] Execution worker Thread 7: acquired lock on worker lease
2024-11-23T14:25:04.160-0800 [DEBUG] [org.gradle.internal.resources.AbstractTrackedResourceLock] Execution worker Thread 7: released lock on worker lease
2024-11-23T14:25:04.160-0800 [DEBUG] [org.gradle.internal.resources.AbstractTrackedResourceLock] Execution worker Thread 2: acquired lock on worker lease
2024-11-23T14:25:04.160-0800 [DEBUG] [org.gradle.internal.resources.AbstractTrackedResourceLock] Execution worker Thread 2: released lock on worker lease
2024-11-23T14:25:04.160-0800 [DEBUG] [org.gradle.internal.resources.AbstractTrackedResourceLock] Execution worker Thread 6: acquired lock on worker lease
2024-11-23T14:25:04.160-0800 [DEBUG] [org.gradle.internal.resources.AbstractTrackedResourceLock] Execution worker Thread 6: released lock on worker lease
2024-11-23T14:25:04.161-0800 [DEBUG] [org.gradle.internal.operations.DefaultBuildOperationRunner] Build operation 'Snapshot inputs and outputs before executing task ':processTestResources'' started
2024-11-23T14:25:04.161-0800 [DEBUG] [org.gradle.internal.resources.AbstractTrackedResourceLock] Execution worker Thread 8: acquired lock on worker lease
2024-11-23T14:25:04.161-0800 [DEBUG] [org.gradle.internal.resources.AbstractTrackedResourceLock] Execution worker Thread 8: released lock on worker lease
2024-11-23T14:25:04.161-0800 [DEBUG] [org.gradle.internal.resources.AbstractTrackedResourceLock] Execution worker Thread 5: acquired lock on worker lease
2024-11-23T14:25:04.161-0800 [DEBUG] [org.gradle.internal.resources.AbstractTrackedResourceLock] Execution worker Thread 5: released lock on worker lease
2024-11-23T14:25:04.161-0800 [DEBUG] [org.gradle.internal.resources.AbstractTrackedResourceLock] Execution worker Thread 10: acquired lock on worker lease
2024-11-23T14:25:04.162-0800 [DEBUG] [org.gradle.internal.operations.DefaultBuildOperationRunner] Completing Build operation 'Snapshot inputs and outputs before executing task ':processTestResources''
2024-11-23T14:25:04.162-0800 [DEBUG] [org.gradle.internal.resources.AbstractTrackedResourceLock] Execution worker Thread 10: released lock on worker lease
2024-11-23T14:25:04.162-0800 [DEBUG] [org.gradle.internal.resources.AbstractTrackedResourceLock] Execution worker Thread 4: acquired lock on worker lease
2024-11-23T14:25:04.162-0800 [DEBUG] [org.gradle.internal.resources.AbstractTrackedResourceLock] Execution worker Thread 4: released lock on worker lease
2024-11-23T14:25:04.162-0800 [DEBUG] [org.gradle.internal.resources.AbstractTrackedResourceLock] Execution worker Thread 3: acquired lock on worker lease
2024-11-23T14:25:04.162-0800 [DEBUG] [org.gradle.internal.resources.AbstractTrackedResourceLock] Execution worker Thread 3: released lock on worker lease
2024-11-23T14:25:04.163-0800 [DEBUG] [org.gradle.internal.resources.AbstractTrackedResourceLock] Execution worker Thread 15: acquired lock on worker lease
2024-11-23T14:25:04.163-0800 [DEBUG] [org.gradle.internal.resources.AbstractTrackedResourceLock] Execution worker Thread 15: released lock on worker lease
2024-11-23T14:25:04.163-0800 [DEBUG] [org.gradle.internal.resources.AbstractTrackedResourceLock] Execution worker: acquired lock on worker lease
2024-11-23T14:25:04.163-0800 [DEBUG] [org.gradle.internal.operations.DefaultBuildOperationRunner] Completing Build operation 'Snapshot task inputs for :processTestResources'
2024-11-23T14:25:04.163-0800 [DEBUG] [org.gradle.internal.resources.AbstractTrackedResourceLock] Execution worker: released lock on worker lease
2024-11-23T14:25:04.158-0800 [LIFECYCLE] [class org.gradle.internal.buildevents.TaskExecutionLogger] 
2024-11-23T14:25:04.158-0800 [LIFECYCLE] [class org.gradle.internal.buildevents.TaskExecutionLogger] > Task :processTestResources UP-TO-DATE
2024-11-23T14:25:04.158-0800 [DEBUG] [org.gradle.api.internal.tasks.execution.ResolveTaskExecutionModeExecuter] Putting task artifact state for task ':processTestResources' into context took 0.0 secs.
2024-11-23T14:25:04.159-0800 [DEBUG] [org.gradle.internal.operations.DefaultBuildOperationRunner] Build operation 'Identifying work' completed
2024-11-23T14:25:04.161-0800 [DEBUG] [org.gradle.internal.execution.steps.AbstractCaptureStateBeforeExecutionStep] Implementation for task ':processTestResources': org.gradle.language.jvm.tasks.ProcessResources_Decorated@e534f1a0ba3028c73b140f32f8e326db
2024-11-23T14:25:04.161-0800 [DEBUG] [org.gradle.internal.execution.steps.AbstractCaptureStateBeforeExecutionStep] Additional implementations for task ':processTestResources': [org.gradle.language.jvm.tasks.ProcessResources_Decorated@69d719a3fb881f8d789e6fafbd49e2b2]
2024-11-23T14:25:04.162-0800 [DEBUG] [org.gradle.internal.operations.DefaultBuildOperationRunner] Build operation 'Snapshot inputs and outputs before executing task ':processTestResources'' completed
2024-11-23T14:25:04.163-0800 [INFO] [org.gradle.internal.execution.steps.AbstractResolveCachingStateStep] Caching disabled for task ':processTestResources' because:
  Build cache is disabled
  Not worth caching
2024-11-23T14:25:04.163-0800 [DEBUG] [org.gradle.internal.operations.DefaultBuildOperationRunner] Build operation 'Snapshot task inputs for :processTestResources' completed
2024-11-23T14:25:04.163-0800 [DEBUG] [org.gradle.internal.execution.steps.SkipUpToDateStep] Determining if task ':processTestResources' is up-to-date
2024-11-23T14:25:04.164-0800 [INFO] [org.gradle.internal.execution.steps.SkipUpToDateStep] Skipping task ':processTestResources' as it is up-to-date.
2024-11-23T14:25:04.164-0800 [DEBUG] [org.gradle.api.internal.tasks.execution.ResolveTaskExecutionModeExecuter] Removed task artifact state for task ':processTestResources' from context.
2024-11-23T14:25:04.164-0800 [DEBUG] [org.gradle.internal.operations.DefaultBuildOperationRunner] Completing Build operation 'Task :processTestResources'
2024-11-23T14:25:04.164-0800 [DEBUG] [org.gradle.internal.operations.DefaultBuildOperationRunner] Build operation 'Task :processTestResources' completed
2024-11-23T14:25:04.164-0800 [DEBUG] [org.gradle.execution.plan.DefaultFinalizedExecutionPlan] Node :processTestResources completed, executed: true
2024-11-23T14:25:04.164-0800 [DEBUG] [org.gradle.execution.plan.DefaultFinalizedExecutionPlan] Node :processTestResources finished executing
2024-11-23T14:25:04.165-0800 [DEBUG] [org.gradle.internal.resources.AbstractTrackedResourceLock] included builds: released lock on state of build :
2024-11-23T14:25:04.165-0800 [DEBUG] [org.gradle.internal.resources.AbstractTrackedResourceLock] included builds: released lock on task execution for build :
2024-11-23T14:25:04.165-0800 [DEBUG] [org.gradle.internal.resources.AbstractTrackedResourceLock] Execution worker Thread 14: acquired lock on worker lease
2024-11-23T14:25:04.165-0800 [DEBUG] [org.gradle.internal.resources.AbstractTrackedResourceLock] Execution worker Thread 14: acquired lock on state of build :
2024-11-23T14:25:04.165-0800 [DEBUG] [org.gradle.internal.resources.AbstractTrackedResourceLock] Execution worker Thread 14: acquired lock on task execution for build :
2024-11-23T14:25:04.165-0800 [INFO] [org.gradle.execution.plan.DefaultPlanExecutor] Resolve mutations for :testClasses (Thread[#183,Execution worker Thread 14,5,main]) started.
2024-11-23T14:25:04.166-0800 [DEBUG] [org.gradle.internal.resources.AbstractTrackedResourceLock] included builds: released lock on worker lease
2024-11-23T14:25:04.166-0800 [DEBUG] [org.gradle.internal.operations.DefaultBuildOperationRunner] Build operation 'Resolve mutations for task :testClasses' started
2024-11-23T14:25:04.166-0800 [DEBUG] [org.gradle.internal.resources.AbstractTrackedResourceLock] Execution worker: acquired lock on worker lease
2024-11-23T14:25:04.166-0800 [DEBUG] [org.gradle.internal.resources.AbstractTrackedResourceLock] Execution worker: released lock on worker lease
2024-11-23T14:25:04.166-0800 [DEBUG] [org.gradle.internal.operations.DefaultBuildOperationRunner] Completing Build operation 'Resolve mutations for task :testClasses'
2024-11-23T14:25:04.166-0800 [DEBUG] [org.gradle.internal.operations.DefaultBuildOperationRunner] Build operation 'Resolve mutations for task :testClasses' completed
2024-11-23T14:25:04.166-0800 [DEBUG] [org.gradle.internal.resources.AbstractTrackedResourceLock] Execution worker Thread 15: acquired lock on worker lease
2024-11-23T14:25:04.166-0800 [DEBUG] [org.gradle.internal.resources.AbstractTrackedResourceLock] Execution worker Thread 15: released lock on worker lease
2024-11-23T14:25:04.167-0800 [DEBUG] [org.gradle.internal.resources.AbstractTrackedResourceLock] Execution worker Thread 3: acquired lock on worker lease
2024-11-23T14:25:04.167-0800 [DEBUG] [org.gradle.internal.resources.AbstractTrackedResourceLock] Execution worker Thread 3: released lock on worker lease
2024-11-23T14:25:04.167-0800 [DEBUG] [org.gradle.internal.resources.AbstractTrackedResourceLock] Execution worker Thread 4: acquired lock on worker lease
2024-11-23T14:25:04.167-0800 [DEBUG] [org.gradle.internal.resources.AbstractTrackedResourceLock] Execution worker Thread 4: released lock on worker lease
2024-11-23T14:25:04.167-0800 [DEBUG] [org.gradle.internal.resources.AbstractTrackedResourceLock] Execution worker Thread 10: acquired lock on worker lease
2024-11-23T14:25:04.167-0800 [DEBUG] [org.gradle.internal.resources.AbstractTrackedResourceLock] Execution worker Thread 10: released lock on worker lease
2024-11-23T14:25:04.167-0800 [DEBUG] [org.gradle.internal.resources.AbstractTrackedResourceLock] Execution worker Thread 5: acquired lock on worker lease
2024-11-23T14:25:04.167-0800 [DEBUG] [org.gradle.internal.resources.AbstractTrackedResourceLock] Execution worker Thread 5: released lock on worker lease
2024-11-23T14:25:04.168-0800 [DEBUG] [org.gradle.internal.resources.AbstractTrackedResourceLock] Execution worker Thread 8: acquired lock on worker lease
2024-11-23T14:25:04.168-0800 [DEBUG] [org.gradle.internal.resources.AbstractTrackedResourceLock] Execution worker Thread 8: released lock on worker lease
2024-11-23T14:25:04.168-0800 [DEBUG] [org.gradle.internal.resources.AbstractTrackedResourceLock] Execution worker Thread 6: acquired lock on worker lease
2024-11-23T14:25:04.168-0800 [DEBUG] [org.gradle.internal.resources.AbstractTrackedResourceLock] Execution worker Thread 6: released lock on worker lease
2024-11-23T14:25:04.168-0800 [DEBUG] [org.gradle.internal.resources.AbstractTrackedResourceLock] Execution worker Thread 2: acquired lock on worker lease
2024-11-23T14:25:04.168-0800 [DEBUG] [org.gradle.internal.resources.AbstractTrackedResourceLock] Execution worker Thread 2: released lock on worker lease
2024-11-23T14:25:04.168-0800 [DEBUG] [org.gradle.internal.resources.AbstractTrackedResourceLock] Execution worker Thread 7: acquired lock on worker lease
2024-11-23T14:25:04.168-0800 [DEBUG] [org.gradle.internal.resources.AbstractTrackedResourceLock] Execution worker Thread 7: released lock on worker lease
2024-11-23T14:25:04.169-0800 [DEBUG] [org.gradle.internal.resources.AbstractTrackedResourceLock] Execution worker Thread 9: acquired lock on worker lease
2024-11-23T14:25:04.169-0800 [DEBUG] [org.gradle.internal.resources.AbstractTrackedResourceLock] Execution worker Thread 9: released lock on worker lease
2024-11-23T14:25:04.169-0800 [DEBUG] [org.gradle.internal.resources.AbstractTrackedResourceLock] Execution worker Thread 11: acquired lock on worker lease
2024-11-23T14:25:04.169-0800 [DEBUG] [org.gradle.internal.resources.AbstractTrackedResourceLock] Execution worker Thread 11: released lock on worker lease
2024-11-23T14:25:04.169-0800 [DEBUG] [org.gradle.internal.resources.AbstractTrackedResourceLock] Execution worker Thread 12: acquired lock on worker lease
2024-11-23T14:25:04.169-0800 [DEBUG] [org.gradle.internal.resources.AbstractTrackedResourceLock] Execution worker Thread 12: released lock on worker lease
2024-11-23T14:25:04.169-0800 [DEBUG] [org.gradle.internal.resources.AbstractTrackedResourceLock] Execution worker Thread 13: acquired lock on worker lease
2024-11-23T14:25:04.170-0800 [DEBUG] [org.gradle.internal.resources.AbstractTrackedResourceLock] Execution worker Thread 13: released lock on worker lease
2024-11-23T14:25:04.170-0800 [DEBUG] [org.gradle.execution.plan.DefaultFinalizedExecutionPlan] Node Resolve mutations for :testClasses completed, executed: true
2024-11-23T14:25:04.170-0800 [DEBUG] [org.gradle.execution.plan.DefaultFinalizedExecutionPlan] Node Resolve mutations for :testClasses finished executing
2024-11-23T14:25:04.170-0800 [DEBUG] [org.gradle.internal.resources.AbstractTrackedResourceLock] Execution worker Thread 14: released lock on state of build :
2024-11-23T14:25:04.170-0800 [DEBUG] [org.gradle.internal.resources.AbstractTrackedResourceLock] Execution worker Thread 14: released lock on task execution for build :
2024-11-23T14:25:04.170-0800 [DEBUG] [org.gradle.internal.resources.AbstractTrackedResourceLock] included builds: acquired lock on worker lease
2024-11-23T14:25:04.170-0800 [DEBUG] [org.gradle.internal.resources.AbstractTrackedResourceLock] included builds: acquired lock on state of build :
2024-11-23T14:25:04.171-0800 [DEBUG] [org.gradle.internal.resources.AbstractTrackedResourceLock] included builds: acquired lock on task execution for build :
2024-11-23T14:25:04.171-0800 [INFO] [org.gradle.execution.plan.DefaultPlanExecutor] :testClasses (Thread[#169,included builds,5,main]) started.
2024-11-23T14:25:04.171-0800 [DEBUG] [org.gradle.internal.resources.AbstractTrackedResourceLock] Execution worker Thread 14: released lock on worker lease
2024-11-23T14:25:04.171-0800 [DEBUG] [org.gradle.internal.operations.DefaultBuildOperationRunner] Build operation 'Task :testClasses' started
2024-11-23T14:25:04.171-0800 [DEBUG] [org.gradle.internal.resources.AbstractTrackedResourceLock] Execution worker Thread 13: acquired lock on worker lease
2024-11-23T14:25:04.171-0800 [DEBUG] [org.gradle.internal.resources.AbstractTrackedResourceLock] Execution worker Thread 13: released lock on worker lease
2024-11-23T14:25:04.171-0800 [DEBUG] [org.gradle.internal.resources.AbstractTrackedResourceLock] Execution worker Thread 12: acquired lock on worker lease
2024-11-23T14:25:04.171-0800 [LIFECYCLE] [class org.gradle.internal.buildevents.TaskExecutionLogger] 
2024-11-23T14:25:04.171-0800 [LIFECYCLE] [class org.gradle.internal.buildevents.TaskExecutionLogger] > Task :testClasses UP-TO-DATE
2024-11-23T14:25:04.171-0800 [INFO] [org.gradle.api.internal.tasks.execution.SkipTaskWithNoActionsExecuter] Skipping task ':testClasses' as it has no actions.
2024-11-23T14:25:04.171-0800 [DEBUG] [org.gradle.internal.resources.AbstractTrackedResourceLock] Execution worker Thread 12: released lock on worker lease
2024-11-23T14:25:04.172-0800 [DEBUG] [org.gradle.internal.operations.DefaultBuildOperationRunner] Completing Build operation 'Task :testClasses'
2024-11-23T14:25:04.172-0800 [DEBUG] [org.gradle.internal.operations.DefaultBuildOperationRunner] Build operation 'Task :testClasses' completed
2024-11-23T14:25:04.172-0800 [DEBUG] [org.gradle.internal.resources.AbstractTrackedResourceLock] Execution worker Thread 11: acquired lock on worker lease
2024-11-23T14:25:04.172-0800 [DEBUG] [org.gradle.internal.resources.AbstractTrackedResourceLock] Execution worker Thread 11: released lock on worker lease
2024-11-23T14:25:04.172-0800 [DEBUG] [org.gradle.internal.resources.AbstractTrackedResourceLock] Execution worker Thread 9: acquired lock on worker lease
2024-11-23T14:25:04.172-0800 [DEBUG] [org.gradle.internal.resources.AbstractTrackedResourceLock] Execution worker Thread 9: released lock on worker lease
2024-11-23T14:25:04.172-0800 [DEBUG] [org.gradle.internal.resources.AbstractTrackedResourceLock] Execution worker Thread 7: acquired lock on worker lease
2024-11-23T14:25:04.172-0800 [DEBUG] [org.gradle.internal.resources.AbstractTrackedResourceLock] Execution worker Thread 7: released lock on worker lease
2024-11-23T14:25:04.172-0800 [DEBUG] [org.gradle.internal.resources.AbstractTrackedResourceLock] Execution worker Thread 2: acquired lock on worker lease
2024-11-23T14:25:04.173-0800 [DEBUG] [org.gradle.internal.resources.AbstractTrackedResourceLock] Execution worker Thread 2: released lock on worker lease
2024-11-23T14:25:04.173-0800 [DEBUG] [org.gradle.internal.resources.AbstractTrackedResourceLock] Execution worker Thread 6: acquired lock on worker lease
2024-11-23T14:25:04.173-0800 [DEBUG] [org.gradle.internal.resources.AbstractTrackedResourceLock] Execution worker Thread 6: released lock on worker lease
2024-11-23T14:25:04.173-0800 [DEBUG] [org.gradle.internal.resources.AbstractTrackedResourceLock] Execution worker Thread 8: acquired lock on worker lease
2024-11-23T14:25:04.173-0800 [DEBUG] [org.gradle.internal.resources.AbstractTrackedResourceLock] Execution worker Thread 8: released lock on worker lease
2024-11-23T14:25:04.173-0800 [DEBUG] [org.gradle.internal.resources.AbstractTrackedResourceLock] Execution worker Thread 5: acquired lock on worker lease
2024-11-23T14:25:04.173-0800 [DEBUG] [org.gradle.internal.resources.AbstractTrackedResourceLock] Execution worker Thread 5: released lock on worker lease
2024-11-23T14:25:04.173-0800 [DEBUG] [org.gradle.internal.resources.AbstractTrackedResourceLock] Execution worker Thread 10: acquired lock on worker lease
2024-11-23T14:25:04.173-0800 [DEBUG] [org.gradle.internal.resources.AbstractTrackedResourceLock] Execution worker Thread 10: released lock on worker lease
2024-11-23T14:25:04.173-0800 [DEBUG] [org.gradle.internal.resources.AbstractTrackedResourceLock] Execution worker Thread 4: acquired lock on worker lease
2024-11-23T14:25:04.173-0800 [DEBUG] [org.gradle.internal.resources.AbstractTrackedResourceLock] Execution worker Thread 4: released lock on worker lease
2024-11-23T14:25:04.174-0800 [DEBUG] [org.gradle.internal.resources.AbstractTrackedResourceLock] Execution worker Thread 3: acquired lock on worker lease
2024-11-23T14:25:04.174-0800 [DEBUG] [org.gradle.internal.resources.AbstractTrackedResourceLock] Execution worker Thread 3: released lock on worker lease
2024-11-23T14:25:04.174-0800 [DEBUG] [org.gradle.internal.resources.AbstractTrackedResourceLock] Execution worker Thread 15: acquired lock on worker lease
2024-11-23T14:25:04.174-0800 [DEBUG] [org.gradle.internal.resources.AbstractTrackedResourceLock] Execution worker Thread 15: released lock on worker lease
2024-11-23T14:25:04.174-0800 [DEBUG] [org.gradle.internal.resources.AbstractTrackedResourceLock] Execution worker: acquired lock on worker lease
2024-11-23T14:25:04.174-0800 [DEBUG] [org.gradle.internal.resources.AbstractTrackedResourceLock] Execution worker: released lock on worker lease
2024-11-23T14:25:04.174-0800 [DEBUG] [org.gradle.execution.plan.DefaultFinalizedExecutionPlan] Node :testClasses completed, executed: true
2024-11-23T14:25:04.174-0800 [DEBUG] [org.gradle.execution.plan.DefaultFinalizedExecutionPlan] Node :testClasses finished executing
2024-11-23T14:25:04.174-0800 [DEBUG] [org.gradle.internal.resources.AbstractTrackedResourceLock] included builds: released lock on state of build :
2024-11-23T14:25:04.175-0800 [DEBUG] [org.gradle.internal.resources.AbstractTrackedResourceLock] included builds: released lock on task execution for build :
2024-11-23T14:25:04.175-0800 [DEBUG] [org.gradle.internal.resources.AbstractTrackedResourceLock] Execution worker Thread 14: acquired lock on worker lease
2024-11-23T14:25:04.175-0800 [DEBUG] [org.gradle.internal.resources.AbstractTrackedResourceLock] Execution worker Thread 14: acquired lock on state of build :
2024-11-23T14:25:04.175-0800 [DEBUG] [org.gradle.internal.resources.AbstractTrackedResourceLock] Execution worker Thread 14: acquired lock on task execution for build :
2024-11-23T14:25:04.175-0800 [DEBUG] [org.gradle.internal.resources.AbstractTrackedResourceLock] included builds: released lock on worker lease
2024-11-23T14:25:04.175-0800 [INFO] [org.gradle.execution.plan.DefaultPlanExecutor] Resolve mutations for :test (Thread[#183,Execution worker Thread 14,5,main]) started.
2024-11-23T14:25:04.175-0800 [DEBUG] [org.gradle.internal.resources.AbstractTrackedResourceLock] Execution worker: acquired lock on worker lease
2024-11-23T14:25:04.175-0800 [DEBUG] [org.gradle.internal.operations.DefaultBuildOperationRunner] Build operation 'Resolve mutations for task :test' started
2024-11-23T14:25:04.176-0800 [DEBUG] [org.gradle.internal.resources.AbstractTrackedResourceLock] Execution worker: released lock on worker lease
2024-11-23T14:25:04.176-0800 [DEBUG] [org.gradle.internal.resources.AbstractTrackedResourceLock] Execution worker Thread 15: acquired lock on worker lease
2024-11-23T14:25:04.176-0800 [DEBUG] [org.gradle.internal.resources.AbstractTrackedResourceLock] Execution worker Thread 15: released lock on worker lease
2024-11-23T14:25:04.176-0800 [DEBUG] [org.gradle.internal.resources.AbstractTrackedResourceLock] Execution worker Thread 3: acquired lock on worker lease
2024-11-23T14:25:04.176-0800 [DEBUG] [org.gradle.internal.resources.AbstractTrackedResourceLock] Execution worker Thread 3: released lock on worker lease
2024-11-23T14:25:04.176-0800 [DEBUG] [org.gradle.internal.resources.AbstractTrackedResourceLock] Execution worker Thread 4: acquired lock on worker lease
2024-11-23T14:25:04.177-0800 [DEBUG] [org.gradle.internal.resources.AbstractTrackedResourceLock] Execution worker Thread 4: released lock on worker lease
2024-11-23T14:25:04.177-0800 [DEBUG] [org.gradle.internal.resources.AbstractTrackedResourceLock] Execution worker Thread 10: acquired lock on worker lease
2024-11-23T14:25:04.177-0800 [DEBUG] [org.gradle.internal.resources.AbstractTrackedResourceLock] Execution worker Thread 10: released lock on worker lease
2024-11-23T14:25:04.177-0800 [DEBUG] [org.gradle.internal.resources.AbstractTrackedResourceLock] Execution worker Thread 5: acquired lock on worker lease
2024-11-23T14:25:04.177-0800 [DEBUG] [org.gradle.internal.resources.AbstractTrackedResourceLock] Execution worker Thread 5: released lock on worker lease
2024-11-23T14:25:04.177-0800 [DEBUG] [org.gradle.internal.resources.AbstractTrackedResourceLock] Execution worker Thread 8: acquired lock on worker lease
2024-11-23T14:25:04.177-0800 [DEBUG] [org.gradle.internal.resources.AbstractTrackedResourceLock] Execution worker Thread 8: released lock on worker lease
2024-11-23T14:25:04.177-0800 [DEBUG] [org.gradle.internal.operations.DefaultBuildOperationRunner] Completing Build operation 'Resolve mutations for task :test'
2024-11-23T14:25:04.177-0800 [DEBUG] [org.gradle.internal.resources.AbstractTrackedResourceLock] Execution worker Thread 6: acquired lock on worker lease
2024-11-23T14:25:04.178-0800 [DEBUG] [org.gradle.internal.operations.DefaultBuildOperationRunner] Build operation 'Resolve mutations for task :test' completed
2024-11-23T14:25:04.178-0800 [DEBUG] [org.gradle.internal.resources.AbstractTrackedResourceLock] Execution worker Thread 6: released lock on worker lease
2024-11-23T14:25:04.178-0800 [DEBUG] [org.gradle.internal.resources.AbstractTrackedResourceLock] Execution worker Thread 2: acquired lock on worker lease
2024-11-23T14:25:04.178-0800 [DEBUG] [org.gradle.internal.resources.AbstractTrackedResourceLock] Execution worker Thread 2: released lock on worker lease
2024-11-23T14:25:04.178-0800 [DEBUG] [org.gradle.internal.resources.AbstractTrackedResourceLock] Execution worker Thread 7: acquired lock on worker lease
2024-11-23T14:25:04.178-0800 [DEBUG] [org.gradle.internal.resources.AbstractTrackedResourceLock] Execution worker Thread 7: released lock on worker lease
2024-11-23T14:25:04.179-0800 [DEBUG] [org.gradle.internal.resources.AbstractTrackedResourceLock] Execution worker Thread 9: acquired lock on worker lease
2024-11-23T14:25:04.179-0800 [DEBUG] [org.gradle.internal.resources.AbstractTrackedResourceLock] Execution worker Thread 9: released lock on worker lease
2024-11-23T14:25:04.179-0800 [DEBUG] [org.gradle.internal.resources.AbstractTrackedResourceLock] Execution worker Thread 11: acquired lock on worker lease
2024-11-23T14:25:04.179-0800 [DEBUG] [org.gradle.internal.resources.AbstractTrackedResourceLock] Execution worker Thread 11: released lock on worker lease
2024-11-23T14:25:04.179-0800 [DEBUG] [org.gradle.internal.resources.AbstractTrackedResourceLock] Execution worker Thread 12: acquired lock on worker lease
2024-11-23T14:25:04.179-0800 [DEBUG] [org.gradle.internal.resources.AbstractTrackedResourceLock] Execution worker Thread 12: released lock on worker lease
2024-11-23T14:25:04.179-0800 [DEBUG] [org.gradle.internal.resources.AbstractTrackedResourceLock] Execution worker Thread 13: acquired lock on worker lease
2024-11-23T14:25:04.179-0800 [DEBUG] [org.gradle.internal.resources.AbstractTrackedResourceLock] Execution worker Thread 13: released lock on worker lease
2024-11-23T14:25:04.179-0800 [DEBUG] [org.gradle.execution.plan.DefaultFinalizedExecutionPlan] Node Resolve mutations for :test completed, executed: true
2024-11-23T14:25:04.180-0800 [DEBUG] [org.gradle.execution.plan.DefaultFinalizedExecutionPlan] Node Resolve mutations for :test finished executing
2024-11-23T14:25:04.180-0800 [DEBUG] [org.gradle.internal.resources.AbstractTrackedResourceLock] Execution worker Thread 14: released lock on state of build :
2024-11-23T14:25:04.180-0800 [DEBUG] [org.gradle.internal.resources.AbstractTrackedResourceLock] Execution worker Thread 14: released lock on task execution for build :
2024-11-23T14:25:04.180-0800 [DEBUG] [org.gradle.internal.resources.AbstractTrackedResourceLock] included builds: acquired lock on worker lease
2024-11-23T14:25:04.180-0800 [DEBUG] [org.gradle.internal.resources.AbstractTrackedResourceLock] included builds: acquired lock on state of build :
2024-11-23T14:25:04.180-0800 [DEBUG] [org.gradle.internal.resources.AbstractTrackedResourceLock] included builds: acquired lock on task execution for build :
2024-11-23T14:25:04.181-0800 [INFO] [org.gradle.execution.plan.DefaultPlanExecutor] :test (Thread[#169,included builds,5,main]) started.
2024-11-23T14:25:04.181-0800 [DEBUG] [org.gradle.internal.resources.AbstractTrackedResourceLock] Execution worker Thread 14: released lock on worker lease
2024-11-23T14:25:04.181-0800 [DEBUG] [org.gradle.internal.operations.DefaultBuildOperationRunner] Build operation 'Task :test' started
2024-11-23T14:25:04.181-0800 [DEBUG] [org.gradle.internal.resources.AbstractTrackedResourceLock] Execution worker Thread 13: acquired lock on worker lease
2024-11-23T14:25:04.181-0800 [DEBUG] [org.gradle.internal.resources.AbstractTrackedResourceLock] Execution worker Thread 13: released lock on worker lease
2024-11-23T14:25:04.181-0800 [DEBUG] [org.gradle.internal.resources.AbstractTrackedResourceLock] Execution worker Thread 12: acquired lock on worker lease
2024-11-23T14:25:04.182-0800 [DEBUG] [org.gradle.internal.resources.AbstractTrackedResourceLock] Execution worker Thread 12: released lock on worker lease
2024-11-23T14:25:04.182-0800 [DEBUG] [org.gradle.internal.operations.DefaultBuildOperationRunner] Build operation 'Identifying work' started
2024-11-23T14:25:04.182-0800 [DEBUG] [org.gradle.internal.resources.AbstractTrackedResourceLock] Execution worker Thread 11: acquired lock on worker lease
2024-11-23T14:25:04.182-0800 [DEBUG] [org.gradle.internal.operations.DefaultBuildOperationRunner] Completing Build operation 'Identifying work'
2024-11-23T14:25:04.182-0800 [DEBUG] [org.gradle.internal.resources.AbstractTrackedResourceLock] Execution worker Thread 11: released lock on worker lease
2024-11-23T14:25:04.182-0800 [DEBUG] [org.gradle.internal.operations.DefaultBuildOperationRunner] Build operation 'Snapshot task inputs for :test' started
2024-11-23T14:25:04.182-0800 [DEBUG] [org.gradle.internal.resources.AbstractTrackedResourceLock] Execution worker Thread 9: acquired lock on worker lease
2024-11-23T14:25:04.182-0800 [DEBUG] [org.gradle.internal.resources.AbstractTrackedResourceLock] Execution worker Thread 9: released lock on worker lease
2024-11-23T14:25:04.183-0800 [DEBUG] [org.gradle.internal.resources.AbstractTrackedResourceLock] Execution worker Thread 7: acquired lock on worker lease
2024-11-23T14:25:04.183-0800 [DEBUG] [org.gradle.internal.operations.DefaultBuildOperationRunner] Build operation 'Snapshot inputs and outputs before executing task ':test'' started
2024-11-23T14:25:04.183-0800 [DEBUG] [org.gradle.internal.resources.AbstractTrackedResourceLock] Execution worker Thread 7: released lock on worker lease
2024-11-23T14:25:04.183-0800 [DEBUG] [org.gradle.internal.resources.AbstractTrackedResourceLock] Execution worker Thread 2: acquired lock on worker lease
2024-11-23T14:25:04.183-0800 [DEBUG] [org.gradle.internal.resources.AbstractTrackedResourceLock] Execution worker Thread 2: released lock on worker lease
2024-11-23T14:25:04.183-0800 [DEBUG] [org.gradle.internal.resources.AbstractTrackedResourceLock] Execution worker Thread 6: acquired lock on worker lease
2024-11-23T14:25:04.183-0800 [DEBUG] [org.gradle.internal.resources.AbstractTrackedResourceLock] Execution worker Thread 6: released lock on worker lease
2024-11-23T14:25:04.183-0800 [DEBUG] [org.gradle.internal.resources.AbstractTrackedResourceLock] Execution worker Thread 8: acquired lock on worker lease
2024-11-23T14:25:04.184-0800 [DEBUG] [org.gradle.internal.resources.AbstractTrackedResourceLock] Execution worker Thread 8: released lock on worker lease
2024-11-23T14:25:04.184-0800 [DEBUG] [org.gradle.internal.resources.AbstractTrackedResourceLock] Execution worker Thread 5: acquired lock on worker lease
2024-11-23T14:25:04.184-0800 [DEBUG] [org.gradle.internal.resources.AbstractTrackedResourceLock] Execution worker Thread 5: released lock on worker lease
2024-11-23T14:25:04.184-0800 [DEBUG] [org.gradle.internal.resources.AbstractTrackedResourceLock] Execution worker Thread 10: acquired lock on worker lease
2024-11-23T14:25:04.184-0800 [DEBUG] [org.gradle.internal.resources.AbstractTrackedResourceLock] Execution worker Thread 10: released lock on worker lease
2024-11-23T14:25:04.184-0800 [DEBUG] [org.gradle.internal.resources.AbstractTrackedResourceLock] Execution worker Thread 4: acquired lock on worker lease
2024-11-23T14:25:04.184-0800 [DEBUG] [org.gradle.internal.resources.AbstractTrackedResourceLock] Execution worker Thread 4: released lock on worker lease
2024-11-23T14:25:04.185-0800 [DEBUG] [org.gradle.internal.resources.AbstractTrackedResourceLock] Execution worker Thread 3: acquired lock on worker lease
2024-11-23T14:25:04.185-0800 [DEBUG] [org.gradle.internal.resources.AbstractTrackedResourceLock] Execution worker Thread 3: released lock on worker lease
2024-11-23T14:25:04.185-0800 [DEBUG] [org.gradle.internal.resources.AbstractTrackedResourceLock] Execution worker Thread 15: acquired lock on worker lease
2024-11-23T14:25:04.185-0800 [DEBUG] [org.gradle.internal.operations.DefaultBuildOperationRunner] Build operation 'Resolve dependencies of :testRuntimeClasspath' started
2024-11-23T14:25:04.185-0800 [DEBUG] [org.gradle.internal.resources.AbstractTrackedResourceLock] Execution worker Thread 15: released lock on worker lease
2024-11-23T14:25:04.185-0800 [DEBUG] [org.gradle.internal.resources.AbstractTrackedResourceLock] Execution worker: acquired lock on worker lease
2024-11-23T14:25:04.185-0800 [DEBUG] [org.gradle.internal.resources.AbstractTrackedResourceLock] Execution worker: released lock on worker lease
2024-11-23T14:25:04.238-0800 [DEBUG] [org.gradle.internal.operations.DefaultBuildOperationRunner] Completing Build operation 'Resolve dependencies of :testRuntimeClasspath'
2024-11-23T14:25:04.244-0800 [DEBUG] [org.gradle.internal.operations.DefaultBuildOperationRunner] Build operation 'Resolve files of configuration ':testRuntimeClasspath'' started
2024-11-23T14:25:04.245-0800 [DEBUG] [org.gradle.internal.resources.AbstractTrackedResourceLock] Unconstrained build operations Thread 21: acquired lock on worker lease
2024-11-23T14:25:04.245-0800 [DEBUG] [org.gradle.internal.operations.DefaultBuildOperationRunner] Build operation 'Resolve junit-jupiter-engine-5.11.3.jar (org.junit.jupiter:junit-jupiter-engine:5.11.3)' started
2024-11-23T14:25:04.245-0800 [DEBUG] [org.gradle.internal.resources.AbstractTrackedResourceLock] Unconstrained build operations Thread 22: acquired lock on worker lease
2024-11-23T14:25:04.246-0800 [DEBUG] [org.gradle.internal.operations.DefaultBuildOperationRunner] Build operation 'Resolve junit-platform-engine-1.11.3.jar (org.junit.platform:junit-platform-engine:1.11.3)' started
2024-11-23T14:25:04.246-0800 [DEBUG] [org.gradle.internal.operations.DefaultBuildOperationRunner] Build operation 'Resolve slf4j-simple-2.0.7.jar (org.slf4j:slf4j-simple:2.0.7)' started
2024-11-23T14:25:04.246-0800 [DEBUG] [org.gradle.internal.resources.AbstractTrackedResourceLock] Unconstrained build operations Thread 23: acquired lock on worker lease
2024-11-23T14:25:04.246-0800 [DEBUG] [org.gradle.internal.operations.DefaultBuildOperationRunner] Completing Build operation 'Resolve junit-jupiter-engine-5.11.3.jar (org.junit.jupiter:junit-jupiter-engine:5.11.3)'
2024-11-23T14:25:04.247-0800 [DEBUG] [org.gradle.internal.operations.DefaultBuildOperationRunner] Build operation 'Resolve junit-jupiter-engine-5.11.3.jar (org.junit.jupiter:junit-jupiter-engine:5.11.3)' completed
2024-11-23T14:25:04.246-0800 [DEBUG] [org.gradle.internal.operations.DefaultBuildOperationRunner] Completing Build operation 'Resolve junit-platform-engine-1.11.3.jar (org.junit.platform:junit-platform-engine:1.11.3)'
2024-11-23T14:25:04.247-0800 [DEBUG] [org.gradle.internal.operations.DefaultBuildOperationRunner] Build operation 'Resolve junit-platform-engine-1.11.3.jar (org.junit.platform:junit-platform-engine:1.11.3)' completed
2024-11-23T14:25:04.246-0800 [DEBUG] [org.gradle.internal.operations.DefaultBuildOperationRunner] Build operation 'Resolve fastutil-8.5.12.jar (it.unimi.dsi:fastutil:8.5.12)' started
2024-11-23T14:25:04.246-0800 [DEBUG] [org.gradle.internal.resources.AbstractTrackedResourceLock] Unconstrained build operations Thread 24: acquired lock on worker lease
2024-11-23T14:25:04.247-0800 [DEBUG] [org.gradle.internal.resources.AbstractTrackedResourceLock] Unconstrained build operations Thread 22: released lock on worker lease
2024-11-23T14:25:04.247-0800 [DEBUG] [org.gradle.internal.operations.DefaultBuildOperationRunner] Build operation 'Resolve slf4j-api-2.0.7.jar (org.slf4j:slf4j-api:2.0.7)' started
2024-11-23T14:25:04.247-0800 [DEBUG] [org.gradle.internal.resources.AbstractTrackedResourceLock] Unconstrained build operations Thread 21: released lock on worker lease
2024-11-23T14:25:04.247-0800 [DEBUG] [org.gradle.internal.operations.DefaultBuildOperationRunner] Completing Build operation 'Resolve slf4j-simple-2.0.7.jar (org.slf4j:slf4j-simple:2.0.7)'
2024-11-23T14:25:04.248-0800 [DEBUG] [org.gradle.internal.resources.AbstractTrackedResourceLock] Execution worker: acquired lock on worker lease
2024-11-23T14:25:04.248-0800 [DEBUG] [org.gradle.internal.operations.DefaultBuildOperationRunner] Completing Build operation 'Resolve slf4j-api-2.0.7.jar (org.slf4j:slf4j-api:2.0.7)'
2024-11-23T14:25:04.248-0800 [DEBUG] [org.gradle.internal.operations.DefaultBuildOperationRunner] Completing Build operation 'Resolve fastutil-8.5.12.jar (it.unimi.dsi:fastutil:8.5.12)'
2024-11-23T14:25:04.248-0800 [DEBUG] [org.gradle.internal.operations.DefaultBuildOperationRunner] Build operation 'Resolve slf4j-api-2.0.7.jar (org.slf4j:slf4j-api:2.0.7)' completed
2024-11-23T14:25:04.248-0800 [DEBUG] [org.gradle.internal.resources.AbstractTrackedResourceLock] Execution worker: released lock on worker lease
2024-11-23T14:25:04.249-0800 [DEBUG] [org.gradle.internal.operations.DefaultBuildOperationRunner] Build operation 'Resolve fastutil-8.5.12.jar (it.unimi.dsi:fastutil:8.5.12)' completed
2024-11-23T14:25:04.249-0800 [DEBUG] [org.gradle.internal.resources.AbstractTrackedResourceLock] Execution worker Thread 15: acquired lock on worker lease
2024-11-23T14:25:04.249-0800 [DEBUG] [org.gradle.internal.resources.AbstractTrackedResourceLock] Execution worker Thread 15: released lock on worker lease
2024-11-23T14:25:04.249-0800 [DEBUG] [org.gradle.internal.resources.AbstractTrackedResourceLock] Execution worker Thread 3: acquired lock on worker lease
2024-11-23T14:25:04.249-0800 [DEBUG] [org.gradle.internal.resources.AbstractTrackedResourceLock] Execution worker Thread 3: released lock on worker lease
2024-11-23T14:25:04.249-0800 [DEBUG] [org.gradle.internal.resources.AbstractTrackedResourceLock] Execution worker Thread 4: acquired lock on worker lease
2024-11-23T14:25:04.250-0800 [DEBUG] [org.gradle.internal.resources.AbstractTrackedResourceLock] Execution worker Thread 4: released lock on worker lease
2024-11-23T14:25:04.250-0800 [DEBUG] [org.gradle.internal.resources.AbstractTrackedResourceLock] Execution worker Thread 10: acquired lock on worker lease
2024-11-23T14:25:04.250-0800 [DEBUG] [org.gradle.internal.resources.AbstractTrackedResourceLock] Execution worker Thread 10: released lock on worker lease
2024-11-23T14:25:04.250-0800 [DEBUG] [org.gradle.internal.resources.AbstractTrackedResourceLock] Execution worker Thread 5: acquired lock on worker lease
2024-11-23T14:25:04.250-0800 [DEBUG] [org.gradle.internal.resources.AbstractTrackedResourceLock] Execution worker Thread 5: released lock on worker lease
2024-11-23T14:25:04.250-0800 [DEBUG] [org.gradle.internal.resources.AbstractTrackedResourceLock] Execution worker Thread 8: acquired lock on worker lease
2024-11-23T14:25:04.250-0800 [DEBUG] [org.gradle.internal.resources.AbstractTrackedResourceLock] Execution worker Thread 8: released lock on worker lease
2024-11-23T14:25:04.251-0800 [DEBUG] [org.gradle.internal.resources.AbstractTrackedResourceLock] Execution worker Thread 6: acquired lock on worker lease
2024-11-23T14:25:04.251-0800 [DEBUG] [org.gradle.internal.resources.AbstractTrackedResourceLock] Execution worker Thread 6: released lock on worker lease
2024-11-23T14:25:04.251-0800 [DEBUG] [org.gradle.internal.resources.AbstractTrackedResourceLock] Execution worker Thread 2: acquired lock on worker lease
2024-11-23T14:25:04.251-0800 [DEBUG] [org.gradle.internal.resources.AbstractTrackedResourceLock] Execution worker Thread 2: released lock on worker lease
2024-11-23T14:25:04.251-0800 [DEBUG] [org.gradle.internal.resources.AbstractTrackedResourceLock] Execution worker Thread 7: acquired lock on worker lease
2024-11-23T14:25:04.251-0800 [DEBUG] [org.gradle.internal.resources.AbstractTrackedResourceLock] Execution worker Thread 7: released lock on worker lease
2024-11-23T14:25:04.251-0800 [DEBUG] [org.gradle.internal.resources.AbstractTrackedResourceLock] Execution worker Thread 9: acquired lock on worker lease
2024-11-23T14:25:04.252-0800 [DEBUG] [org.gradle.internal.resources.AbstractTrackedResourceLock] Execution worker Thread 9: released lock on worker lease
2024-11-23T14:25:04.252-0800 [DEBUG] [org.gradle.internal.resources.AbstractTrackedResourceLock] Execution worker Thread 11: acquired lock on worker lease
2024-11-23T14:25:04.252-0800 [DEBUG] [org.gradle.internal.resources.AbstractTrackedResourceLock] Execution worker Thread 11: released lock on worker lease
2024-11-23T14:25:04.252-0800 [DEBUG] [org.gradle.internal.resources.AbstractTrackedResourceLock] Execution worker Thread 12: acquired lock on worker lease
2024-11-23T14:25:04.252-0800 [DEBUG] [org.gradle.internal.resources.AbstractTrackedResourceLock] Execution worker Thread 12: released lock on worker lease
2024-11-23T14:25:04.252-0800 [DEBUG] [org.gradle.internal.resources.AbstractTrackedResourceLock] Execution worker Thread 13: acquired lock on worker lease
2024-11-23T14:25:04.252-0800 [DEBUG] [org.gradle.internal.resources.AbstractTrackedResourceLock] Execution worker Thread 13: released lock on worker lease
2024-11-23T14:25:04.252-0800 [DEBUG] [org.gradle.internal.resources.AbstractTrackedResourceLock] Execution worker Thread 14: acquired lock on worker lease
2024-11-23T14:25:04.253-0800 [DEBUG] [org.gradle.internal.resources.AbstractTrackedResourceLock] Execution worker Thread 14: released lock on worker lease
2024-11-23T14:25:04.253-0800 [DEBUG] [org.gradle.internal.resources.AbstractTrackedResourceLock] Unconstrained build operations Thread 23: released lock on worker lease
2024-11-23T14:25:04.253-0800 [DEBUG] [org.gradle.internal.resources.AbstractTrackedResourceLock] Unconstrained build operations Thread 24: released lock on worker lease
2024-11-23T14:25:04.253-0800 [DEBUG] [org.gradle.internal.resources.AbstractTrackedResourceLock] Execution worker Thread 14: acquired lock on worker lease
2024-11-23T14:25:04.253-0800 [DEBUG] [org.gradle.internal.resources.AbstractTrackedResourceLock] Execution worker Thread 14: released lock on worker lease
2024-11-23T14:25:04.254-0800 [DEBUG] [org.gradle.internal.resources.AbstractTrackedResourceLock] Execution worker Thread 13: acquired lock on worker lease
2024-11-23T14:25:04.254-0800 [DEBUG] [org.gradle.internal.resources.AbstractTrackedResourceLock] Execution worker Thread 13: released lock on worker lease
2024-11-23T14:25:04.254-0800 [DEBUG] [org.gradle.internal.resources.AbstractTrackedResourceLock] Execution worker Thread 12: acquired lock on worker lease
2024-11-23T14:25:04.254-0800 [DEBUG] [org.gradle.internal.resources.AbstractTrackedResourceLock] Execution worker Thread 12: released lock on worker lease
2024-11-23T14:25:04.254-0800 [DEBUG] [org.gradle.internal.resources.AbstractTrackedResourceLock] Execution worker Thread 11: acquired lock on worker lease
2024-11-23T14:25:04.254-0800 [DEBUG] [org.gradle.internal.resources.AbstractTrackedResourceLock] Execution worker Thread 11: released lock on worker lease
2024-11-23T14:25:04.254-0800 [DEBUG] [org.gradle.internal.resources.AbstractTrackedResourceLock] Execution worker Thread 9: acquired lock on worker lease
2024-11-23T14:25:04.254-0800 [DEBUG] [org.gradle.internal.resources.AbstractTrackedResourceLock] Execution worker Thread 9: released lock on worker lease
2024-11-23T14:25:04.255-0800 [DEBUG] [org.gradle.internal.resources.AbstractTrackedResourceLock] Execution worker Thread 7: acquired lock on worker lease
2024-11-23T14:25:04.255-0800 [DEBUG] [org.gradle.internal.resources.AbstractTrackedResourceLock] Execution worker Thread 7: released lock on worker lease
2024-11-23T14:25:04.255-0800 [DEBUG] [org.gradle.internal.resources.AbstractTrackedResourceLock] Execution worker Thread 2: acquired lock on worker lease
2024-11-23T14:25:04.255-0800 [DEBUG] [org.gradle.internal.resources.AbstractTrackedResourceLock] Execution worker Thread 2: released lock on worker lease
2024-11-23T14:25:04.255-0800 [DEBUG] [org.gradle.internal.resources.AbstractTrackedResourceLock] Execution worker Thread 6: acquired lock on worker lease
2024-11-23T14:25:04.255-0800 [DEBUG] [org.gradle.internal.resources.AbstractTrackedResourceLock] Execution worker Thread 6: released lock on worker lease
2024-11-23T14:25:04.255-0800 [DEBUG] [org.gradle.internal.resources.AbstractTrackedResourceLock] Execution worker Thread 8: acquired lock on worker lease
2024-11-23T14:25:04.255-0800 [DEBUG] [org.gradle.internal.resources.AbstractTrackedResourceLock] Execution worker Thread 8: released lock on worker lease
2024-11-23T14:25:04.255-0800 [DEBUG] [org.gradle.internal.resources.AbstractTrackedResourceLock] Execution worker Thread 5: acquired lock on worker lease
2024-11-23T14:25:04.255-0800 [DEBUG] [org.gradle.internal.resources.AbstractTrackedResourceLock] Execution worker Thread 5: released lock on worker lease
2024-11-23T14:25:04.256-0800 [DEBUG] [org.gradle.internal.resources.AbstractTrackedResourceLock] Execution worker Thread 10: acquired lock on worker lease
2024-11-23T14:25:04.256-0800 [DEBUG] [org.gradle.internal.resources.AbstractTrackedResourceLock] Execution worker Thread 10: released lock on worker lease
2024-11-23T14:25:04.256-0800 [DEBUG] [org.gradle.internal.resources.AbstractTrackedResourceLock] Execution worker Thread 4: acquired lock on worker lease
2024-11-23T14:25:04.256-0800 [DEBUG] [org.gradle.internal.resources.AbstractTrackedResourceLock] Execution worker Thread 4: released lock on worker lease
2024-11-23T14:25:04.256-0800 [DEBUG] [org.gradle.internal.resources.AbstractTrackedResourceLock] Execution worker Thread 3: acquired lock on worker lease
2024-11-23T14:25:04.256-0800 [DEBUG] [org.gradle.internal.resources.AbstractTrackedResourceLock] Execution worker Thread 3: released lock on worker lease
2024-11-23T14:25:04.256-0800 [DEBUG] [org.gradle.internal.resources.AbstractTrackedResourceLock] Execution worker Thread 15: acquired lock on worker lease
2024-11-23T14:25:04.256-0800 [DEBUG] [org.gradle.internal.resources.AbstractTrackedResourceLock] Execution worker Thread 15: released lock on worker lease
2024-11-23T14:25:04.256-0800 [DEBUG] [org.gradle.internal.resources.AbstractTrackedResourceLock] Execution worker: acquired lock on worker lease
2024-11-23T14:25:04.257-0800 [DEBUG] [org.gradle.internal.resources.AbstractTrackedResourceLock] Execution worker: released lock on worker lease
2024-11-23T14:25:04.258-0800 [DEBUG] [org.gradle.internal.operations.DefaultBuildOperationRunner] Completing Build operation 'Resolve files of configuration ':testRuntimeClasspath''
2024-11-23T14:25:04.258-0800 [DEBUG] [org.gradle.internal.operations.DefaultBuildOperationRunner] Completing Build operation 'Snapshot inputs and outputs before executing task ':test''
2024-11-23T14:25:04.259-0800 [DEBUG] [org.gradle.internal.operations.DefaultBuildOperationRunner] Build operation 'Resolve files of configuration ':testRuntimeClasspath'' started
2024-11-23T14:25:04.260-0800 [DEBUG] [org.gradle.internal.operations.DefaultBuildOperationRunner] Completing Build operation 'Resolve files of configuration ':testRuntimeClasspath''
2024-11-23T14:25:04.262-0800 [DEBUG] [org.gradle.internal.operations.DefaultBuildOperationRunner] Completing Build operation 'Snapshot task inputs for :test'
2024-11-23T14:25:04.181-0800 [LIFECYCLE] [class org.gradle.internal.buildevents.TaskExecutionLogger] 
2024-11-23T14:25:04.181-0800 [LIFECYCLE] [class org.gradle.internal.buildevents.TaskExecutionLogger] > Task :test UP-TO-DATE
2024-11-23T14:25:04.181-0800 [DEBUG] [org.gradle.api.internal.tasks.execution.ResolveTaskExecutionModeExecuter] Putting task artifact state for task ':test' into context took 0.0 secs.
2024-11-23T14:25:04.182-0800 [DEBUG] [org.gradle.internal.operations.DefaultBuildOperationRunner] Build operation 'Identifying work' completed
2024-11-23T14:25:04.183-0800 [DEBUG] [org.gradle.internal.execution.steps.AbstractCaptureStateBeforeExecutionStep] Implementation for task ':test': org.gradle.api.tasks.testing.Test_Decorated@e534f1a0ba3028c73b140f32f8e326db
2024-11-23T14:25:04.183-0800 [DEBUG] [org.gradle.internal.execution.steps.AbstractCaptureStateBeforeExecutionStep] Additional implementations for task ':test': [org.gradle.api.tasks.testing.Test_Decorated@e534f1a0ba3028c73b140f32f8e326db]
2024-11-23T14:25:04.186-0800 [DEBUG] [org.gradle.api.internal.artifacts.ivyservice.modulecache.ResolvedArtifactCaches] Reusing in-memory cache for repo 'flatDir' [293c51f80f60354c6f6e30142b5236fe].
2024-11-23T14:25:04.186-0800 [DEBUG] [org.gradle.api.internal.artifacts.ivyservice.modulecache.ResolvedArtifactCaches] Reusing in-memory cache for repo 'MavenRepo' [26c913274550a0b2221f47a0fe2d2358].
2024-11-23T14:25:04.186-0800 [DEBUG] [org.gradle.api.internal.artifacts.ivyservice.modulecache.ResolvedArtifactCaches] Reusing in-memory cache for repo 'GitHubPackages' [a471df98be70e5e83f5aa7faf15e1b33].
2024-11-23T14:25:04.187-0800 [DEBUG] [org.gradle.api.internal.artifacts.ivyservice.resolveengine.graph.builder.DependencyGraphBuilder] Visiting configuration :missionmodel:unspecified(testRuntimeClasspath).
2024-11-23T14:25:04.188-0800 [DEBUG] [org.gradle.api.internal.artifacts.ivyservice.ivyresolve.DynamicVersionResolver] Attempting to resolve version for com.google.code.gson:gson:+ using repositories [flatDir, MavenRepo, GitHubPackages]
2024-11-23T14:25:04.188-0800 [DEBUG] [org.gradle.api.internal.artifacts.ivyservice.ivyresolve.CachingModuleComponentRepository] Using cached module metadata for module 'com.google.code.gson:gson:2.11.0' in 'MavenRepo'
2024-11-23T14:25:04.188-0800 [DEBUG] [org.gradle.api.internal.artifacts.ivyservice.ivyresolve.DynamicVersionResolver] Using com.google.code.gson:gson:2.11.0 from Maven repository 'MavenRepo'
2024-11-23T14:25:04.189-0800 [DEBUG] [org.gradle.api.internal.artifacts.ivyservice.ivyresolve.DynamicVersionResolver] Attempting to resolve version for org.junit.jupiter:junit-jupiter:+ using repositories [flatDir, MavenRepo, GitHubPackages]
2024-11-23T14:25:04.189-0800 [DEBUG] [org.gradle.api.internal.artifacts.ivyservice.ivyresolve.CachingModuleComponentRepository] Using cached module metadata for module 'org.junit.jupiter:junit-jupiter:5.11.3' in 'MavenRepo'
2024-11-23T14:25:04.189-0800 [DEBUG] [org.gradle.api.internal.artifacts.ivyservice.ivyresolve.DynamicVersionResolver] Using org.junit.jupiter:junit-jupiter:5.11.3 from Maven repository 'MavenRepo'
2024-11-23T14:25:04.190-0800 [DEBUG] [org.gradle.api.internal.artifacts.ivyservice.ivyresolve.RepositoryChainComponentMetaDataResolver] Attempting to resolve component for gov.nasa.jpl.aerie:contrib:2.16.0 using repositories [flatDir, MavenRepo, GitHubPackages]
2024-11-23T14:25:04.190-0800 [DEBUG] [org.gradle.api.internal.artifacts.ivyservice.ivyresolve.CachingModuleComponentRepository] Detected non-existence of module 'gov.nasa.jpl.aerie:contrib:2.16.0' in resolver cache 'flatDir'
2024-11-23T14:25:04.190-0800 [DEBUG] [org.gradle.api.internal.artifacts.ivyservice.ivyresolve.CachingModuleComponentRepository] Detected non-existence of module 'gov.nasa.jpl.aerie:contrib:2.16.0' in resolver cache 'MavenRepo'
2024-11-23T14:25:04.190-0800 [DEBUG] [org.gradle.api.internal.artifacts.ivyservice.ivyresolve.CachingModuleComponentRepository] Using cached module metadata for module 'gov.nasa.jpl.aerie:contrib:2.16.0' in 'GitHubPackages'
2024-11-23T14:25:04.190-0800 [DEBUG] [org.gradle.api.internal.artifacts.ivyservice.ivyresolve.RepositoryChainComponentMetaDataResolver] Using gov.nasa.jpl.aerie:contrib:2.16.0 from Maven repository 'GitHubPackages'
2024-11-23T14:25:04.191-0800 [DEBUG] [org.gradle.internal.component.model.LoggingAttributeMatchingExplanationBuilder] Candidate org.gradle.internal.component.model.DefaultComponentGraphResolveState$DefaultConfigurationGraphResolveState@1ca127ae attribute org.gradle.usage value {org.gradle.category=library, org.gradle.dependency.bundling=external, org.gradle.jvm.version=21, org.gradle.libraryelements=jar, org.gradle.usage=java-api} doesn't requested value java-runtime
2024-11-23T14:25:04.191-0800 [DEBUG] [org.gradle.internal.component.model.LoggingAttributeMatchingExplanationBuilder] Candidate org.gradle.internal.component.model.DefaultComponentGraphResolveState$DefaultConfigurationGraphResolveState@6ce39272 doesn't have attribute org.gradle.jvm.environment
2024-11-23T14:25:04.191-0800 [DEBUG] [org.gradle.internal.component.model.LoggingAttributeMatchingExplanationBuilder] Candidate org.gradle.internal.component.model.DefaultComponentGraphResolveState$DefaultConfigurationGraphResolveState@d549277 attribute org.gradle.category value {org.gradle.category=documentation} doesn't requested value library
2024-11-23T14:25:04.191-0800 [DEBUG] [org.gradle.internal.component.model.LoggingAttributeMatchingExplanationBuilder] Candidate org.gradle.internal.component.model.DefaultComponentGraphResolveState$DefaultConfigurationGraphResolveState@73afc733 attribute org.gradle.category value {org.gradle.category=documentation} doesn't requested value library
2024-11-23T14:25:04.191-0800 [DEBUG] [org.gradle.internal.component.model.DefaultAttributeMatcher] Selected matches [1] from candidates [org.gradle.internal.component.model.DefaultComponentGraphResolveState$DefaultConfigurationGraphResolveState@1ca127ae, org.gradle.internal.component.model.DefaultComponentGraphResolveState$DefaultConfigurationGraphResolveState@6ce39272, org.gradle.internal.component.model.DefaultComponentGraphResolveState$DefaultConfigurationGraphResolveState@d549277, org.gradle.internal.component.model.DefaultComponentGraphResolveState$DefaultConfigurationGraphResolveState@73afc733] for {org.gradle.category=library, org.gradle.dependency.bundling=external, org.gradle.jvm.environment=standard-jvm, org.gradle.jvm.version=21, org.gradle.libraryelements=jar, org.gradle.usage=java-runtime}
2024-11-23T14:25:04.192-0800 [DEBUG] [org.gradle.api.internal.artifacts.ivyservice.ivyresolve.RepositoryChainComponentMetaDataResolver] Attempting to resolve component for gov.nasa.jpl.aerie:merlin-framework:2.16.0 using repositories [flatDir, MavenRepo, GitHubPackages]
2024-11-23T14:25:04.192-0800 [DEBUG] [org.gradle.api.internal.artifacts.ivyservice.ivyresolve.CachingModuleComponentRepository] Detected non-existence of module 'gov.nasa.jpl.aerie:merlin-framework:2.16.0' in resolver cache 'flatDir'
2024-11-23T14:25:04.192-0800 [DEBUG] [org.gradle.api.internal.artifacts.ivyservice.ivyresolve.CachingModuleComponentRepository] Detected non-existence of module 'gov.nasa.jpl.aerie:merlin-framework:2.16.0' in resolver cache 'MavenRepo'
2024-11-23T14:25:04.192-0800 [DEBUG] [org.gradle.api.internal.artifacts.ivyservice.ivyresolve.CachingModuleComponentRepository] Using cached module metadata for module 'gov.nasa.jpl.aerie:merlin-framework:2.16.0' in 'GitHubPackages'
2024-11-23T14:25:04.192-0800 [DEBUG] [org.gradle.api.internal.artifacts.ivyservice.ivyresolve.RepositoryChainComponentMetaDataResolver] Using gov.nasa.jpl.aerie:merlin-framework:2.16.0 from Maven repository 'GitHubPackages'
2024-11-23T14:25:04.192-0800 [DEBUG] [org.gradle.api.internal.artifacts.ivyservice.ivyresolve.RepositoryChainComponentMetaDataResolver] Attempting to resolve component for gov.nasa.jpl.aerie:merlin-sdk:2.16.0 using repositories [flatDir, MavenRepo, GitHubPackages]
2024-11-23T14:25:04.193-0800 [DEBUG] [org.gradle.api.internal.artifacts.ivyservice.ivyresolve.CachingModuleComponentRepository] Detected non-existence of module 'gov.nasa.jpl.aerie:merlin-sdk:2.16.0' in resolver cache 'flatDir'
2024-11-23T14:25:04.193-0800 [DEBUG] [org.gradle.api.internal.artifacts.ivyservice.ivyresolve.CachingModuleComponentRepository] Detected non-existence of module 'gov.nasa.jpl.aerie:merlin-sdk:2.16.0' in resolver cache 'MavenRepo'
2024-11-23T14:25:04.193-0800 [DEBUG] [org.gradle.api.internal.artifacts.ivyservice.ivyresolve.CachingModuleComponentRepository] Using cached module metadata for module 'gov.nasa.jpl.aerie:merlin-sdk:2.16.0' in 'GitHubPackages'
2024-11-23T14:25:04.193-0800 [DEBUG] [org.gradle.api.internal.artifacts.ivyservice.ivyresolve.RepositoryChainComponentMetaDataResolver] Using gov.nasa.jpl.aerie:merlin-sdk:2.16.0 from Maven repository 'GitHubPackages'
2024-11-23T14:25:04.193-0800 [DEBUG] [org.gradle.api.internal.artifacts.ivyservice.ivyresolve.RepositoryChainComponentMetaDataResolver] Attempting to resolve component for gov.nasa.jpl.aerie:merlin-driver:2.16.0 using repositories [flatDir, MavenRepo, GitHubPackages]
2024-11-23T14:25:04.193-0800 [DEBUG] [org.gradle.api.internal.artifacts.ivyservice.ivyresolve.CachingModuleComponentRepository] Detected non-existence of module 'gov.nasa.jpl.aerie:merlin-driver:2.16.0' in resolver cache 'flatDir'
2024-11-23T14:25:04.193-0800 [DEBUG] [org.gradle.api.internal.artifacts.ivyservice.ivyresolve.CachingModuleComponentRepository] Detected non-existence of module 'gov.nasa.jpl.aerie:merlin-driver:2.16.0' in resolver cache 'MavenRepo'
2024-11-23T14:25:04.194-0800 [DEBUG] [org.gradle.api.internal.artifacts.ivyservice.ivyresolve.CachingModuleComponentRepository] Using cached module metadata for module 'gov.nasa.jpl.aerie:merlin-driver:2.16.0' in 'GitHubPackages'
2024-11-23T14:25:04.194-0800 [DEBUG] [org.gradle.api.internal.artifacts.ivyservice.ivyresolve.RepositoryChainComponentMetaDataResolver] Using gov.nasa.jpl.aerie:merlin-driver:2.16.0 from Maven repository 'GitHubPackages'
2024-11-23T14:25:04.194-0800 [DEBUG] [org.gradle.api.internal.artifacts.ivyservice.ivyresolve.RepositoryChainComponentMetaDataResolver] Attempting to resolve component for gov.nasa.jpl.aerie:parsing-utilities:2.16.0 using repositories [flatDir, MavenRepo, GitHubPackages]
2024-11-23T14:25:04.194-0800 [DEBUG] [org.gradle.api.internal.artifacts.ivyservice.ivyresolve.CachingModuleComponentRepository] Detected non-existence of module 'gov.nasa.jpl.aerie:parsing-utilities:2.16.0' in resolver cache 'flatDir'
2024-11-23T14:25:04.194-0800 [DEBUG] [org.gradle.api.internal.artifacts.ivyservice.ivyresolve.CachingModuleComponentRepository] Detected non-existence of module 'gov.nasa.jpl.aerie:parsing-utilities:2.16.0' in resolver cache 'MavenRepo'
2024-11-23T14:25:04.194-0800 [DEBUG] [org.gradle.api.internal.artifacts.ivyservice.ivyresolve.CachingModuleComponentRepository] Using cached module metadata for module 'gov.nasa.jpl.aerie:parsing-utilities:2.16.0' in 'GitHubPackages'
2024-11-23T14:25:04.195-0800 [DEBUG] [org.gradle.api.internal.artifacts.ivyservice.ivyresolve.RepositoryChainComponentMetaDataResolver] Using gov.nasa.jpl.aerie:parsing-utilities:2.16.0 from Maven repository 'GitHubPackages'
2024-11-23T14:25:04.195-0800 [DEBUG] [org.gradle.internal.component.model.LoggingAttributeMatchingExplanationBuilder] Candidate org.gradle.internal.component.model.DefaultComponentGraphResolveState$DefaultConfigurationGraphResolveState@3c44517 attribute org.gradle.usage value {org.gradle.category=library, org.gradle.dependency.bundling=external, org.gradle.jvm.version=21, org.gradle.libraryelements=jar, org.gradle.usage=java-api} doesn't requested value java-runtime
2024-11-23T14:25:04.195-0800 [DEBUG] [org.gradle.internal.component.model.LoggingAttributeMatchingExplanationBuilder] Candidate org.gradle.internal.component.model.DefaultComponentGraphResolveState$DefaultConfigurationGraphResolveState@50ac945e doesn't have attribute org.gradle.jvm.environment
2024-11-23T14:25:04.195-0800 [DEBUG] [org.gradle.internal.component.model.DefaultAttributeMatcher] Selected matches [1] from candidates [org.gradle.internal.component.model.DefaultComponentGraphResolveState$DefaultConfigurationGraphResolveState@3c44517, org.gradle.internal.component.model.DefaultComponentGraphResolveState$DefaultConfigurationGraphResolveState@50ac945e] for {org.gradle.category=library, org.gradle.dependency.bundling=external, org.gradle.jvm.environment=standard-jvm, org.gradle.jvm.version=21, org.gradle.libraryelements=jar, org.gradle.usage=java-runtime}
2024-11-23T14:25:04.195-0800 [DEBUG] [org.gradle.internal.component.model.LoggingAttributeMatchingExplanationBuilder] Candidate org.gradle.internal.component.model.DefaultComponentGraphResolveState$DefaultConfigurationGraphResolveState@1f8bff9b attribute org.gradle.usage value {org.gradle.status=release, org.gradle.usage=java-api} doesn't requested value java-runtime
2024-11-23T14:25:04.196-0800 [DEBUG] [org.gradle.internal.component.model.LoggingAttributeMatchingExplanationBuilder] Candidate org.gradle.internal.component.model.DefaultComponentGraphResolveState$DefaultConfigurationGraphResolveState@72036f9d doesn't have attribute org.gradle.dependency.bundling
2024-11-23T14:25:04.196-0800 [DEBUG] [org.gradle.internal.component.model.LoggingAttributeMatchingExplanationBuilder] Candidate org.gradle.internal.component.model.DefaultComponentGraphResolveState$DefaultConfigurationGraphResolveState@72036f9d doesn't have attribute org.gradle.jvm.environment
2024-11-23T14:25:04.196-0800 [DEBUG] [org.gradle.internal.component.model.LoggingAttributeMatchingExplanationBuilder] Candidate org.gradle.internal.component.model.DefaultComponentGraphResolveState$DefaultConfigurationGraphResolveState@72036f9d doesn't have attribute org.gradle.jvm.version
2024-11-23T14:25:04.196-0800 [DEBUG] [org.gradle.internal.component.model.LoggingAttributeMatchingExplanationBuilder] Candidate org.gradle.internal.component.model.DefaultComponentGraphResolveState$DefaultConfigurationGraphResolveState@41a9c944 attribute org.gradle.category value {org.gradle.category=documentation, org.gradle.status=release} doesn't requested value library
2024-11-23T14:25:04.196-0800 [DEBUG] [org.gradle.internal.component.model.LoggingAttributeMatchingExplanationBuilder] Candidate org.gradle.internal.component.model.DefaultComponentGraphResolveState$DefaultConfigurationGraphResolveState@3ef541dd attribute org.gradle.category value {org.gradle.category=documentation, org.gradle.status=release} doesn't requested value library
2024-11-23T14:25:04.196-0800 [DEBUG] [org.gradle.internal.component.model.LoggingAttributeMatchingExplanationBuilder] Candidate org.gradle.internal.component.model.DefaultComponentGraphResolveState$DefaultConfigurationGraphResolveState@7ec206bf attribute org.gradle.category value {org.gradle.category=platform, org.gradle.status=release, org.gradle.usage=java-api} doesn't requested value library
2024-11-23T14:25:04.196-0800 [DEBUG] [org.gradle.internal.component.model.LoggingAttributeMatchingExplanationBuilder] Candidate org.gradle.internal.component.model.DefaultComponentGraphResolveState$DefaultConfigurationGraphResolveState@1754e17d attribute org.gradle.category value {org.gradle.category=platform, org.gradle.status=release, org.gradle.usage=java-runtime} doesn't requested value library
2024-11-23T14:25:04.196-0800 [DEBUG] [org.gradle.internal.component.model.LoggingAttributeMatchingExplanationBuilder] Candidate org.gradle.internal.component.model.DefaultComponentGraphResolveState$DefaultConfigurationGraphResolveState@1838e93a attribute org.gradle.category value {org.gradle.category=enforced-platform, org.gradle.status=release, org.gradle.usage=java-api} doesn't requested value library
2024-11-23T14:25:04.197-0800 [DEBUG] [org.gradle.internal.component.model.LoggingAttributeMatchingExplanationBuilder] Candidate org.gradle.internal.component.model.DefaultComponentGraphResolveState$DefaultConfigurationGraphResolveState@cd7a849 attribute org.gradle.category value {org.gradle.category=enforced-platform, org.gradle.status=release, org.gradle.usage=java-runtime} doesn't requested value library
2024-11-23T14:25:04.197-0800 [DEBUG] [org.gradle.internal.component.model.DefaultAttributeMatcher] Selected matches [1] from candidates [org.gradle.internal.component.model.DefaultComponentGraphResolveState$DefaultConfigurationGraphResolveState@1f8bff9b, org.gradle.internal.component.model.DefaultComponentGraphResolveState$DefaultConfigurationGraphResolveState@72036f9d, org.gradle.internal.component.model.DefaultComponentGraphResolveState$DefaultConfigurationGraphResolveState@41a9c944, org.gradle.internal.component.model.DefaultComponentGraphResolveState$DefaultConfigurationGraphResolveState@3ef541dd, org.gradle.internal.component.model.DefaultComponentGraphResolveState$DefaultConfigurationGraphResolveState@7ec206bf, org.gradle.internal.component.model.DefaultComponentGraphResolveState$DefaultConfigurationGraphResolveState@1754e17d, org.gradle.internal.component.model.DefaultComponentGraphResolveState$DefaultConfigurationGraphResolveState@1838e93a, org.gradle.internal.component.model.DefaultComponentGraphResolveState$DefaultConfigurationGraphResolveState@cd7a849] for {org.gradle.category=library, org.gradle.dependency.bundling=external, org.gradle.jvm.environment=standard-jvm, org.gradle.jvm.version=21, org.gradle.libraryelements=jar, org.gradle.usage=java-runtime}
2024-11-23T14:25:04.197-0800 [DEBUG] [org.gradle.api.internal.artifacts.ivyservice.ivyresolve.RepositoryChainComponentMetaDataResolver] Attempting to resolve component for gov.nasa.jpl.aerie:merlin-framework-junit:2.16.0 using repositories [flatDir, MavenRepo, GitHubPackages]
2024-11-23T14:25:04.197-0800 [DEBUG] [org.gradle.api.internal.artifacts.ivyservice.ivyresolve.CachingModuleComponentRepository] Detected non-existence of module 'gov.nasa.jpl.aerie:merlin-framework-junit:2.16.0' in resolver cache 'flatDir'
2024-11-23T14:25:04.197-0800 [DEBUG] [org.gradle.api.internal.artifacts.ivyservice.ivyresolve.CachingModuleComponentRepository] Detected non-existence of module 'gov.nasa.jpl.aerie:merlin-framework-junit:2.16.0' in resolver cache 'MavenRepo'
2024-11-23T14:25:04.198-0800 [DEBUG] [org.gradle.api.internal.artifacts.ivyservice.ivyresolve.CachingModuleComponentRepository] Using cached module metadata for module 'gov.nasa.jpl.aerie:merlin-framework-junit:2.16.0' in 'GitHubPackages'
2024-11-23T14:25:04.198-0800 [DEBUG] [org.gradle.api.internal.artifacts.ivyservice.ivyresolve.RepositoryChainComponentMetaDataResolver] Using gov.nasa.jpl.aerie:merlin-framework-junit:2.16.0 from Maven repository 'GitHubPackages'
2024-11-23T14:25:04.198-0800 [DEBUG] [org.gradle.internal.component.model.LoggingAttributeMatchingExplanationBuilder] Candidate org.gradle.internal.component.model.DefaultComponentGraphResolveState$DefaultConfigurationGraphResolveState@16c4054f attribute org.gradle.usage value {org.gradle.category=library, org.gradle.dependency.bundling=external, org.gradle.jvm.version=8, org.gradle.libraryelements=jar, org.gradle.usage=java-api} doesn't requested value java-runtime
2024-11-23T14:25:04.198-0800 [DEBUG] [org.gradle.internal.component.model.LoggingAttributeMatchingExplanationBuilder] Candidate org.gradle.internal.component.model.DefaultComponentGraphResolveState$DefaultConfigurationGraphResolveState@5abdfb7 doesn't have attribute org.gradle.jvm.environment
2024-11-23T14:25:04.198-0800 [DEBUG] [org.gradle.internal.component.model.LoggingAttributeMatchingExplanationBuilder] Candidate org.gradle.internal.component.model.DefaultComponentGraphResolveState$DefaultConfigurationGraphResolveState@5ffec77b attribute org.gradle.category value {org.gradle.category=documentation} doesn't requested value library
2024-11-23T14:25:04.198-0800 [DEBUG] [org.gradle.internal.component.model.LoggingAttributeMatchingExplanationBuilder] Candidate org.gradle.internal.component.model.DefaultComponentGraphResolveState$DefaultConfigurationGraphResolveState@77e376f attribute org.gradle.category value {org.gradle.category=documentation} doesn't requested value library
2024-11-23T14:25:04.199-0800 [DEBUG] [org.gradle.internal.component.model.DefaultAttributeMatcher] Selected matches [1] from candidates [org.gradle.internal.component.model.DefaultComponentGraphResolveState$DefaultConfigurationGraphResolveState@16c4054f, org.gradle.internal.component.model.DefaultComponentGraphResolveState$DefaultConfigurationGraphResolveState@5abdfb7, org.gradle.internal.component.model.DefaultComponentGraphResolveState$DefaultConfigurationGraphResolveState@5ffec77b, org.gradle.internal.component.model.DefaultComponentGraphResolveState$DefaultConfigurationGraphResolveState@77e376f] for {org.gradle.category=library, org.gradle.dependency.bundling=external, org.gradle.jvm.environment=standard-jvm, org.gradle.jvm.version=21, org.gradle.libraryelements=jar, org.gradle.usage=java-runtime}
2024-11-23T14:25:04.199-0800 [DEBUG] [org.gradle.api.internal.artifacts.ivyservice.resolveengine.graph.builder.DependencyGraphBuilder] Visiting configuration gov.nasa.jpl.aerie:contrib:2.16.0(runtimeElements).
2024-11-23T14:25:04.199-0800 [DEBUG] [org.gradle.api.internal.artifacts.ivyservice.ivyresolve.RepositoryChainComponentMetaDataResolver] Attempting to resolve component for JNISpice:JNISpice:N0067 using repositories [flatDir, MavenRepo, GitHubPackages]
2024-11-23T14:25:04.199-0800 [DEBUG] [org.gradle.api.internal.artifacts.ivyservice.ivyresolve.CachingModuleComponentRepository] Using cached module metadata for module 'JNISpice:JNISpice:N0067' in 'flatDir'
2024-11-23T14:25:04.200-0800 [DEBUG] [org.gradle.api.internal.artifacts.ivyservice.ivyresolve.CachingModuleComponentRepository] Detected non-existence of module 'JNISpice:JNISpice:N0067' in resolver cache 'MavenRepo'
2024-11-23T14:25:04.200-0800 [DEBUG] [org.gradle.api.internal.artifacts.ivyservice.ivyresolve.CachingModuleComponentRepository] Detected non-existence of module 'JNISpice:JNISpice:N0067' in resolver cache 'GitHubPackages'
2024-11-23T14:25:04.200-0800 [DEBUG] [org.gradle.api.internal.artifacts.ivyservice.ivyresolve.RepositoryChainComponentMetaDataResolver] Using JNISpice:JNISpice:N0067 from Ivy repository 'flatDir'
2024-11-23T14:25:04.200-0800 [DEBUG] [org.gradle.api.internal.artifacts.ivyservice.ivyresolve.RepositoryChainComponentMetaDataResolver] Attempting to resolve component for org.apache.commons:commons-math3:3.6.1 using repositories [flatDir, MavenRepo, GitHubPackages]
2024-11-23T14:25:04.200-0800 [DEBUG] [org.gradle.api.internal.artifacts.ivyservice.ivyresolve.CachingModuleComponentRepository] Detected non-existence of module 'org.apache.commons:commons-math3:3.6.1' in resolver cache 'flatDir'
2024-11-23T14:25:04.200-0800 [DEBUG] [org.gradle.api.internal.artifacts.ivyservice.ivyresolve.CachingModuleComponentRepository] Using cached module metadata for module 'org.apache.commons:commons-math3:3.6.1' in 'MavenRepo'
2024-11-23T14:25:04.200-0800 [DEBUG] [org.gradle.api.internal.artifacts.ivyservice.ivyresolve.RepositoryChainComponentMetaDataResolver] Using org.apache.commons:commons-math3:3.6.1 from Maven repository 'MavenRepo'
2024-11-23T14:25:04.200-0800 [DEBUG] [org.gradle.api.internal.artifacts.ivyservice.ivyresolve.RepositoryChainComponentMetaDataResolver] Attempting to resolve component for org.apache.commons:commons-lang3:3.13.0 using repositories [flatDir, MavenRepo, GitHubPackages]
2024-11-23T14:25:04.200-0800 [DEBUG] [org.gradle.api.internal.artifacts.ivyservice.ivyresolve.CachingModuleComponentRepository] Detected non-existence of module 'org.apache.commons:commons-lang3:3.13.0' in resolver cache 'flatDir'
2024-11-23T14:25:04.200-0800 [DEBUG] [org.gradle.api.internal.artifacts.ivyservice.ivyresolve.CachingModuleComponentRepository] Using cached module metadata for module 'org.apache.commons:commons-lang3:3.13.0' in 'MavenRepo'
2024-11-23T14:25:04.201-0800 [DEBUG] [org.gradle.api.internal.artifacts.ivyservice.ivyresolve.RepositoryChainComponentMetaDataResolver] Using org.apache.commons:commons-lang3:3.13.0 from Maven repository 'MavenRepo'
2024-11-23T14:25:04.201-0800 [DEBUG] [org.gradle.api.internal.artifacts.ivyservice.resolveengine.graph.builder.DependencyGraphBuilder] Visiting configuration gov.nasa.jpl.aerie:merlin-framework:2.16.0(runtimeElements).
2024-11-23T14:25:04.201-0800 [DEBUG] [org.gradle.api.internal.artifacts.ivyservice.resolveengine.graph.builder.DependencyGraphBuilder] Visiting configuration gov.nasa.jpl.aerie:merlin-sdk:2.16.0(runtimeElements).
2024-11-23T14:25:04.201-0800 [DEBUG] [org.gradle.api.internal.artifacts.ivyservice.resolveengine.graph.builder.DependencyGraphBuilder] Visiting configuration gov.nasa.jpl.aerie:merlin-driver:2.16.0(runtimeElements).
2024-11-23T14:25:04.204-0800 [DEBUG] [org.gradle.api.internal.artifacts.ivyservice.ivyresolve.RepositoryChainComponentMetaDataResolver] Attempting to resolve component for it.unimi.dsi:fastutil:8.5.12 using repositories [flatDir, MavenRepo, GitHubPackages]
2024-11-23T14:25:04.205-0800 [DEBUG] [org.gradle.api.internal.artifacts.repositories.resolver.DefaultExternalResourceArtifactResolver] Loading file:/Users/bclement/git/aerie-multimission-models-bb/third-party/fastutil-8.5.12.jar
2024-11-23T14:25:04.205-0800 [DEBUG] [org.gradle.api.internal.artifacts.repositories.resolver.DefaultExternalResourceArtifactResolver] Loading file:/Users/bclement/git/aerie-multimission-models-bb/third-party/fastutil.jar
2024-11-23T14:25:04.205-0800 [DEBUG] [org.gradle.api.internal.artifacts.repositories.resolver.ExternalResourceResolver] No meta-data file or artifact found for module 'it.unimi.dsi:fastutil:8.5.12' in repository 'flatDir'.
2024-11-23T14:25:04.205-0800 [DEBUG] [org.gradle.api.internal.artifacts.ivyservice.modulecache.PersistentModuleMetadataCache] Recording absence of module descriptor in cache: it.unimi.dsi:fastutil:8.5.12 [changing = false]
2024-11-23T14:25:04.205-0800 [DEBUG] [org.gradle.api.internal.artifacts.ivyservice.ivyresolve.CachingModuleComponentRepository] Using cached module metadata for module 'it.unimi.dsi:fastutil:8.5.12' in 'MavenRepo'
2024-11-23T14:25:04.206-0800 [DEBUG] [org.gradle.api.internal.artifacts.ivyservice.ivyresolve.RepositoryChainComponentMetaDataResolver] Using it.unimi.dsi:fastutil:8.5.12 from Maven repository 'MavenRepo'
2024-11-23T14:25:04.206-0800 [DEBUG] [org.gradle.api.internal.artifacts.ivyservice.ivyresolve.RepositoryChainComponentMetaDataResolver] Attempting to resolve component for org.slf4j:slf4j-simple:2.0.7 using repositories [flatDir, MavenRepo, GitHubPackages]
2024-11-23T14:25:04.207-0800 [DEBUG] [org.gradle.api.internal.artifacts.repositories.resolver.DefaultExternalResourceArtifactResolver] Loading file:/Users/bclement/git/aerie-multimission-models-bb/third-party/slf4j-simple-2.0.7.jar
2024-11-23T14:25:04.207-0800 [DEBUG] [org.gradle.api.internal.artifacts.repositories.resolver.DefaultExternalResourceArtifactResolver] Loading file:/Users/bclement/git/aerie-multimission-models-bb/third-party/slf4j-simple.jar
2024-11-23T14:25:04.207-0800 [DEBUG] [org.gradle.api.internal.artifacts.repositories.resolver.ExternalResourceResolver] No meta-data file or artifact found for module 'org.slf4j:slf4j-simple:2.0.7' in repository 'flatDir'.
2024-11-23T14:25:04.207-0800 [DEBUG] [org.gradle.api.internal.artifacts.ivyservice.modulecache.PersistentModuleMetadataCache] Recording absence of module descriptor in cache: org.slf4j:slf4j-simple:2.0.7 [changing = false]
2024-11-23T14:25:04.207-0800 [DEBUG] [org.gradle.api.internal.artifacts.ivyservice.ivyresolve.CachingModuleComponentRepository] Using cached module metadata for module 'org.slf4j:slf4j-simple:2.0.7' in 'MavenRepo'
2024-11-23T14:25:04.207-0800 [DEBUG] [org.gradle.api.internal.artifacts.ivyservice.ivyresolve.RepositoryChainComponentMetaDataResolver] Using org.slf4j:slf4j-simple:2.0.7 from Maven repository 'MavenRepo'
2024-11-23T14:25:04.208-0800 [DEBUG] [org.gradle.api.internal.artifacts.ivyservice.ivyresolve.RepositoryChainComponentMetaDataResolver] Attempting to resolve component for org.glassfish:javax.json:1.1.4 using repositories [flatDir, MavenRepo, GitHubPackages]
2024-11-23T14:25:04.208-0800 [DEBUG] [org.gradle.api.internal.artifacts.ivyservice.ivyresolve.CachingModuleComponentRepository] Detected non-existence of module 'org.glassfish:javax.json:1.1.4' in resolver cache 'flatDir'
2024-11-23T14:25:04.208-0800 [DEBUG] [org.gradle.api.internal.artifacts.ivyservice.ivyresolve.CachingModuleComponentRepository] Using cached module metadata for module 'org.glassfish:javax.json:1.1.4' in 'MavenRepo'
2024-11-23T14:25:04.208-0800 [DEBUG] [org.gradle.api.internal.artifacts.ivyservice.ivyresolve.RepositoryChainComponentMetaDataResolver] Using org.glassfish:javax.json:1.1.4 from Maven repository 'MavenRepo'
2024-11-23T14:25:04.208-0800 [DEBUG] [org.gradle.api.internal.artifacts.ivyservice.resolveengine.graph.builder.DependencyGraphBuilder] Visiting configuration gov.nasa.jpl.aerie:parsing-utilities:2.16.0(runtimeElements).
2024-11-23T14:25:04.209-0800 [DEBUG] [org.gradle.api.internal.artifacts.ivyservice.resolveengine.graph.builder.DependencyGraphBuilder] Visiting configuration com.google.code.gson:gson:2.11.0(runtime).
2024-11-23T14:25:04.209-0800 [DEBUG] [org.gradle.api.internal.artifacts.ivyservice.ivyresolve.RepositoryChainComponentMetaDataResolver] Attempting to resolve component for com.google.errorprone:error_prone_annotations:2.27.0 using repositories [flatDir, MavenRepo, GitHubPackages]
2024-11-23T14:25:04.209-0800 [DEBUG] [org.gradle.api.internal.artifacts.ivyservice.ivyresolve.CachingModuleComponentRepository] Detected non-existence of module 'com.google.errorprone:error_prone_annotations:2.27.0' in resolver cache 'flatDir'
2024-11-23T14:25:04.209-0800 [DEBUG] [org.gradle.api.internal.artifacts.ivyservice.ivyresolve.CachingModuleComponentRepository] Using cached module metadata for module 'com.google.errorprone:error_prone_annotations:2.27.0' in 'MavenRepo'
2024-11-23T14:25:04.210-0800 [DEBUG] [org.gradle.api.internal.artifacts.ivyservice.ivyresolve.RepositoryChainComponentMetaDataResolver] Using com.google.errorprone:error_prone_annotations:2.27.0 from Maven repository 'MavenRepo'
2024-11-23T14:25:04.210-0800 [DEBUG] [org.gradle.api.internal.artifacts.ivyservice.resolveengine.graph.builder.DependencyGraphBuilder] Visiting configuration gov.nasa.jpl.aerie:merlin-framework-junit:2.16.0(runtimeElements).
2024-11-23T14:25:04.210-0800 [DEBUG] [org.gradle.api.internal.artifacts.ivyservice.ivyresolve.RepositoryChainComponentMetaDataResolver] Attempting to resolve component for org.junit.jupiter:junit-jupiter-api:5.10.0 using repositories [flatDir, MavenRepo, GitHubPackages]
2024-11-23T14:25:04.211-0800 [DEBUG] [org.gradle.api.internal.artifacts.ivyservice.ivyresolve.CachingModuleComponentRepository] Detected non-existence of module 'org.junit.jupiter:junit-jupiter-api:5.10.0' in resolver cache 'flatDir'
2024-11-23T14:25:04.211-0800 [DEBUG] [org.gradle.api.internal.artifacts.ivyservice.ivyresolve.CachingModuleComponentRepository] Using cached module metadata for module 'org.junit.jupiter:junit-jupiter-api:5.10.0' in 'MavenRepo'
2024-11-23T14:25:04.211-0800 [DEBUG] [org.gradle.api.internal.artifacts.ivyservice.ivyresolve.RepositoryChainComponentMetaDataResolver] Using org.junit.jupiter:junit-jupiter-api:5.10.0 from Maven repository 'MavenRepo'
2024-11-23T14:25:04.211-0800 [DEBUG] [org.gradle.internal.component.model.LoggingAttributeMatchingExplanationBuilder] Candidate org.gradle.internal.component.model.DefaultComponentGraphResolveState$DefaultConfigurationGraphResolveState@1378e889 attribute org.gradle.usage value {org.gradle.category=library, org.gradle.dependency.bundling=external, org.gradle.jvm.environment=standard-jvm, org.gradle.jvm.version=8, org.gradle.libraryelements=jar, org.gradle.usage=java-api} doesn't requested value java-runtime
2024-11-23T14:25:04.211-0800 [DEBUG] [org.gradle.internal.component.model.LoggingAttributeMatchingExplanationBuilder] Candidate org.gradle.internal.component.model.DefaultComponentGraphResolveState$DefaultConfigurationGraphResolveState@69fa8cd8 attribute org.gradle.category value {org.gradle.category=documentation} doesn't requested value library
2024-11-23T14:25:04.211-0800 [DEBUG] [org.gradle.internal.component.model.LoggingAttributeMatchingExplanationBuilder] Candidate org.gradle.internal.component.model.DefaultComponentGraphResolveState$DefaultConfigurationGraphResolveState@2ef3fe80 attribute org.gradle.category value {org.gradle.category=documentation} doesn't requested value library
2024-11-23T14:25:04.212-0800 [DEBUG] [org.gradle.internal.component.model.DefaultAttributeMatcher] Selected matches [1] from candidates [org.gradle.internal.component.model.DefaultComponentGraphResolveState$DefaultConfigurationGraphResolveState@1378e889, org.gradle.internal.component.model.DefaultComponentGraphResolveState$DefaultConfigurationGraphResolveState@2312e5eb, org.gradle.internal.component.model.DefaultComponentGraphResolveState$DefaultConfigurationGraphResolveState@69fa8cd8, org.gradle.internal.component.model.DefaultComponentGraphResolveState$DefaultConfigurationGraphResolveState@2ef3fe80] for {org.gradle.category=library, org.gradle.dependency.bundling=external, org.gradle.jvm.environment=standard-jvm, org.gradle.jvm.version=21, org.gradle.libraryelements=jar, org.gradle.usage=java-runtime}
2024-11-23T14:25:04.212-0800 [DEBUG] [org.gradle.api.internal.artifacts.ivyservice.resolveengine.graph.builder.DependencyGraphBuilder] Visiting configuration org.junit.jupiter:junit-jupiter:5.11.3(runtimeElements).
2024-11-23T14:25:04.212-0800 [DEBUG] [org.gradle.api.internal.artifacts.ivyservice.ivyresolve.RepositoryChainComponentMetaDataResolver] Attempting to resolve component for org.junit:junit-bom:5.11.3 using repositories [flatDir, MavenRepo, GitHubPackages]
2024-11-23T14:25:04.212-0800 [DEBUG] [org.gradle.api.internal.artifacts.ivyservice.ivyresolve.CachingModuleComponentRepository] Detected non-existence of module 'org.junit:junit-bom:5.11.3' in resolver cache 'flatDir'
2024-11-23T14:25:04.213-0800 [DEBUG] [org.gradle.api.internal.artifacts.ivyservice.ivyresolve.CachingModuleComponentRepository] Using cached module metadata for module 'org.junit:junit-bom:5.11.3' in 'MavenRepo'
2024-11-23T14:25:04.213-0800 [DEBUG] [org.gradle.api.internal.artifacts.ivyservice.ivyresolve.RepositoryChainComponentMetaDataResolver] Using org.junit:junit-bom:5.11.3 from Maven repository 'MavenRepo'
2024-11-23T14:25:04.213-0800 [DEBUG] [org.gradle.internal.component.model.LoggingAttributeMatchingExplanationBuilder] Candidate org.gradle.internal.component.model.DefaultComponentGraphResolveState$DefaultConfigurationGraphResolveState@432ed171 attribute org.gradle.usage value {org.gradle.category=platform, org.gradle.usage=java-api} doesn't requested value java-runtime
2024-11-23T14:25:04.213-0800 [DEBUG] [org.gradle.internal.component.model.LoggingAttributeMatchingExplanationBuilder] Candidate org.gradle.internal.component.model.DefaultComponentGraphResolveState$DefaultConfigurationGraphResolveState@13e20e5b doesn't have attribute org.gradle.libraryelements
2024-11-23T14:25:04.213-0800 [DEBUG] [org.gradle.internal.component.model.LoggingAttributeMatchingExplanationBuilder] Candidate org.gradle.internal.component.model.DefaultComponentGraphResolveState$DefaultConfigurationGraphResolveState@13e20e5b doesn't have attribute org.gradle.dependency.bundling
2024-11-23T14:25:04.213-0800 [DEBUG] [org.gradle.internal.component.model.LoggingAttributeMatchingExplanationBuilder] Candidate org.gradle.internal.component.model.DefaultComponentGraphResolveState$DefaultConfigurationGraphResolveState@13e20e5b doesn't have attribute org.gradle.jvm.environment
2024-11-23T14:25:04.213-0800 [DEBUG] [org.gradle.internal.component.model.LoggingAttributeMatchingExplanationBuilder] Candidate org.gradle.internal.component.model.DefaultComponentGraphResolveState$DefaultConfigurationGraphResolveState@13e20e5b doesn't have attribute org.gradle.jvm.version
2024-11-23T14:25:04.213-0800 [DEBUG] [org.gradle.internal.component.model.LoggingAttributeMatchingExplanationBuilder] Candidate org.gradle.internal.component.model.DefaultComponentGraphResolveState$DefaultConfigurationGraphResolveState@6e503dff attribute org.gradle.category value {org.gradle.category=enforced-platform} doesn't requested value platform
2024-11-23T14:25:04.214-0800 [DEBUG] [org.gradle.internal.component.model.LoggingAttributeMatchingExplanationBuilder] Candidate org.gradle.internal.component.model.DefaultComponentGraphResolveState$DefaultConfigurationGraphResolveState@34613660 attribute org.gradle.category value {org.gradle.category=enforced-platform} doesn't requested value platform
2024-11-23T14:25:04.214-0800 [DEBUG] [org.gradle.internal.component.model.DefaultAttributeMatcher] Selected matches [1] from candidates [org.gradle.internal.component.model.DefaultComponentGraphResolveState$DefaultConfigurationGraphResolveState@432ed171, org.gradle.internal.component.model.DefaultComponentGraphResolveState$DefaultConfigurationGraphResolveState@13e20e5b, org.gradle.internal.component.model.DefaultComponentGraphResolveState$DefaultConfigurationGraphResolveState@6e503dff, org.gradle.internal.component.model.DefaultComponentGraphResolveState$DefaultConfigurationGraphResolveState@34613660] for {org.gradle.category=platform, org.gradle.dependency.bundling=external, org.gradle.jvm.environment=standard-jvm, org.gradle.jvm.version=21, org.gradle.libraryelements=jar, org.gradle.usage=java-runtime}
2024-11-23T14:25:04.214-0800 [DEBUG] [org.gradle.api.internal.artifacts.ivyservice.ivyresolve.RepositoryChainComponentMetaDataResolver] Attempting to resolve component for org.junit.jupiter:junit-jupiter-api:5.11.3 using repositories [flatDir, MavenRepo, GitHubPackages]
2024-11-23T14:25:04.214-0800 [DEBUG] [org.gradle.api.internal.artifacts.ivyservice.ivyresolve.CachingModuleComponentRepository] Detected non-existence of module 'org.junit.jupiter:junit-jupiter-api:5.11.3' in resolver cache 'flatDir'
2024-11-23T14:25:04.214-0800 [DEBUG] [org.gradle.api.internal.artifacts.ivyservice.ivyresolve.CachingModuleComponentRepository] Using cached module metadata for module 'org.junit.jupiter:junit-jupiter-api:5.11.3' in 'MavenRepo'
2024-11-23T14:25:04.214-0800 [DEBUG] [org.gradle.api.internal.artifacts.ivyservice.ivyresolve.RepositoryChainComponentMetaDataResolver] Using org.junit.jupiter:junit-jupiter-api:5.11.3 from Maven repository 'MavenRepo'
2024-11-23T14:25:04.216-0800 [DEBUG] [org.gradle.api.internal.artifacts.ivyservice.ivyresolve.RepositoryChainComponentMetaDataResolver] Attempting to resolve component for org.junit.jupiter:junit-jupiter-params:5.11.3 using repositories [flatDir, MavenRepo, GitHubPackages]
2024-11-23T14:25:04.216-0800 [DEBUG] [org.gradle.api.internal.artifacts.ivyservice.ivyresolve.CachingModuleComponentRepository] Detected non-existence of module 'org.junit.jupiter:junit-jupiter-params:5.11.3' in resolver cache 'flatDir'
2024-11-23T14:25:04.216-0800 [DEBUG] [org.gradle.api.internal.artifacts.ivyservice.ivyresolve.CachingModuleComponentRepository] Using cached module metadata for module 'org.junit.jupiter:junit-jupiter-params:5.11.3' in 'MavenRepo'
2024-11-23T14:25:04.216-0800 [DEBUG] [org.gradle.api.internal.artifacts.ivyservice.ivyresolve.RepositoryChainComponentMetaDataResolver] Using org.junit.jupiter:junit-jupiter-params:5.11.3 from Maven repository 'MavenRepo'
2024-11-23T14:25:04.217-0800 [DEBUG] [org.gradle.internal.component.model.LoggingAttributeMatchingExplanationBuilder] Candidate org.gradle.internal.component.model.DefaultComponentGraphResolveState$DefaultConfigurationGraphResolveState@27ba9d0e attribute org.gradle.usage value {org.gradle.category=library, org.gradle.dependency.bundling=external, org.gradle.jvm.environment=standard-jvm, org.gradle.jvm.version=8, org.gradle.libraryelements=jar, org.gradle.usage=java-api} doesn't requested value java-runtime
2024-11-23T14:25:04.217-0800 [DEBUG] [org.gradle.internal.component.model.LoggingAttributeMatchingExplanationBuilder] Candidate org.gradle.internal.component.model.DefaultComponentGraphResolveState$DefaultConfigurationGraphResolveState@44c95a00 attribute org.gradle.category value {org.gradle.category=documentation} doesn't requested value library
2024-11-23T14:25:04.217-0800 [DEBUG] [org.gradle.internal.component.model.LoggingAttributeMatchingExplanationBuilder] Candidate org.gradle.internal.component.model.DefaultComponentGraphResolveState$DefaultConfigurationGraphResolveState@197ed1fe attribute org.gradle.category value {org.gradle.category=documentation} doesn't requested value library
2024-11-23T14:25:04.217-0800 [DEBUG] [org.gradle.internal.component.model.LoggingAttributeMatchingExplanationBuilder] Candidate org.gradle.internal.component.model.DefaultComponentGraphResolveState$DefaultConfigurationGraphResolveState@2a1bacc2 doesn't have attribute org.gradle.jvm.environment
2024-11-23T14:25:04.217-0800 [DEBUG] [org.gradle.internal.component.model.LoggingAttributeMatchingExplanationBuilder] Candidate org.gradle.internal.component.model.DefaultComponentGraphResolveState$DefaultConfigurationGraphResolveState@2a1bacc2 doesn't have attribute org.gradle.jvm.version
2024-11-23T14:25:04.217-0800 [DEBUG] [org.gradle.internal.component.model.LoggingAttributeMatchingExplanationBuilder] Candidate org.gradle.internal.component.model.DefaultComponentGraphResolveState$DefaultConfigurationGraphResolveState@292dcaa3 selected because its attributes are a superset of all other candidate attributes
2024-11-23T14:25:04.217-0800 [DEBUG] [org.gradle.internal.component.model.DefaultAttributeMatcher] Selected matches [1] from candidates [org.gradle.internal.component.model.DefaultComponentGraphResolveState$DefaultConfigurationGraphResolveState@27ba9d0e, org.gradle.internal.component.model.DefaultComponentGraphResolveState$DefaultConfigurationGraphResolveState@292dcaa3, org.gradle.internal.component.model.DefaultComponentGraphResolveState$DefaultConfigurationGraphResolveState@44c95a00, org.gradle.internal.component.model.DefaultComponentGraphResolveState$DefaultConfigurationGraphResolveState@197ed1fe, org.gradle.internal.component.model.DefaultComponentGraphResolveState$DefaultConfigurationGraphResolveState@2a1bacc2] for {org.gradle.category=library, org.gradle.dependency.bundling=external, org.gradle.jvm.environment=standard-jvm, org.gradle.jvm.version=21, org.gradle.libraryelements=jar, org.gradle.usage=java-runtime}
2024-11-23T14:25:04.218-0800 [DEBUG] [org.gradle.api.internal.artifacts.ivyservice.ivyresolve.RepositoryChainComponentMetaDataResolver] Attempting to resolve component for org.junit.jupiter:junit-jupiter-engine:5.11.3 using repositories [flatDir, MavenRepo, GitHubPackages]
2024-11-23T14:25:04.218-0800 [DEBUG] [org.gradle.api.internal.artifacts.repositories.resolver.DefaultExternalResourceArtifactResolver] Loading file:/Users/bclement/git/aerie-multimission-models-bb/third-party/junit-jupiter-engine-5.11.3.jar
2024-11-23T14:25:04.218-0800 [DEBUG] [org.gradle.api.internal.artifacts.repositories.resolver.DefaultExternalResourceArtifactResolver] Loading file:/Users/bclement/git/aerie-multimission-models-bb/third-party/junit-jupiter-engine.jar
2024-11-23T14:25:04.218-0800 [DEBUG] [org.gradle.api.internal.artifacts.repositories.resolver.ExternalResourceResolver] No meta-data file or artifact found for module 'org.junit.jupiter:junit-jupiter-engine:5.11.3' in repository 'flatDir'.
2024-11-23T14:25:04.219-0800 [DEBUG] [org.gradle.api.internal.artifacts.ivyservice.modulecache.PersistentModuleMetadataCache] Recording absence of module descriptor in cache: org.junit.jupiter:junit-jupiter-engine:5.11.3 [changing = false]
2024-11-23T14:25:04.219-0800 [DEBUG] [org.gradle.api.internal.artifacts.ivyservice.ivyresolve.CachingModuleComponentRepository] Using cached module metadata for module 'org.junit.jupiter:junit-jupiter-engine:5.11.3' in 'MavenRepo'
2024-11-23T14:25:04.219-0800 [DEBUG] [org.gradle.api.internal.artifacts.ivyservice.ivyresolve.RepositoryChainComponentMetaDataResolver] Using org.junit.jupiter:junit-jupiter-engine:5.11.3 from Maven repository 'MavenRepo'
2024-11-23T14:25:04.219-0800 [DEBUG] [org.gradle.api.internal.artifacts.ivyservice.resolveengine.graph.builder.DependencyGraphBuilder] Visiting configuration JNISpice:JNISpice:N0067(default).
2024-11-23T14:25:04.219-0800 [DEBUG] [org.gradle.api.internal.artifacts.ivyservice.resolveengine.graph.builder.DependencyGraphBuilder] Visiting configuration org.apache.commons:commons-math3:3.6.1(runtime).
2024-11-23T14:25:04.219-0800 [DEBUG] [org.gradle.api.internal.artifacts.ivyservice.resolveengine.graph.builder.DependencyGraphBuilder] Visiting configuration org.apache.commons:commons-lang3:3.13.0(runtime).
2024-11-23T14:25:04.219-0800 [DEBUG] [org.gradle.api.internal.artifacts.ivyservice.resolveengine.graph.builder.DependencyGraphBuilder] Visiting configuration it.unimi.dsi:fastutil:8.5.12(runtime).
2024-11-23T14:25:04.220-0800 [DEBUG] [org.gradle.api.internal.artifacts.ivyservice.resolveengine.graph.builder.DependencyGraphBuilder] Visiting configuration org.slf4j:slf4j-simple:2.0.7(runtime).
2024-11-23T14:25:04.221-0800 [DEBUG] [org.gradle.api.internal.artifacts.ivyservice.ivyresolve.RepositoryChainComponentMetaDataResolver] Attempting to resolve component for org.slf4j:slf4j-api:2.0.7 using repositories [flatDir, MavenRepo, GitHubPackages]
2024-11-23T14:25:04.221-0800 [DEBUG] [org.gradle.api.internal.artifacts.repositories.resolver.DefaultExternalResourceArtifactResolver] Loading file:/Users/bclement/git/aerie-multimission-models-bb/third-party/slf4j-api-2.0.7.jar
2024-11-23T14:25:04.222-0800 [DEBUG] [org.gradle.api.internal.artifacts.repositories.resolver.DefaultExternalResourceArtifactResolver] Loading file:/Users/bclement/git/aerie-multimission-models-bb/third-party/slf4j-api.jar
2024-11-23T14:25:04.222-0800 [DEBUG] [org.gradle.api.internal.artifacts.repositories.resolver.ExternalResourceResolver] No meta-data file or artifact found for module 'org.slf4j:slf4j-api:2.0.7' in repository 'flatDir'.
2024-11-23T14:25:04.222-0800 [DEBUG] [org.gradle.api.internal.artifacts.ivyservice.modulecache.PersistentModuleMetadataCache] Recording absence of module descriptor in cache: org.slf4j:slf4j-api:2.0.7 [changing = false]
2024-11-23T14:25:04.222-0800 [DEBUG] [org.gradle.api.internal.artifacts.ivyservice.ivyresolve.CachingModuleComponentRepository] Using cached module metadata for module 'org.slf4j:slf4j-api:2.0.7' in 'MavenRepo'
2024-11-23T14:25:04.222-0800 [DEBUG] [org.gradle.api.internal.artifacts.ivyservice.ivyresolve.RepositoryChainComponentMetaDataResolver] Using org.slf4j:slf4j-api:2.0.7 from Maven repository 'MavenRepo'
2024-11-23T14:25:04.222-0800 [DEBUG] [org.gradle.api.internal.artifacts.ivyservice.resolveengine.graph.builder.DependencyGraphBuilder] Visiting configuration gov.nasa.jpl.aerie:merlin-sdk:2.16.0(runtimeElements).
2024-11-23T14:25:04.222-0800 [DEBUG] [org.gradle.api.internal.artifacts.ivyservice.resolveengine.graph.builder.NodeState] Changed edges for gov.nasa.jpl.aerie:merlin-sdk:2.16.0(runtimeElements) selects same versions as previous traversal. ignoring
2024-11-23T14:25:04.222-0800 [DEBUG] [org.gradle.api.internal.artifacts.ivyservice.resolveengine.graph.builder.DependencyGraphBuilder] Visiting configuration org.glassfish:javax.json:1.1.4(runtime).
2024-11-23T14:25:04.223-0800 [DEBUG] [org.gradle.api.internal.artifacts.ivyservice.resolveengine.graph.builder.DependencyGraphBuilder] Visiting configuration com.google.errorprone:error_prone_annotations:2.27.0(runtime).
2024-11-23T14:25:04.223-0800 [DEBUG] [org.gradle.api.internal.artifacts.ivyservice.resolveengine.graph.builder.DependencyGraphBuilder] Visiting configuration gov.nasa.jpl.aerie:merlin-driver:2.16.0(runtimeElements).
2024-11-23T14:25:04.223-0800 [DEBUG] [org.gradle.api.internal.artifacts.ivyservice.resolveengine.graph.builder.NodeState] Changed edges for gov.nasa.jpl.aerie:merlin-driver:2.16.0(runtimeElements) selects same versions as previous traversal. ignoring
2024-11-23T14:25:04.223-0800 [DEBUG] [org.gradle.api.internal.artifacts.ivyservice.resolveengine.graph.builder.DependencyGraphBuilder] Visiting configuration gov.nasa.jpl.aerie:merlin-framework:2.16.0(runtimeElements).
2024-11-23T14:25:04.223-0800 [DEBUG] [org.gradle.api.internal.artifacts.ivyservice.resolveengine.graph.builder.NodeState] Changed edges for gov.nasa.jpl.aerie:merlin-framework:2.16.0(runtimeElements) selects same versions as previous traversal. ignoring
2024-11-23T14:25:04.223-0800 [DEBUG] [org.gradle.api.internal.artifacts.ivyservice.resolveengine.graph.builder.DependencyGraphBuilder] Visiting configuration org.junit.jupiter:junit-jupiter-api:5.10.0(runtimeElements).
2024-11-23T14:25:04.223-0800 [DEBUG] [org.gradle.api.internal.artifacts.ivyservice.resolveengine.graph.builder.NodeState] version for org.junit.jupiter:junit-jupiter-api:5.10.0(runtimeElements) is not selected. ignoring.
2024-11-23T14:25:04.223-0800 [DEBUG] [org.gradle.api.internal.artifacts.ivyservice.resolveengine.graph.builder.DependencyGraphBuilder] Visiting configuration org.junit:junit-bom:5.11.3(runtimeElements).
2024-11-23T14:25:04.224-0800 [DEBUG] [org.gradle.api.internal.artifacts.ivyservice.resolveengine.graph.builder.DependencyGraphBuilder] Visiting configuration org.junit.jupiter:junit-jupiter-api:5.11.3(runtimeElements).
2024-11-23T14:25:04.225-0800 [DEBUG] [org.gradle.api.internal.artifacts.ivyservice.ivyresolve.RepositoryChainComponentMetaDataResolver] Attempting to resolve component for org.opentest4j:opentest4j:1.3.0 using repositories [flatDir, MavenRepo, GitHubPackages]
2024-11-23T14:25:04.225-0800 [DEBUG] [org.gradle.api.internal.artifacts.ivyservice.ivyresolve.CachingModuleComponentRepository] Detected non-existence of module 'org.opentest4j:opentest4j:1.3.0' in resolver cache 'flatDir'
2024-11-23T14:25:04.225-0800 [DEBUG] [org.gradle.api.internal.artifacts.ivyservice.ivyresolve.CachingModuleComponentRepository] Using cached module metadata for module 'org.opentest4j:opentest4j:1.3.0' in 'MavenRepo'
2024-11-23T14:25:04.225-0800 [DEBUG] [org.gradle.api.internal.artifacts.ivyservice.ivyresolve.RepositoryChainComponentMetaDataResolver] Using org.opentest4j:opentest4j:1.3.0 from Maven repository 'MavenRepo'
2024-11-23T14:25:04.226-0800 [DEBUG] [org.gradle.internal.component.model.LoggingAttributeMatchingExplanationBuilder] Candidate org.gradle.internal.component.model.DefaultComponentGraphResolveState$DefaultConfigurationGraphResolveState@1af598ec attribute org.gradle.usage value {org.gradle.category=library, org.gradle.dependency.bundling=external, org.gradle.jvm.version=6, org.gradle.libraryelements=jar, org.gradle.usage=java-api} doesn't requested value java-runtime
2024-11-23T14:25:04.226-0800 [DEBUG] [org.gradle.internal.component.model.LoggingAttributeMatchingExplanationBuilder] Candidate org.gradle.internal.component.model.DefaultComponentGraphResolveState$DefaultConfigurationGraphResolveState@2cd15a5d doesn't have attribute org.gradle.jvm.environment
2024-11-23T14:25:04.226-0800 [DEBUG] [org.gradle.internal.component.model.LoggingAttributeMatchingExplanationBuilder] Candidate org.gradle.internal.component.model.DefaultComponentGraphResolveState$DefaultConfigurationGraphResolveState@5ffc5817 attribute org.gradle.category value {org.gradle.category=documentation} doesn't requested value library
2024-11-23T14:25:04.226-0800 [DEBUG] [org.gradle.internal.component.model.LoggingAttributeMatchingExplanationBuilder] Candidate org.gradle.internal.component.model.DefaultComponentGraphResolveState$DefaultConfigurationGraphResolveState@3374e1c1 attribute org.gradle.category value {org.gradle.category=documentation} doesn't requested value library
2024-11-23T14:25:04.226-0800 [DEBUG] [org.gradle.internal.component.model.DefaultAttributeMatcher] Selected matches [1] from candidates [org.gradle.internal.component.model.DefaultComponentGraphResolveState$DefaultConfigurationGraphResolveState@1af598ec, org.gradle.internal.component.model.DefaultComponentGraphResolveState$DefaultConfigurationGraphResolveState@2cd15a5d, org.gradle.internal.component.model.DefaultComponentGraphResolveState$DefaultConfigurationGraphResolveState@5ffc5817, org.gradle.internal.component.model.DefaultComponentGraphResolveState$DefaultConfigurationGraphResolveState@3374e1c1] for {org.gradle.category=library, org.gradle.dependency.bundling=external, org.gradle.jvm.environment=standard-jvm, org.gradle.jvm.version=21, org.gradle.libraryelements=jar, org.gradle.usage=java-runtime}
2024-11-23T14:25:04.226-0800 [DEBUG] [org.gradle.api.internal.artifacts.ivyservice.resolveengine.graph.builder.DependencyGraphBuilder] Visiting configuration org.junit:junit-bom:5.11.3(runtimeElements).
2024-11-23T14:25:04.227-0800 [DEBUG] [org.gradle.api.internal.artifacts.ivyservice.ivyresolve.RepositoryChainComponentMetaDataResolver] Attempting to resolve component for org.junit.platform:junit-platform-commons:1.11.3 using repositories [flatDir, MavenRepo, GitHubPackages]
2024-11-23T14:25:04.227-0800 [DEBUG] [org.gradle.api.internal.artifacts.ivyservice.ivyresolve.CachingModuleComponentRepository] Detected non-existence of module 'org.junit.platform:junit-platform-commons:1.11.3' in resolver cache 'flatDir'
2024-11-23T14:25:04.227-0800 [DEBUG] [org.gradle.api.internal.artifacts.ivyservice.ivyresolve.CachingModuleComponentRepository] Using cached module metadata for module 'org.junit.platform:junit-platform-commons:1.11.3' in 'MavenRepo'
2024-11-23T14:25:04.227-0800 [DEBUG] [org.gradle.api.internal.artifacts.ivyservice.ivyresolve.RepositoryChainComponentMetaDataResolver] Using org.junit.platform:junit-platform-commons:1.11.3 from Maven repository 'MavenRepo'
2024-11-23T14:25:04.227-0800 [DEBUG] [org.gradle.api.internal.artifacts.ivyservice.resolveengine.graph.builder.DependencyGraphBuilder] Visiting configuration org.junit.jupiter:junit-jupiter-params:5.11.3(runtimeElements).
2024-11-23T14:25:04.228-0800 [DEBUG] [org.gradle.api.internal.artifacts.ivyservice.resolveengine.graph.builder.DependencyGraphBuilder] Visiting configuration org.junit.jupiter:junit-jupiter-engine:5.11.3(runtimeElements).
2024-11-23T14:25:04.228-0800 [DEBUG] [org.gradle.api.internal.artifacts.ivyservice.resolveengine.graph.builder.DependencyGraphBuilder] Visiting configuration org.slf4j:slf4j-api:2.0.7(runtime).
2024-11-23T14:25:04.228-0800 [DEBUG] [org.gradle.api.internal.artifacts.ivyservice.resolveengine.graph.builder.DependencyGraphBuilder] Visiting configuration org.junit.jupiter:junit-jupiter:5.11.3(runtimeElements).
2024-11-23T14:25:04.228-0800 [DEBUG] [org.gradle.api.internal.artifacts.ivyservice.resolveengine.graph.builder.NodeState] Changed edges for org.junit.jupiter:junit-jupiter:5.11.3(runtimeElements) selects same versions as previous traversal. ignoring
2024-11-23T14:25:04.229-0800 [DEBUG] [org.gradle.api.internal.artifacts.ivyservice.resolveengine.graph.builder.DependencyGraphBuilder] Visiting configuration org.opentest4j:opentest4j:1.3.0(runtimeElements).
2024-11-23T14:25:04.229-0800 [DEBUG] [org.gradle.api.internal.artifacts.ivyservice.resolveengine.graph.builder.DependencyGraphBuilder] Visiting configuration org.junit.platform:junit-platform-commons:1.11.3(runtimeElements).
2024-11-23T14:25:04.229-0800 [DEBUG] [org.gradle.api.internal.artifacts.ivyservice.resolveengine.graph.builder.DependencyGraphBuilder] Visiting configuration org.junit:junit-bom:5.11.3(runtimeElements).
2024-11-23T14:25:04.231-0800 [DEBUG] [org.gradle.api.internal.artifacts.ivyservice.ivyresolve.RepositoryChainComponentMetaDataResolver] Attempting to resolve component for org.junit.platform:junit-platform-engine:1.11.3 using repositories [flatDir, MavenRepo, GitHubPackages]
2024-11-23T14:25:04.232-0800 [DEBUG] [org.gradle.api.internal.artifacts.repositories.resolver.DefaultExternalResourceArtifactResolver] Loading file:/Users/bclement/git/aerie-multimission-models-bb/third-party/junit-platform-engine-1.11.3.jar
2024-11-23T14:25:04.232-0800 [DEBUG] [org.gradle.api.internal.artifacts.repositories.resolver.DefaultExternalResourceArtifactResolver] Loading file:/Users/bclement/git/aerie-multimission-models-bb/third-party/junit-platform-engine.jar
2024-11-23T14:25:04.232-0800 [DEBUG] [org.gradle.api.internal.artifacts.repositories.resolver.ExternalResourceResolver] No meta-data file or artifact found for module 'org.junit.platform:junit-platform-engine:1.11.3' in repository 'flatDir'.
2024-11-23T14:25:04.232-0800 [DEBUG] [org.gradle.api.internal.artifacts.ivyservice.modulecache.PersistentModuleMetadataCache] Recording absence of module descriptor in cache: org.junit.platform:junit-platform-engine:1.11.3 [changing = false]
2024-11-23T14:25:04.232-0800 [DEBUG] [org.gradle.api.internal.artifacts.ivyservice.ivyresolve.CachingModuleComponentRepository] Using cached module metadata for module 'org.junit.platform:junit-platform-engine:1.11.3' in 'MavenRepo'
2024-11-23T14:25:04.232-0800 [DEBUG] [org.gradle.api.internal.artifacts.ivyservice.ivyresolve.RepositoryChainComponentMetaDataResolver] Using org.junit.platform:junit-platform-engine:1.11.3 from Maven repository 'MavenRepo'
2024-11-23T14:25:04.233-0800 [DEBUG] [org.gradle.api.internal.artifacts.ivyservice.resolveengine.graph.builder.DependencyGraphBuilder] Visiting configuration org.junit.jupiter:junit-jupiter-api:5.11.3(runtimeElements).
2024-11-23T14:25:04.233-0800 [DEBUG] [org.gradle.api.internal.artifacts.ivyservice.resolveengine.graph.builder.NodeState] Changed edges for org.junit.jupiter:junit-jupiter-api:5.11.3(runtimeElements) selects same versions as previous traversal. ignoring
2024-11-23T14:25:04.233-0800 [DEBUG] [org.gradle.api.internal.artifacts.ivyservice.resolveengine.graph.builder.DependencyGraphBuilder] Visiting configuration org.junit.platform:junit-platform-engine:1.11.3(runtimeElements).
2024-11-23T14:25:04.233-0800 [DEBUG] [org.gradle.api.internal.artifacts.ivyservice.resolveengine.graph.builder.DependencyGraphBuilder] Visiting configuration org.junit:junit-bom:5.11.3(runtimeElements).
2024-11-23T14:25:04.233-0800 [DEBUG] [org.gradle.api.internal.artifacts.ivyservice.resolveengine.graph.builder.NodeState] Changed edges for org.junit:junit-bom:5.11.3(runtimeElements) selects same versions as previous traversal. ignoring
2024-11-23T14:25:04.234-0800 [DEBUG] [org.gradle.api.internal.artifacts.ivyservice.resolveengine.graph.builder.DependencyGraphBuilder] Visiting configuration org.opentest4j:opentest4j:1.3.0(runtimeElements).
2024-11-23T14:25:04.234-0800 [DEBUG] [org.gradle.api.internal.artifacts.ivyservice.resolveengine.graph.builder.NodeState] Changed edges for org.opentest4j:opentest4j:1.3.0(runtimeElements) selects same versions as previous traversal. ignoring
2024-11-23T14:25:04.234-0800 [DEBUG] [org.gradle.api.internal.artifacts.ivyservice.resolveengine.graph.builder.DependencyGraphBuilder] Visiting configuration org.junit.platform:junit-platform-commons:1.11.3(runtimeElements).
2024-11-23T14:25:04.234-0800 [DEBUG] [org.gradle.api.internal.artifacts.ivyservice.resolveengine.graph.builder.NodeState] Changed edges for org.junit.platform:junit-platform-commons:1.11.3(runtimeElements) selects same versions as previous traversal. ignoring
2024-11-23T14:25:04.237-0800 [DEBUG] [org.gradle.api.internal.artifacts.ivyservice.resolveengine.oldresult.TransientConfigurationResultsBuilder] Flushing resolved configuration data in Binary store in /Users/bclement/.gradle/.tmp/gradle5239940577360234248.bin. Wrote root 275.
2024-11-23T14:25:04.238-0800 [DEBUG] [org.gradle.internal.operations.DefaultBuildOperationRunner] Build operation 'Resolve dependencies of :testRuntimeClasspath' completed
2024-11-23T14:25:04.238-0800 [DEBUG] [org.gradle.internal.component.model.LoggingAttributeMatchingExplanationBuilder] Selected match gov.nasa.jpl.aerie:contrib:2.16.0 variant runtimeElements from candidates [gov.nasa.jpl.aerie:contrib:2.16.0 variant runtimeElements] for {org.gradle.category=library, org.gradle.dependency.bundling=external, org.gradle.jvm.environment=standard-jvm, org.gradle.jvm.version=21, org.gradle.libraryelements=jar, org.gradle.usage=java-runtime}
2024-11-23T14:25:04.238-0800 [DEBUG] [org.gradle.internal.component.model.LoggingAttributeMatchingExplanationBuilder] Selected match gov.nasa.jpl.aerie:merlin-framework-junit:2.16.0 variant runtimeElements from candidates [gov.nasa.jpl.aerie:merlin-framework-junit:2.16.0 variant runtimeElements] for {org.gradle.category=library, org.gradle.dependency.bundling=external, org.gradle.jvm.environment=standard-jvm, org.gradle.jvm.version=21, org.gradle.libraryelements=jar, org.gradle.usage=java-runtime}
2024-11-23T14:25:04.239-0800 [DEBUG] [org.gradle.internal.component.model.LoggingAttributeMatchingExplanationBuilder] Selected match gov.nasa.jpl.aerie:merlin-framework:2.16.0 variant runtimeElements from candidates [gov.nasa.jpl.aerie:merlin-framework:2.16.0 variant runtimeElements] for {org.gradle.category=library, org.gradle.dependency.bundling=external, org.gradle.jvm.environment=standard-jvm, org.gradle.jvm.version=21, org.gradle.libraryelements=jar, org.gradle.usage=java-runtime}
2024-11-23T14:25:04.239-0800 [DEBUG] [org.gradle.internal.component.model.LoggingAttributeMatchingExplanationBuilder] Selected match gov.nasa.jpl.aerie:merlin-driver:2.16.0 variant runtimeElements from candidates [gov.nasa.jpl.aerie:merlin-driver:2.16.0 variant runtimeElements] for {org.gradle.category=library, org.gradle.dependency.bundling=external, org.gradle.jvm.environment=standard-jvm, org.gradle.jvm.version=21, org.gradle.libraryelements=jar, org.gradle.usage=java-runtime}
2024-11-23T14:25:04.239-0800 [DEBUG] [org.gradle.internal.component.model.LoggingAttributeMatchingExplanationBuilder] Selected match gov.nasa.jpl.aerie:merlin-sdk:2.16.0 variant runtimeElements from candidates [gov.nasa.jpl.aerie:merlin-sdk:2.16.0 variant runtimeElements] for {org.gradle.category=library, org.gradle.dependency.bundling=external, org.gradle.jvm.environment=standard-jvm, org.gradle.jvm.version=21, org.gradle.libraryelements=jar, org.gradle.usage=java-runtime}
2024-11-23T14:25:04.239-0800 [DEBUG] [org.gradle.internal.component.model.LoggingAttributeMatchingExplanationBuilder] Selected match gov.nasa.jpl.aerie:parsing-utilities:2.16.0 variant runtimeElements from candidates [gov.nasa.jpl.aerie:parsing-utilities:2.16.0 variant runtimeElements] for {org.gradle.category=library, org.gradle.dependency.bundling=external, org.gradle.jvm.environment=standard-jvm, org.gradle.jvm.version=21, org.gradle.libraryelements=jar, org.gradle.usage=java-runtime}
2024-11-23T14:25:04.239-0800 [DEBUG] [org.gradle.internal.component.model.LoggingAttributeMatchingExplanationBuilder] Selected match com.google.code.gson:gson:2.11.0 configuration runtime from candidates [com.google.code.gson:gson:2.11.0 configuration runtime] for {org.gradle.category=library, org.gradle.dependency.bundling=external, org.gradle.jvm.environment=standard-jvm, org.gradle.jvm.version=21, org.gradle.libraryelements=jar, org.gradle.usage=java-runtime}
2024-11-23T14:25:04.240-0800 [DEBUG] [org.gradle.internal.component.model.LoggingAttributeMatchingExplanationBuilder] Selected match org.junit.jupiter:junit-jupiter-params:5.11.3 variant runtimeElements from candidates [org.junit.jupiter:junit-jupiter-params:5.11.3 variant runtimeElements] for {org.gradle.category=library, org.gradle.dependency.bundling=external, org.gradle.jvm.environment=standard-jvm, org.gradle.jvm.version=21, org.gradle.libraryelements=jar, org.gradle.usage=java-runtime}
2024-11-23T14:25:04.240-0800 [DEBUG] [org.gradle.internal.component.model.LoggingAttributeMatchingExplanationBuilder] Selected match org.junit.jupiter:junit-jupiter-engine:5.11.3 variant runtimeElements from candidates [org.junit.jupiter:junit-jupiter-engine:5.11.3 variant runtimeElements] for {org.gradle.category=library, org.gradle.dependency.bundling=external, org.gradle.jvm.environment=standard-jvm, org.gradle.jvm.version=21, org.gradle.libraryelements=jar, org.gradle.usage=java-runtime}
2024-11-23T14:25:04.240-0800 [DEBUG] [org.gradle.internal.component.model.LoggingAttributeMatchingExplanationBuilder] Selected match org.junit.jupiter:junit-jupiter-api:5.11.3 variant runtimeElements from candidates [org.junit.jupiter:junit-jupiter-api:5.11.3 variant runtimeElements] for {org.gradle.category=library, org.gradle.dependency.bundling=external, org.gradle.jvm.environment=standard-jvm, org.gradle.jvm.version=21, org.gradle.libraryelements=jar, org.gradle.usage=java-runtime}
2024-11-23T14:25:04.240-0800 [DEBUG] [org.gradle.internal.component.model.LoggingAttributeMatchingExplanationBuilder] Selected match org.junit.platform:junit-platform-engine:1.11.3 variant runtimeElements from candidates [org.junit.platform:junit-platform-engine:1.11.3 variant runtimeElements] for {org.gradle.category=library, org.gradle.dependency.bundling=external, org.gradle.jvm.environment=standard-jvm, org.gradle.jvm.version=21, org.gradle.libraryelements=jar, org.gradle.usage=java-runtime}
2024-11-23T14:25:04.240-0800 [DEBUG] [org.gradle.internal.component.model.LoggingAttributeMatchingExplanationBuilder] Selected match org.junit.platform:junit-platform-commons:1.11.3 variant runtimeElements from candidates [org.junit.platform:junit-platform-commons:1.11.3 variant runtimeElements] for {org.gradle.category=library, org.gradle.dependency.bundling=external, org.gradle.jvm.environment=standard-jvm, org.gradle.jvm.version=21, org.gradle.libraryelements=jar, org.gradle.usage=java-runtime}
2024-11-23T14:25:04.240-0800 [DEBUG] [org.gradle.internal.component.model.LoggingAttributeMatchingExplanationBuilder] Selected match org.junit:junit-bom:5.11.3 variant runtimeElements from candidates [org.junit:junit-bom:5.11.3 variant runtimeElements] for {org.gradle.category=platform, org.gradle.dependency.bundling=external, org.gradle.jvm.environment=standard-jvm, org.gradle.jvm.version=21, org.gradle.libraryelements=jar, org.gradle.usage=java-runtime}
2024-11-23T14:25:04.240-0800 [DEBUG] [org.gradle.internal.component.model.LoggingAttributeMatchingExplanationBuilder] Selected match org.junit:junit-bom:5.11.3 variant runtimeElements from candidates [org.junit:junit-bom:5.11.3 variant runtimeElements] for {org.gradle.category=platform, org.gradle.dependency.bundling=external, org.gradle.jvm.environment=standard-jvm, org.gradle.jvm.version=21, org.gradle.libraryelements=jar, org.gradle.usage=java-runtime}
2024-11-23T14:25:04.241-0800 [DEBUG] [org.gradle.internal.component.model.LoggingAttributeMatchingExplanationBuilder] Selected match org.junit:junit-bom:5.11.3 variant runtimeElements from candidates [org.junit:junit-bom:5.11.3 variant runtimeElements] for {org.gradle.category=platform, org.gradle.dependency.bundling=external, org.gradle.jvm.environment=standard-jvm, org.gradle.jvm.version=21, org.gradle.libraryelements=jar, org.gradle.usage=java-runtime}
2024-11-23T14:25:04.241-0800 [DEBUG] [org.gradle.internal.component.model.LoggingAttributeMatchingExplanationBuilder] Selected match org.junit:junit-bom:5.11.3 variant runtimeElements from candidates [org.junit:junit-bom:5.11.3 variant runtimeElements] for {org.gradle.category=platform, org.gradle.dependency.bundling=external, org.gradle.jvm.environment=standard-jvm, org.gradle.jvm.version=21, org.gradle.libraryelements=jar, org.gradle.usage=java-runtime}
2024-11-23T14:25:04.241-0800 [DEBUG] [org.gradle.internal.component.model.LoggingAttributeMatchingExplanationBuilder] Selected match org.junit:junit-bom:5.11.3 variant runtimeElements from candidates [org.junit:junit-bom:5.11.3 variant runtimeElements] for {org.gradle.category=platform, org.gradle.dependency.bundling=external, org.gradle.jvm.environment=standard-jvm, org.gradle.jvm.version=21, org.gradle.libraryelements=jar, org.gradle.usage=java-runtime}
2024-11-23T14:25:04.241-0800 [DEBUG] [org.gradle.internal.component.model.LoggingAttributeMatchingExplanationBuilder] Selected match org.junit:junit-bom:5.11.3 variant runtimeElements from candidates [org.junit:junit-bom:5.11.3 variant runtimeElements] for {org.gradle.category=platform, org.gradle.dependency.bundling=external, org.gradle.jvm.environment=standard-jvm, org.gradle.jvm.version=21, org.gradle.libraryelements=jar, org.gradle.usage=java-runtime}
2024-11-23T14:25:04.242-0800 [DEBUG] [org.gradle.internal.component.model.LoggingAttributeMatchingExplanationBuilder] Selected match org.junit.jupiter:junit-jupiter:5.11.3 variant runtimeElements from candidates [org.junit.jupiter:junit-jupiter:5.11.3 variant runtimeElements] for {org.gradle.category=library, org.gradle.dependency.bundling=external, org.gradle.jvm.environment=standard-jvm, org.gradle.jvm.version=21, org.gradle.libraryelements=jar, org.gradle.usage=java-runtime}
2024-11-23T14:25:04.242-0800 [DEBUG] [org.gradle.internal.component.model.LoggingAttributeMatchingExplanationBuilder] Selected match JNISpice:JNISpice:N0067 configuration default from candidates [JNISpice:JNISpice:N0067 configuration default] for {org.gradle.category=library, org.gradle.dependency.bundling=external, org.gradle.jvm.environment=standard-jvm, org.gradle.jvm.version=21, org.gradle.libraryelements=jar, org.gradle.usage=java-runtime}
2024-11-23T14:25:04.242-0800 [DEBUG] [org.gradle.internal.component.model.LoggingAttributeMatchingExplanationBuilder] Selected match org.apache.commons:commons-math3:3.6.1 configuration runtime from candidates [org.apache.commons:commons-math3:3.6.1 configuration runtime] for {org.gradle.category=library, org.gradle.dependency.bundling=external, org.gradle.jvm.environment=standard-jvm, org.gradle.jvm.version=21, org.gradle.libraryelements=jar, org.gradle.usage=java-runtime}
2024-11-23T14:25:04.242-0800 [DEBUG] [org.gradle.internal.component.model.LoggingAttributeMatchingExplanationBuilder] Selected match org.apache.commons:commons-lang3:3.13.0 configuration runtime from candidates [org.apache.commons:commons-lang3:3.13.0 configuration runtime] for {org.gradle.category=library, org.gradle.dependency.bundling=external, org.gradle.jvm.environment=standard-jvm, org.gradle.jvm.version=21, org.gradle.libraryelements=jar, org.gradle.usage=java-runtime}
2024-11-23T14:25:04.242-0800 [DEBUG] [org.gradle.internal.component.model.LoggingAttributeMatchingExplanationBuilder] Selected match it.unimi.dsi:fastutil:8.5.12 configuration runtime from candidates [it.unimi.dsi:fastutil:8.5.12 configuration runtime] for {org.gradle.category=library, org.gradle.dependency.bundling=external, org.gradle.jvm.environment=standard-jvm, org.gradle.jvm.version=21, org.gradle.libraryelements=jar, org.gradle.usage=java-runtime}
2024-11-23T14:25:04.243-0800 [DEBUG] [org.gradle.internal.component.model.LoggingAttributeMatchingExplanationBuilder] Selected match org.slf4j:slf4j-simple:2.0.7 configuration runtime from candidates [org.slf4j:slf4j-simple:2.0.7 configuration runtime] for {org.gradle.category=library, org.gradle.dependency.bundling=external, org.gradle.jvm.environment=standard-jvm, org.gradle.jvm.version=21, org.gradle.libraryelements=jar, org.gradle.usage=java-runtime}
2024-11-23T14:25:04.243-0800 [DEBUG] [org.gradle.internal.component.model.LoggingAttributeMatchingExplanationBuilder] Selected match org.glassfish:javax.json:1.1.4 configuration runtime from candidates [org.glassfish:javax.json:1.1.4 configuration runtime] for {org.gradle.category=library, org.gradle.dependency.bundling=external, org.gradle.jvm.environment=standard-jvm, org.gradle.jvm.version=21, org.gradle.libraryelements=jar, org.gradle.usage=java-runtime}
2024-11-23T14:25:04.243-0800 [DEBUG] [org.gradle.internal.component.model.LoggingAttributeMatchingExplanationBuilder] Selected match com.google.errorprone:error_prone_annotations:2.27.0 configuration runtime from candidates [com.google.errorprone:error_prone_annotations:2.27.0 configuration runtime] for {org.gradle.category=library, org.gradle.dependency.bundling=external, org.gradle.jvm.environment=standard-jvm, org.gradle.jvm.version=21, org.gradle.libraryelements=jar, org.gradle.usage=java-runtime}
2024-11-23T14:25:04.243-0800 [DEBUG] [org.gradle.internal.component.model.LoggingAttributeMatchingExplanationBuilder] Selected match org.slf4j:slf4j-api:2.0.7 configuration runtime from candidates [org.slf4j:slf4j-api:2.0.7 configuration runtime] for {org.gradle.category=library, org.gradle.dependency.bundling=external, org.gradle.jvm.environment=standard-jvm, org.gradle.jvm.version=21, org.gradle.libraryelements=jar, org.gradle.usage=java-runtime}
2024-11-23T14:25:04.243-0800 [DEBUG] [org.gradle.internal.component.model.LoggingAttributeMatchingExplanationBuilder] Selected match org.opentest4j:opentest4j:1.3.0 variant runtimeElements from candidates [org.opentest4j:opentest4j:1.3.0 variant runtimeElements] for {org.gradle.category=library, org.gradle.dependency.bundling=external, org.gradle.jvm.environment=standard-jvm, org.gradle.jvm.version=21, org.gradle.libraryelements=jar, org.gradle.usage=java-runtime}
2024-11-23T14:25:04.244-0800 [DEBUG] [org.gradle.internal.component.model.LoggingAttributeMatchingExplanationBuilder] Selected match jplTime-2022-08.jar from candidates [jplTime-2022-08.jar] for {org.gradle.category=library, org.gradle.dependency.bundling=external, org.gradle.jvm.environment=standard-jvm, org.gradle.jvm.version=21, org.gradle.libraryelements=jar, org.gradle.usage=java-runtime}
2024-11-23T14:25:04.244-0800 [DEBUG] [org.gradle.internal.component.model.LoggingAttributeMatchingExplanationBuilder] Selected match jplTime-2022-08.jar from candidates [jplTime-2022-08.jar] for {org.gradle.category=library, org.gradle.dependency.bundling=external, org.gradle.jvm.environment=standard-jvm, org.gradle.jvm.version=21, org.gradle.libraryelements=jar, org.gradle.usage=java-runtime}
2024-11-23T14:25:04.246-0800 [DEBUG] [org.gradle.api.internal.artifacts.ivyservice.ivyresolve.CachingModuleComponentRepository] Found artifact 'org.gradle.internal.component.external.model.UrlBackedArtifactMetadata@228c7e19' in resolver cache: /Users/bclement/.gradle/caches/modules-2/files-2.1/org.junit.jupiter/junit-jupiter-engine/5.11.3/78392fae7f493f92618b837610c2915d0528b4fa/junit-jupiter-engine-5.11.3.jar
2024-11-23T14:25:04.246-0800 [DEBUG] [org.gradle.api.internal.artifacts.ivyservice.ivyresolve.CachingModuleComponentRepository] Found artifact 'org.gradle.internal.component.external.model.UrlBackedArtifactMetadata@32fdcd0f' in resolver cache: /Users/bclement/.gradle/caches/modules-2/files-2.1/org.junit.platform/junit-platform-engine/1.11.3/b2b5f1af958609110c1f4ce055b9050fec77fbda/junit-platform-engine-1.11.3.jar
2024-11-23T14:25:04.246-0800 [DEBUG] [org.gradle.api.internal.artifacts.ivyservice.ivyresolve.CachingModuleComponentRepository] Found artifact 'slf4j-simple-2.0.7.jar (org.slf4j:slf4j-simple:2.0.7)' in resolver cache: /Users/bclement/.gradle/caches/modules-2/files-2.1/org.slf4j/slf4j-simple/2.0.7/bfa4d4dad645a5b11c022ae0043bac2df6cf16b5/slf4j-simple-2.0.7.jar
2024-11-23T14:25:04.247-0800 [DEBUG] [org.gradle.api.internal.artifacts.ivyservice.ivyresolve.CachingModuleComponentRepository] Found artifact 'fastutil-8.5.12.jar (it.unimi.dsi:fastutil:8.5.12)' in resolver cache: /Users/bclement/.gradle/caches/modules-2/files-2.1/it.unimi.dsi/fastutil/8.5.12/c24946d46824bd528054bface3231d2ecb7e95e8/fastutil-8.5.12.jar
2024-11-23T14:25:04.248-0800 [DEBUG] [org.gradle.api.internal.artifacts.ivyservice.ivyresolve.CachingModuleComponentRepository] Found artifact 'slf4j-api-2.0.7.jar (org.slf4j:slf4j-api:2.0.7)' in resolver cache: /Users/bclement/.gradle/caches/modules-2/files-2.1/org.slf4j/slf4j-api/2.0.7/41eb7184ea9d556f23e18b5cb99cad1f8581fc00/slf4j-api-2.0.7.jar
2024-11-23T14:25:04.248-0800 [DEBUG] [org.gradle.internal.operations.DefaultBuildOperationRunner] Build operation 'Resolve slf4j-simple-2.0.7.jar (org.slf4j:slf4j-simple:2.0.7)' completed
2024-11-23T14:25:04.253-0800 [DEBUG] [org.gradle.internal.resources.AbstractTrackedResourceLock] included builds: released lock on state of build :
2024-11-23T14:25:04.253-0800 [DEBUG] [org.gradle.internal.resources.AbstractTrackedResourceLock] included builds: released lock on worker lease
2024-11-23T14:25:04.257-0800 [DEBUG] [org.gradle.internal.resources.AbstractTrackedResourceLock] included builds: acquired lock on state of build :
2024-11-23T14:25:04.257-0800 [DEBUG] [org.gradle.internal.resources.AbstractTrackedResourceLock] included builds: acquired lock on worker lease
2024-11-23T14:25:04.258-0800 [DEBUG] [org.gradle.internal.operations.DefaultBuildOperationRunner] Build operation 'Resolve files of configuration ':testRuntimeClasspath'' completed
2024-11-23T14:25:04.258-0800 [DEBUG] [org.gradle.internal.operations.DefaultBuildOperationRunner] Build operation 'Snapshot inputs and outputs before executing task ':test'' completed
2024-11-23T14:25:04.260-0800 [DEBUG] [org.gradle.internal.component.model.LoggingAttributeMatchingExplanationBuilder] Selected match jplTime-2022-08.jar from candidates [jplTime-2022-08.jar] for {org.gradle.category=library, org.gradle.dependency.bundling=external, org.gradle.jvm.environment=standard-jvm, org.gradle.jvm.version=21, org.gradle.libraryelements=jar, org.gradle.usage=java-runtime}
2024-11-23T14:25:04.260-0800 [DEBUG] [org.gradle.internal.component.model.LoggingAttributeMatchingExplanationBuilder] Selected match jplTime-2022-08.jar from candidates [jplTime-2022-08.jar] for {org.gradle.category=library, org.gradle.dependency.bundling=external, org.gradle.jvm.environment=standard-jvm, org.gradle.jvm.version=21, org.gradle.libraryelements=jar, org.gradle.usage=java-runtime}
2024-11-23T14:25:04.260-0800 [DEBUG] [org.gradle.internal.operations.DefaultBuildOperationRunner] Build operation 'Resolve files of configuration ':testRuntimeClasspath'' completed
2024-11-23T14:25:04.262-0800 [INFO] [org.gradle.internal.execution.steps.AbstractResolveCachingStateStep] Caching disabled for task ':test' because:
  Build cache is disabled
2024-11-23T14:25:04.262-0800 [DEBUG] [org.gradle.internal.operations.DefaultBuildOperationRunner] Build operation 'Snapshot task inputs for :test' completed
2024-11-23T14:25:04.262-0800 [DEBUG] [org.gradle.internal.execution.steps.SkipUpToDateStep] Determining if task ':test' is up-to-date
2024-11-23T14:25:04.262-0800 [INFO] [org.gradle.internal.execution.steps.SkipUpToDateStep] Skipping task ':test' as it is up-to-date.
2024-11-23T14:25:04.262-0800 [DEBUG] [org.gradle.api.internal.tasks.execution.ResolveTaskExecutionModeExecuter] Removed task artifact state for task ':test' from context.
2024-11-23T14:25:04.262-0800 [DEBUG] [org.gradle.internal.operations.DefaultBuildOperationRunner] Completing Build operation 'Task :test'
2024-11-23T14:25:04.262-0800 [DEBUG] [org.gradle.internal.operations.DefaultBuildOperationRunner] Build operation 'Task :test' completed
2024-11-23T14:25:04.263-0800 [DEBUG] [org.gradle.execution.plan.DefaultFinalizedExecutionPlan] Node :test completed, executed: true
2024-11-23T14:25:04.263-0800 [DEBUG] [org.gradle.execution.plan.DefaultFinalizedExecutionPlan] Node :test finished executing
2024-11-23T14:25:04.263-0800 [DEBUG] [org.gradle.internal.resources.AbstractTrackedResourceLock] included builds: released lock on state of build :
2024-11-23T14:25:04.263-0800 [DEBUG] [org.gradle.internal.resources.AbstractTrackedResourceLock] included builds: released lock on task execution for build :
2024-11-23T14:25:04.263-0800 [DEBUG] [org.gradle.internal.resources.AbstractTrackedResourceLock] Execution worker Thread 14: acquired lock on worker lease
2024-11-23T14:25:04.263-0800 [DEBUG] [org.gradle.internal.resources.AbstractTrackedResourceLock] Execution worker Thread 14: released lock on worker lease
2024-11-23T14:25:04.263-0800 [DEBUG] [org.gradle.internal.resources.AbstractTrackedResourceLock] Execution worker: acquired lock on worker lease
2024-11-23T14:25:04.263-0800 [DEBUG] [org.gradle.internal.resources.AbstractTrackedResourceLock] Execution worker: released lock on worker lease
2024-11-23T14:25:04.264-0800 [DEBUG] [org.gradle.internal.resources.AbstractTrackedResourceLock] Execution worker Thread 15: acquired lock on worker lease
2024-11-23T14:25:04.264-0800 [DEBUG] [org.gradle.internal.resources.AbstractTrackedResourceLock] Execution worker Thread 15: released lock on worker lease
2024-11-23T14:25:04.264-0800 [DEBUG] [org.gradle.internal.resources.AbstractTrackedResourceLock] Execution worker Thread 3: acquired lock on worker lease
2024-11-23T14:25:04.264-0800 [DEBUG] [org.gradle.internal.resources.AbstractTrackedResourceLock] Execution worker Thread 3: released lock on worker lease
2024-11-23T14:25:04.264-0800 [DEBUG] [org.gradle.internal.resources.AbstractTrackedResourceLock] Execution worker Thread 4: acquired lock on worker lease
2024-11-23T14:25:04.264-0800 [DEBUG] [org.gradle.internal.resources.AbstractTrackedResourceLock] Execution worker Thread 4: released lock on worker lease
2024-11-23T14:25:04.264-0800 [DEBUG] [org.gradle.internal.resources.AbstractTrackedResourceLock] Execution worker Thread 10: acquired lock on worker lease
2024-11-23T14:25:04.264-0800 [DEBUG] [org.gradle.internal.resources.AbstractTrackedResourceLock] Execution worker Thread 10: released lock on worker lease
2024-11-23T14:25:04.264-0800 [DEBUG] [org.gradle.internal.resources.AbstractTrackedResourceLock] Execution worker Thread 5: acquired lock on worker lease
2024-11-23T14:25:04.264-0800 [DEBUG] [org.gradle.internal.resources.AbstractTrackedResourceLock] Execution worker Thread 5: released lock on worker lease
2024-11-23T14:25:04.264-0800 [DEBUG] [org.gradle.internal.resources.AbstractTrackedResourceLock] Execution worker Thread 8: acquired lock on worker lease
2024-11-23T14:25:04.265-0800 [DEBUG] [org.gradle.internal.resources.AbstractTrackedResourceLock] Execution worker Thread 8: released lock on worker lease
2024-11-23T14:25:04.265-0800 [DEBUG] [org.gradle.internal.resources.AbstractTrackedResourceLock] Execution worker Thread 6: acquired lock on worker lease
2024-11-23T14:25:04.265-0800 [DEBUG] [org.gradle.internal.resources.AbstractTrackedResourceLock] Execution worker Thread 6: released lock on worker lease
2024-11-23T14:25:04.265-0800 [DEBUG] [org.gradle.internal.resources.AbstractTrackedResourceLock] Execution worker Thread 2: acquired lock on worker lease
2024-11-23T14:25:04.265-0800 [DEBUG] [org.gradle.internal.resources.AbstractTrackedResourceLock] Execution worker Thread 2: released lock on worker lease
2024-11-23T14:25:04.265-0800 [DEBUG] [org.gradle.internal.resources.AbstractTrackedResourceLock] Execution worker Thread 7: acquired lock on worker lease
2024-11-23T14:25:04.265-0800 [DEBUG] [org.gradle.internal.resources.AbstractTrackedResourceLock] Execution worker Thread 7: released lock on worker lease
2024-11-23T14:25:04.265-0800 [DEBUG] [org.gradle.internal.resources.AbstractTrackedResourceLock] Execution worker Thread 9: acquired lock on worker lease
2024-11-23T14:25:04.265-0800 [DEBUG] [org.gradle.internal.resources.AbstractTrackedResourceLock] Execution worker Thread 9: released lock on worker lease
2024-11-23T14:25:04.265-0800 [DEBUG] [org.gradle.internal.resources.AbstractTrackedResourceLock] Execution worker Thread 11: acquired lock on worker lease
2024-11-23T14:25:04.266-0800 [DEBUG] [org.gradle.internal.resources.AbstractTrackedResourceLock] Execution worker Thread 11: released lock on worker lease
2024-11-23T14:25:04.266-0800 [DEBUG] [org.gradle.internal.resources.AbstractTrackedResourceLock] Execution worker Thread 12: acquired lock on worker lease
2024-11-23T14:25:04.266-0800 [DEBUG] [org.gradle.internal.resources.AbstractTrackedResourceLock] Execution worker Thread 12: released lock on worker lease
2024-11-23T14:25:04.266-0800 [DEBUG] [org.gradle.internal.resources.AbstractTrackedResourceLock] Execution worker Thread 13: acquired lock on worker lease
2024-11-23T14:25:04.266-0800 [DEBUG] [org.gradle.internal.resources.AbstractTrackedResourceLock] Execution worker Thread 13: released lock on worker lease
2024-11-23T14:25:04.266-0800 [DEBUG] [org.gradle.internal.operations.DefaultBuildOperationRunner] Completing Build operation 'Run tasks'
2024-11-23T14:25:04.266-0800 [DEBUG] [org.gradle.internal.operations.DefaultBuildOperationRunner] Build operation 'Run tasks' completed
2024-11-23T14:25:04.266-0800 [DEBUG] [org.gradle.internal.resources.AbstractTrackedResourceLock] included builds: released lock on worker lease
2024-11-23T14:25:04.267-0800 [DEBUG] [org.gradle.internal.resources.AbstractTrackedResourceLock] Execution worker Thread 14: acquired lock on worker lease
2024-11-23T14:25:04.267-0800 [DEBUG] [org.gradle.internal.resources.AbstractTrackedResourceLock] Execution worker Thread 14: released lock on worker lease
2024-11-23T14:25:04.267-0800 [DEBUG] [org.gradle.internal.resources.AbstractTrackedResourceLock] Daemon worker Thread 2: acquired lock on worker lease
2024-11-23T14:25:04.267-0800 [DEBUG] [org.gradle.internal.resources.AbstractTrackedResourceLock] Execution worker Thread 13: acquired lock on worker lease
2024-11-23T14:25:04.267-0800 [DEBUG] [org.gradle.internal.operations.DefaultBuildOperationRunner] Completing Build operation 'Run main tasks'
2024-11-23T14:25:04.267-0800 [DEBUG] [org.gradle.internal.resources.AbstractTrackedResourceLock] Execution worker Thread 13: released lock on worker lease
2024-11-23T14:25:04.267-0800 [DEBUG] [org.gradle.internal.operations.DefaultBuildOperationRunner] Build operation 'Run main tasks' completed
2024-11-23T14:25:04.267-0800 [DEBUG] [org.gradle.internal.resources.AbstractTrackedResourceLock] Execution worker Thread 12: acquired lock on worker lease
2024-11-23T14:25:04.267-0800 [DEBUG] [org.gradle.internal.resources.AbstractTrackedResourceLock] Execution worker Thread 12: released lock on worker lease
2024-11-23T14:25:04.268-0800 [DEBUG] [org.gradle.internal.resources.AbstractTrackedResourceLock] Execution worker Thread 11: acquired lock on worker lease
2024-11-23T14:25:04.268-0800 [DEBUG] [org.gradle.internal.resources.AbstractTrackedResourceLock] Execution worker Thread 11: released lock on worker lease
2024-11-23T14:25:04.268-0800 [DEBUG] [org.gradle.internal.resources.AbstractTrackedResourceLock] Execution worker Thread 9: acquired lock on worker lease
2024-11-23T14:25:04.268-0800 [DEBUG] [org.gradle.internal.resources.AbstractTrackedResourceLock] Execution worker Thread 9: released lock on worker lease
2024-11-23T14:25:04.268-0800 [DEBUG] [org.gradle.internal.resources.AbstractTrackedResourceLock] Execution worker Thread 7: acquired lock on worker lease
2024-11-23T14:25:04.268-0800 [DEBUG] [org.gradle.internal.resources.AbstractTrackedResourceLock] Execution worker Thread 7: released lock on worker lease
2024-11-23T14:25:04.268-0800 [DEBUG] [org.gradle.internal.resources.AbstractTrackedResourceLock] Execution worker Thread 2: acquired lock on worker lease
2024-11-23T14:25:04.268-0800 [DEBUG] [org.gradle.internal.resources.AbstractTrackedResourceLock] Execution worker Thread 2: released lock on worker lease
2024-11-23T14:25:04.269-0800 [DEBUG] [org.gradle.internal.resources.AbstractTrackedResourceLock] Execution worker Thread 6: acquired lock on worker lease
2024-11-23T14:25:04.269-0800 [DEBUG] [org.gradle.internal.resources.AbstractTrackedResourceLock] Execution worker Thread 6: released lock on worker lease
2024-11-23T14:25:04.269-0800 [DEBUG] [org.gradle.internal.resources.AbstractTrackedResourceLock] Execution worker Thread 8: acquired lock on worker lease
2024-11-23T14:25:04.269-0800 [DEBUG] [org.gradle.internal.resources.AbstractTrackedResourceLock] Execution worker Thread 8: released lock on worker lease
2024-11-23T14:25:04.269-0800 [DEBUG] [org.gradle.internal.resources.AbstractTrackedResourceLock] Execution worker Thread 5: acquired lock on worker lease
2024-11-23T14:25:04.269-0800 [DEBUG] [org.gradle.internal.resources.AbstractTrackedResourceLock] Execution worker Thread 5: released lock on worker lease
2024-11-23T14:25:04.269-0800 [DEBUG] [org.gradle.internal.resources.AbstractTrackedResourceLock] Execution worker Thread 10: acquired lock on worker lease
2024-11-23T14:25:04.269-0800 [DEBUG] [org.gradle.internal.resources.AbstractTrackedResourceLock] Execution worker Thread 10: released lock on worker lease
2024-11-23T14:25:04.269-0800 [DEBUG] [org.gradle.internal.resources.AbstractTrackedResourceLock] Execution worker Thread 4: acquired lock on worker lease
2024-11-23T14:25:04.270-0800 [DEBUG] [org.gradle.internal.resources.AbstractTrackedResourceLock] Execution worker Thread 4: released lock on worker lease
2024-11-23T14:25:04.270-0800 [DEBUG] [org.gradle.internal.resources.AbstractTrackedResourceLock] Execution worker Thread 3: acquired lock on worker lease
2024-11-23T14:25:04.270-0800 [DEBUG] [org.gradle.internal.resources.AbstractTrackedResourceLock] Execution worker Thread 3: released lock on worker lease
2024-11-23T14:25:04.270-0800 [DEBUG] [org.gradle.internal.resources.AbstractTrackedResourceLock] Execution worker Thread 15: acquired lock on worker lease
2024-11-23T14:25:04.270-0800 [DEBUG] [org.gradle.internal.resources.AbstractTrackedResourceLock] Execution worker Thread 15: released lock on worker lease
2024-11-23T14:25:04.270-0800 [DEBUG] [org.gradle.internal.resources.AbstractTrackedResourceLock] Execution worker: acquired lock on worker lease
2024-11-23T14:25:04.271-0800 [DEBUG] [org.gradle.internal.resources.AbstractTrackedResourceLock] Execution worker: released lock on worker lease
2024-11-23T14:25:04.271-0800 [DEBUG] [org.gradle.internal.operations.DefaultBuildOperationRunner] Build operation 'Finish root build tree' started
2024-11-23T14:25:04.271-0800 [DEBUG] [org.gradle.internal.operations.DefaultBuildOperationRunner] Completing Build operation 'Finish root build tree'
2024-11-23T14:25:04.271-0800 [DEBUG] [org.gradle.internal.operations.DefaultBuildOperationRunner] Build operation 'Finish root build tree' completed
2024-11-23T14:25:04.271-0800 [LIFECYCLE] [org.gradle.internal.buildevents.BuildResultLogger] 
2024-11-23T14:25:04.272-0800 [LIFECYCLE] [org.gradle.internal.buildevents.BuildResultLogger] BUILD SUCCESSFUL in 1s
2024-11-23T14:25:04.272-0800 [LIFECYCLE] [org.gradle.internal.buildevents.TaskExecutionStatisticsReporter] 5 actionable tasks: 5 up-to-date
2024-11-23T14:25:04.272-0800 [DEBUG] [org.gradle.internal.operations.DefaultBuildOperationRunner] Build operation 'Build finished for file system watching' started
2024-11-23T14:25:04.274-0800 [INFO] [org.gradle.internal.watch.registry.impl.HierarchicalFileWatcherUpdater] Watched directory hierarchies: [/Users/bclement/git/aerie-multimission-models-bb]
2024-11-23T14:25:04.274-0800 [DEBUG] [org.gradle.internal.operations.DefaultBuildOperationRunner] Completing Build operation 'Build finished for file system watching'
2024-11-23T14:25:04.275-0800 [DEBUG] [org.gradle.internal.operations.DefaultBuildOperationRunner] Build operation 'Build finished for file system watching' completed
2024-11-23T14:25:04.276-0800 [DEBUG] [org.gradle.cache.internal.LockOnDemandCrossProcessCacheAccess] Releasing file lock for cache directory md-supplier (/Users/bclement/.gradle/caches/8.7/md-supplier)
2024-11-23T14:25:04.276-0800 [DEBUG] [org.gradle.cache.internal.DefaultFileLockManager] Releasing lock on cache directory md-supplier (/Users/bclement/.gradle/caches/8.7/md-supplier).
2024-11-23T14:25:04.277-0800 [DEBUG] [org.gradle.cache.internal.LockOnDemandCrossProcessCacheAccess] Releasing file lock for Build Output Cleanup Cache (/Users/bclement/git/aerie-multimission-models-bb/.gradle/buildOutputCleanup)
2024-11-23T14:25:04.277-0800 [DEBUG] [org.gradle.cache.internal.btree.BTreePersistentIndexedCache] Closing cache outputFiles.bin (/Users/bclement/git/aerie-multimission-models-bb/.gradle/buildOutputCleanup/outputFiles.bin)
2024-11-23T14:25:04.278-0800 [DEBUG] [org.gradle.cache.internal.DefaultFileLockManager] Releasing lock on Build Output Cleanup Cache (/Users/bclement/git/aerie-multimission-models-bb/.gradle/buildOutputCleanup).
2024-11-23T14:25:04.278-0800 [DEBUG] [org.gradle.cache.internal.LockOnDemandCrossProcessCacheAccess] Releasing file lock for execution history cache (/Users/bclement/git/aerie-multimission-models-bb/.gradle/8.7/executionHistory)
2024-11-23T14:25:04.278-0800 [DEBUG] [org.gradle.cache.internal.DefaultFileLockManager] Releasing lock on execution history cache (/Users/bclement/git/aerie-multimission-models-bb/.gradle/8.7/executionHistory).
2024-11-23T14:25:04.279-0800 [DEBUG] [org.gradle.cache.internal.LockOnDemandCrossProcessCacheAccess] Releasing file lock for cache directory md-rule (/Users/bclement/.gradle/caches/8.7/md-rule)
2024-11-23T14:25:04.279-0800 [DEBUG] [org.gradle.cache.internal.DefaultFileLockManager] Releasing lock on cache directory md-rule (/Users/bclement/.gradle/caches/8.7/md-rule).
2024-11-23T14:25:04.280-0800 [DEBUG] [org.gradle.api.internal.artifacts.ivyservice.resolveengine.store.CachedStoreFactory] Resolution result cache closed. Cache reads: 0, disk reads: 0 (avg: 0.0 secs, total: 0.0 secs)
2024-11-23T14:25:04.281-0800 [DEBUG] [org.gradle.api.internal.artifacts.ivyservice.resolveengine.store.CachedStoreFactory] Resolution result cache closed. Cache reads: 0, disk reads: 0 (avg: 0.0 secs, total: 0.0 secs)
2024-11-23T14:25:04.282-0800 [DEBUG] [org.gradle.api.internal.artifacts.ivyservice.resolveengine.store.ResolutionResultsStoreFactory] Deleted 4 resolution results binary files in 0.001 secs
2024-11-23T14:25:04.282-0800 [DEBUG] [org.gradle.internal.operations.DefaultBuildOperationRunner] Completing Build operation 'Run build'
2024-11-23T14:25:04.282-0800 [DEBUG] [org.gradle.internal.operations.DefaultBuildOperationRunner] Build operation 'Run build' completed
2024-11-23T14:25:04.283-0800 [DEBUG] [org.gradle.internal.resources.AbstractTrackedResourceLock] Daemon worker Thread 2: released lock on worker lease
2024-11-23T14:25:04.284-0800 [DEBUG] [org.gradle.deployment.internal.DefaultDeploymentRegistry] Stopping 0 deployment handles
2024-11-23T14:25:04.285-0800 [DEBUG] [org.gradle.deployment.internal.DefaultDeploymentRegistry] Stopped deployment handles
2024-11-23T14:25:04.285-0800 [DEBUG] [org.gradle.cache.internal.LockOnDemandCrossProcessCacheAccess] Releasing file lock for file hash cache (/Users/bclement/git/aerie-multimission-models-bb/.gradle/8.7/fileHashes)
2024-11-23T14:25:04.285-0800 [DEBUG] [org.gradle.cache.internal.DefaultFileLockManager] Releasing lock on file hash cache (/Users/bclement/git/aerie-multimission-models-bb/.gradle/8.7/fileHashes).
2024-11-23T14:25:04.286-0800 [DEBUG] [org.gradle.cache.internal.DefaultPersistentDirectoryStore] VCS Checkout Cache (/Users/bclement/git/aerie-multimission-models-bb/.gradle/vcs-1) has last been fully cleaned up 0 hours ago
2024-11-23T14:25:04.286-0800 [DEBUG] [org.gradle.cache.internal.DefaultCacheCoordinator] Cache VCS Checkout Cache (/Users/bclement/git/aerie-multimission-models-bb/.gradle/vcs-1) was closed 0 times.
2024-11-23T14:25:04.286-0800 [DEBUG] [org.gradle.cache.internal.DefaultCacheCoordinator] Cache VCS metadata (/Users/bclement/git/aerie-multimission-models-bb/.gradle/8.7/vcsMetadata) was closed 0 times.
2024-11-23T14:25:04.286-0800 [DEBUG] [org.gradle.cache.internal.LockOnDemandCrossProcessCacheAccess] Releasing file lock for checksums cache (/Users/bclement/git/aerie-multimission-models-bb/.gradle/8.7/checksums)
2024-11-23T14:25:04.287-0800 [DEBUG] [org.gradle.cache.internal.DefaultFileLockManager] Releasing lock on checksums cache (/Users/bclement/git/aerie-multimission-models-bb/.gradle/8.7/checksums).
2024-11-23T14:25:04.287-0800 [DEBUG] [org.gradle.cache.internal.DefaultCacheCoordinator] Cache Compressed Files Expansion Cache (/Users/bclement/git/aerie-multimission-models-bb/.gradle/8.7/expanded) was closed 0 times.
2024-11-23T14:25:04.287-0800 [DEBUG] [org.gradle.cache.internal.DefaultPersistentDirectoryStore] dependencies-accessors (/Users/bclement/git/aerie-multimission-models-bb/.gradle/8.7/dependencies-accessors) has last been fully cleaned up 0 hours ago
2024-11-23T14:25:04.287-0800 [DEBUG] [org.gradle.cache.internal.DefaultCacheCoordinator] Cache dependencies-accessors (/Users/bclement/git/aerie-multimission-models-bb/.gradle/8.7/dependencies-accessors) was closed 0 times.
2024-11-23T14:25:04.296-0800 [DEBUG] [org.gradle.launcher.daemon.server.exec.ExecuteBuild] The daemon has finished executing the build.
2024-11-23T14:25:04.308-0800 [DEBUG] [org.gradle.launcher.daemon.client.DaemonClientInputForwarder] Dispatching close input message: org.gradle.launcher.daemon.protocol.CloseInput@7c24728f
2024-11-23T14:25:04.308-0800 [DEBUG] [org.gradle.launcher.daemon.client.DaemonClientConnection] thread 31: dispatching class org.gradle.launcher.daemon.protocol.CloseInput
2024-11-23T14:25:04.309-0800 [DEBUG] [org.gradle.launcher.daemon.client.DaemonClient] Received result Success[value=org.gradle.launcher.exec.BuildActionResult@10fde30a] from daemon DaemonInfo{pid=72254, address=[b4dd20f6-a459-437c-90a1-1cb2318eef3b port:60350, addresses:[/127.0.0.1]], state=Idle, lastBusy=1732399969278, context=DefaultDaemonContext[uid=af7568cc-2e0e-4d32-8c89-9e645ce02d66,javaHome=/Users/bclement/.sdkman/candidates/java/21.0.2-tem,daemonRegistryDir=/Users/bclement/.gradle/daemon,pid=72254,idleTimeout=10800000,priority=NORMAL,applyInstrumentationAgent=true,daemonOpts=--add-exports,jdk.compiler/com.sun.tools.javac.api=ALL-UNNAMED,--add-exports,jdk.compiler/com.sun.tools.javac.file=ALL-UNNAMED,--add-exports,jdk.compiler/com.sun.tools.javac.parser=ALL-UNNAMED,--add-exports,jdk.compiler/com.sun.tools.javac.tree=ALL-UNNAMED,--add-exports,jdk.compiler/com.sun.tools.javac.util=ALL-UNNAMED,--add-opens=java.base/java.util=ALL-UNNAMED,--add-opens=java.base/java.lang=ALL-UNNAMED,--add-opens=java.base/java.lang.invoke=ALL-UNNAMED,--add-opens=java.prefs/java.util.prefs=ALL-UNNAMED,--add-opens=java.base/java.nio.charset=ALL-UNNAMED,--add-opens=java.base/java.net=ALL-UNNAMED,--add-opens=java.base/java.util.concurrent.atomic=ALL-UNNAMED,-Xmx20g,-Dfile.encoding=UTF-8,-Duser.country=US,-Duser.language=en,-Duser.variant]} (build should be done).
2024-11-23T14:25:04.309-0800 [DEBUG] [org.gradle.launcher.daemon.client.DaemonClientConnection] thread 1: dispatching class org.gradle.launcher.daemon.protocol.Finished
2024-11-23T14:25:04.309-0800 [DEBUG] [org.gradle.launcher.daemon.client.DaemonClientConnection] thread 1: connection stop
2024-11-23T14:25:04.312-0800 [LIFECYCLE] [org.gradle.launcher.cli.DebugLoggerWarningAction] 
#############################################################################
   WARNING WARNING WARNING WARNING WARNING WARNING WARNING WARNING WARNING

   Debug level logging will leak security sensitive information!

   For more details, please refer to https://docs.gradle.org/8.7/userguide/logging.html#sec:debug_security in the Gradle documentation.
#############################################################################

